{
"type": "FeatureCollection",
"name": "municipios_demo",
"crs": { "type": "name", "properties": { "name": "urn:ogc:def:crs:OGC:1.3:CRS84" } },
"features": [
{ "type": "Feature", "properties": { "CMUN": "04001", "NMUN": "Abla", "NPRO": "Almería", "CPRO": "04", "stroke": "#aaaaaa", "stroke-width": 0.7, "stroke-opacity": 0.45 }, "geometry": { "type": "LineString", "coordinates": [ [ -2.75903, 37.22671 ], [ -2.77559, 37.24559 ], [ -2.77745, 37.23835 ], [ -2.78365, 37.21345 ], [ -2.78012, 37.19741 ], [ -2.78504, 37.17942 ], [ -2.78903, 37.13713 ], [ -2.78441, 37.12223 ], [ -2.77004, 37.11798 ], [ -2.77355, 37.10406 ], [ -2.78452, 37.0935 ], [ -2.75773, 37.08524 ], [ -2.74951, 37.09124 ], [ -2.76018, 37.10103 ], [ -2.74897, 37.10967 ], [ -2.74828, 37.11822 ], [ -2.75584, 37.1244 ], [ -2.75062, 37.13305 ], [ -2.74972, 37.14559 ], [ -2.7417, 37.14964 ], [ -2.74347, 37.16348 ], [ -2.75212, 37.16677 ], [ -2.74889, 37.1889 ], [ -2.75337, 37.22152 ], [ -2.75903, 37.22671 ] ] } },
{ "type": "Feature", "properties": { "CMUN": "04002", "NMUN": "Abrucena", "NPRO": "Almería", "CPRO": "04", "stroke": "#aaaaaa", "stroke-width": 0.7, "stroke-opacity": 0.45 }, "geometry": { "type": "LineString", "coordinates": [ [ -2.78452, 37.0935 ], [ -2.77355, 37.10406 ], [ -2.77004, 37.11798 ], [ -2.78441, 37.12223 ], [ -2.78903, 37.13713 ], [ -2.78504, 37.17942 ], [ -2.78012, 37.19741 ], [ -2.78365, 37.21345 ], [ -2.77745, 37.23835 ], [ -2.7982, 37.22306 ], [ -2.80994, 37.21012 ], [ -2.80229, 37.19846 ], [ -2.80338, 37.17311 ], [ -2.80923, 37.16254 ], [ -2.82497, 37.15754 ], [ -2.83365, 37.1442 ], [ -2.84377, 37.14009 ], [ -2.86371, 37.14577 ], [ -2.88221, 37.14353 ], [ -2.8928, 37.13833 ], [ -2.89644, 37.12578 ], [ -2.89041, 37.11622 ], [ -2.88985, 37.09212 ], [ -2.87907, 37.09138 ], [ -2.8593, 37.08299 ], [ -2.85153, 37.08046 ], [ -2.83519, 37.07944 ], [ -2.81308, 37.08344 ], [ -2.80409, 37.08156 ], [ -2.79748, 37.09268 ], [ -2.78452, 37.0935 ] ] } },
{ "type": "Feature", "properties": { "CMUN": "04003", "NMUN": "Adra", "NPRO": "Almería", "CPRO": "04", "stroke": "#aaaaaa", "stroke-width": 0.7, "stroke-opacity": 0.45 }, "geometry": { "type": "LineString", "coordinates": [ [ -3.1287, 36.75089 ], [ -3.10918, 36.7504 ], [ -3.07139, 36.74567 ], [ -3.06136, 36.74717 ], [ -3.02236, 36.74706 ], [ -3.00839, 36.74154 ], [ -2.99175, 36.7439 ], [ -2.97709, 36.73813 ], [ -2.95085, 36.74777 ], [ -2.93162, 36.75079 ], [ -2.9302, 36.75326 ], [ -2.98979, 36.78295 ], [ -3.00156, 36.79027 ], [ -3.0186, 36.79292 ], [ -3.03234, 36.78809 ], [ -3.05176, 36.78857 ], [ -3.052, 36.80869 ], [ -3.06032, 36.81112 ], [ -3.07395, 36.82468 ], [ -3.09268, 36.80977 ], [ -3.14019, 36.78778 ], [ -3.13424, 36.7815 ], [ -3.13685, 36.76643 ], [ -3.1287, 36.75089 ] ] } },
{ "type": "Feature", "properties": { "CMUN": "04004", "NMUN": "Albanchez", "NPRO": "Almería", "CPRO": "04", "stroke": "#aaaaaa", "stroke-width": 0.7, "stroke-opacity": 0.45 }, "geometry": { "type": "LineString", "coordinates": [ [ -2.13363, 37.30337 ], [ -2.13895, 37.30288 ], [ -2.17885, 37.31671 ], [ -2.19269, 37.3184 ], [ -2.20217, 37.31223 ], [ -2.18863, 37.29392 ], [ -2.19574, 37.29003 ], [ -2.19662, 37.27776 ], [ -2.19683, 37.26858 ], [ -2.13548, 37.25093 ], [ -2.12189, 37.26691 ], [ -2.11913, 37.28015 ], [ -2.12545, 37.28217 ], [ -2.13113, 37.29961 ], [ -2.13363, 37.30337 ] ] } },
{ "type": "Feature", "properties": { "CMUN": "04005", "NMUN": "Alboloduy", "NPRO": "Almería", "CPRO": "04", "stroke": "#aaaaaa", "stroke-width": 0.7, "stroke-opacity": 0.45 }, "geometry": { "type": "LineString", "coordinates": [ [ -2.54319, 37.06265 ], [ -2.5578, 37.07635 ], [ -2.5637, 37.07748 ], [ -2.5935, 37.09933 ], [ -2.60518, 37.11136 ], [ -2.62942, 37.09213 ], [ -2.62905, 37.07852 ], [ -2.64391, 37.07106 ], [ -2.65836, 37.08319 ], [ -2.68975, 37.08214 ], [ -2.70078, 37.09673 ], [ -2.71288, 37.07817 ], [ -2.70332, 37.07266 ], [ -2.70332, 37.07266 ], [ -2.69144, 37.06838 ], [ -2.68426, 37.05265 ], [ -2.67206, 37.03467 ], [ -2.66252, 37.02697 ], [ -2.64603, 37.02717 ], [ -2.64228, 37.02313 ], [ -2.60917, 37.02229 ], [ -2.59648, 37.03796 ], [ -2.58459, 37.04386 ], [ -2.57615, 37.05949 ], [ -2.55448, 37.06683 ], [ -2.54319, 37.06265 ] ] } },
{ "type": "Feature", "properties": { "CMUN": "04006", "NMUN": "Albox", "NPRO": "Almería", "CPRO": "04", "stroke": "#aaaaaa", "stroke-width": 0.7, "stroke-opacity": 0.45 }, "geometry": { "type": "LineString", "coordinates": [ [ -2.2164, 37.45225 ], [ -2.19054, 37.43224 ], [ -2.19222, 37.41416 ], [ -2.1853, 37.40223 ], [ -2.18364, 37.38239 ], [ -2.16219, 37.36939 ], [ -2.15778, 37.35954 ], [ -2.14595, 37.356 ], [ -2.132, 37.35866 ], [ -2.115, 37.36634 ], [ -2.10225, 37.38396 ], [ -2.06348, 37.42964 ], [ -2.05704, 37.44167 ], [ -2.08282, 37.45408 ], [ -2.09828, 37.46887 ], [ -2.08483, 37.4816 ], [ -2.08718, 37.50138 ], [ -2.09465, 37.50637 ], [ -2.09923, 37.52581 ], [ -2.09784, 37.53331 ], [ -2.12809, 37.54464 ], [ -2.15338, 37.54576 ], [ -2.16211, 37.53834 ], [ -2.17167, 37.5316 ], [ -2.1689, 37.51823 ], [ -2.17552, 37.50096 ], [ -2.19209, 37.46632 ], [ -2.2046, 37.45489 ], [ -2.2164, 37.45225 ] ] } },
{ "type": "Feature", "properties": { "CMUN": "04007", "NMUN": "Alcolea", "NPRO": "Almería", "CPRO": "04", "stroke": "#aaaaaa", "stroke-width": 0.7, "stroke-opacity": 0.45 }, "geometry": { "type": "LineString", "coordinates": [ [ -2.94189, 36.99571 ], [ -2.97062, 36.99747 ], [ -2.97849, 36.99266 ], [ -2.97842, 36.97385 ], [ -2.98615, 36.96824 ], [ -2.9905, 36.95818 ], [ -3.02219, 36.95408 ], [ -3.03221, 36.94229 ], [ -3.03132, 36.92458 ], [ -3.04589, 36.91987 ], [ -3.05586, 36.91184 ], [ -3.06452, 36.9117 ], [ -3.07193, 36.91929 ], [ -3.07051, 36.90118 ], [ -3.06076, 36.89214 ], [ -3.05664, 36.88506 ], [ -3.0356, 36.88488 ], [ -3.02741, 36.89121 ], [ -3.02595, 36.90499 ], [ -3.01082, 36.90879 ], [ -2.9944, 36.90702 ], [ -2.97773, 36.9153 ], [ -2.93857, 36.91988 ], [ -2.93694, 36.95817 ], [ -2.9404, 36.969 ], [ -2.94189, 36.99571 ] ] } },
{ "type": "Feature", "properties": { "CMUN": "04008", "NMUN": "Alcóntar", "NPRO": "Almería", "CPRO": "04", "stroke": "#aaaaaa", "stroke-width": 0.7, "stroke-opacity": 0.45 }, "geometry": { "type": "LineString", "coordinates": [ [ -2.61928, 37.24221 ], [ -2.59241, 37.27266 ], [ -2.58722, 37.28661 ], [ -2.58061, 37.29195 ], [ -2.57778, 37.30336 ], [ -2.59895, 37.30194 ], [ -2.5912, 37.32255 ], [ -2.57889, 37.33279 ], [ -2.57956, 37.34465 ], [ -2.59912, 37.35269 ], [ -2.60958, 37.36817 ], [ -2.595, 37.37987 ], [ -2.58778, 37.39619 ], [ -2.60821, 37.41107 ], [ -2.63562, 37.39421 ], [ -2.64202, 37.37337 ], [ -2.63529, 37.36547 ], [ -2.63729, 37.34333 ], [ -2.6546, 37.34061 ], [ -2.65345, 37.33237 ], [ -2.65174, 37.30899 ], [ -2.66443, 37.2869 ], [ -2.66171, 37.26668 ], [ -2.66751, 37.24952 ], [ -2.66629, 37.23809 ], [ -2.65763, 37.22892 ], [ -2.6507, 37.23513 ], [ -2.61928, 37.24221 ] ] } },
{ "type": "Feature", "properties": { "CMUN": "04009", "NMUN": "Alcudia de Monteagud", "NPRO": "Almería", "CPRO": "04", "stroke": "#aaaaaa", "stroke-width": 0.7, "stroke-opacity": 0.45 }, "geometry": { "type": "LineString", "coordinates": [ [ -2.23086, 37.26187 ], [ -2.24148, 37.2705 ], [ -2.24962, 37.27152 ], [ -2.24803, 37.26323 ], [ -2.25654, 37.24537 ], [ -2.27348, 37.24196 ], [ -2.28095, 37.23766 ], [ -2.26984, 37.22689 ], [ -2.27574, 37.21485 ], [ -2.27145, 37.20841 ], [ -2.25747, 37.20445 ], [ -2.24473, 37.2143 ], [ -2.2402, 37.22323 ], [ -2.24292, 37.23846 ], [ -2.23792, 37.24569 ], [ -2.23086, 37.26187 ] ] } },
{ "type": "Feature", "properties": { "CMUN": "04010", "NMUN": "Alhabia", "NPRO": "Almería", "CPRO": "04", "stroke": "#aaaaaa", "stroke-width": 0.7, "stroke-opacity": 0.45 }, "geometry": { "type": "LineString", "coordinates": [ [ -2.54252, 36.97485 ], [ -2.53621, 37.00191 ], [ -2.53837, 37.0168 ], [ -2.56009, 37.01251 ], [ -2.58262, 36.99812 ], [ -2.59703, 36.99498 ], [ -2.58293, 36.98 ], [ -2.54252, 36.97485 ] ] } },
{ "type": "Feature", "properties": { "CMUN": "04011", "NMUN": "Alhama de Almería", "NPRO": "Almería", "CPRO": "04", "stroke": "#aaaaaa", "stroke-width": 0.7, "stroke-opacity": 0.45 }, "geometry": { "type": "LineString", "coordinates": [ [ -2.57764, 36.92165 ], [ -2.55829, 36.93074 ], [ -2.55124, 36.94791 ], [ -2.53743, 36.95987 ], [ -2.54252, 36.97485 ], [ -2.58293, 36.98 ], [ -2.58093, 36.96585 ], [ -2.58673, 36.95072 ], [ -2.59688, 36.94502 ], [ -2.612, 36.92486 ], [ -2.612, 36.92486 ], [ -2.60681, 36.90773 ], [ -2.58102, 36.91434 ], [ -2.57764, 36.92165 ] ] } },
{ "type": "Feature", "properties": { "CMUN": "04012", "NMUN": "Alicún", "NPRO": "Almería", "CPRO": "04", "stroke": "#aaaaaa", "stroke-width": 0.7, "stroke-opacity": 0.45 }, "geometry": { "type": "LineString", "coordinates": [ [ -2.59688, 36.94502 ], [ -2.59547, 36.95982 ], [ -2.5899, 36.97148 ], [ -2.59834, 36.97579 ], [ -2.60641, 36.96862 ], [ -2.60077, 36.95672 ], [ -2.61676, 36.93962 ], [ -2.61864, 36.92936 ], [ -2.612, 36.92486 ], [ -2.59688, 36.94502 ] ] } },
{ "type": "Feature", "properties": { "CMUN": "04013", "NMUN": "Almería", "NPRO": "Almería", "CPRO": "04", "stroke": "#aaaaaa", "stroke-width": 0.7, "stroke-opacity": 0.45 }, "geometry": { "type": "LineString", "coordinates": [ [ -2.52518, 36.82452 ], [ -2.50191, 36.82488 ], [ -2.48624, 36.83386 ], [ -2.47497, 36.83682 ], [ -2.45858, 36.83107 ], [ -2.42512, 36.81104 ], [ -2.40628, 36.82513 ], [ -2.36812, 36.84146 ], [ -2.33056, 36.83717 ], [ -2.30766, 36.82841 ], [ -2.2869, 36.81631 ], [ -2.2594, 36.79391 ], [ -2.23376, 36.76774 ], [ -2.20229, 36.73045 ], [ -2.20715, 36.73724 ], [ -2.20648, 36.74914 ], [ -2.21477, 36.77196 ], [ -2.22317, 36.77691 ], [ -2.23266, 36.79812 ], [ -2.22793, 36.81345 ], [ -2.21614, 36.8334 ], [ -2.2022, 36.86331 ], [ -2.22082, 36.87784 ], [ -2.24401, 36.90917 ], [ -2.25874, 36.91597 ], [ -2.27828, 36.9418 ], [ -2.28819, 36.94883 ], [ -2.29867, 36.96657 ], [ -2.29956, 36.99299 ], [ -2.30354, 36.99762 ], [ -2.31067, 37.00001 ], [ -2.35748, 36.98896 ], [ -2.35484, 36.98047 ], [ -2.35753, 36.9672 ], [ -2.36848, 36.94443 ], [ -2.38008, 36.92699 ], [ -2.37088, 36.92193 ], [ -2.36741, 36.91209 ], [ -2.37064, 36.89238 ], [ -2.38876, 36.87985 ], [ -2.42095, 36.86617 ], [ -2.4257, 36.86609 ], [ -2.44793, 36.86612 ], [ -2.4508, 36.87326 ], [ -2.46106, 36.87638 ], [ -2.50003, 36.8792 ], [ -2.50455, 36.88537 ], [ -2.52093, 36.89508 ], [ -2.53317, 36.8821 ], [ -2.53605, 36.87105 ], [ -2.54445, 36.86329 ], [ -2.54233, 36.84816 ], [ -2.52518, 36.82452 ] ] } },
{ "type": "Feature", "properties": { "CMUN": "04014", "NMUN": "Almócita", "NPRO": "Almería", "CPRO": "04", "stroke": "#aaaaaa", "stroke-width": 0.7, "stroke-opacity": 0.45 }, "geometry": { "type": "LineString", "coordinates": [ [ -2.82766, 36.91251 ], [ -2.81813, 36.92375 ], [ -2.80994, 36.91857 ], [ -2.7982, 36.919 ], [ -2.79475, 36.93347 ], [ -2.777, 36.9534 ], [ -2.78009, 36.98601 ], [ -2.78405, 37.00461 ], [ -2.79159, 37.00827 ], [ -2.81002, 37.00951 ], [ -2.82382, 37.00629 ], [ -2.81821, 36.99797 ], [ -2.82315, 36.98688 ], [ -2.82341, 36.98615 ], [ -2.81313, 36.98081 ], [ -2.81353, 36.97342 ], [ -2.8224, 36.95842 ], [ -2.81788, 36.9434 ], [ -2.82972, 36.92043 ], [ -2.82766, 36.91251 ] ] } },
{ "type": "Feature", "properties": { "CMUN": "04015", "NMUN": "Alsodux", "NPRO": "Almería", "CPRO": "04", "stroke": "#aaaaaa", "stroke-width": 0.7, "stroke-opacity": 0.45 }, "geometry": { "type": "MultiLineString", "coordinates": [ [ [ -2.59703, 36.99498 ], [ -2.58262, 36.99812 ], [ -2.56009, 37.01251 ], [ -2.53837, 37.0168 ], [ -2.5379, 37.03275 ], [ -2.5337, 37.04156 ], [ -2.55651, 37.04081 ], [ -2.58825, 37.02423 ], [ -2.59411, 37.01316 ], [ -2.61423, 37.00679 ], [ -2.61336, 37.00478 ], [ -2.59703, 36.99498 ] ], [ [ -2.68373, 37.03687 ], [ -2.67206, 37.03467 ], [ -2.68426, 37.05265 ], [ -2.69144, 37.06838 ], [ -2.70332, 37.07266 ], [ -2.69183, 37.04809 ], [ -2.68373, 37.03687 ] ] ] } },
{ "type": "Feature", "properties": { "CMUN": "04016", "NMUN": "Antas", "NPRO": "Almería", "CPRO": "04", "stroke": "#aaaaaa", "stroke-width": 0.7, "stroke-opacity": 0.45 }, "geometry": { "type": "LineString", "coordinates": [ [ -1.91848, 37.19175 ], [ -1.89944, 37.20754 ], [ -1.88719, 37.22116 ], [ -1.89192, 37.23356 ], [ -1.89159, 37.27104 ], [ -1.90604, 37.27348 ], [ -1.93198, 37.28637 ], [ -1.94832, 37.30047 ], [ -1.95829, 37.29962 ], [ -1.96935, 37.30453 ], [ -2.02373, 37.29644 ], [ -2.04102, 37.28958 ], [ -2.03212, 37.28406 ], [ -2.02976, 37.26946 ], [ -2.00907, 37.25755 ], [ -1.99044, 37.2368 ], [ -1.98281, 37.2252 ], [ -1.95633, 37.20684 ], [ -1.92532, 37.19011 ], [ -1.91848, 37.19175 ] ] } },
{ "type": "Feature", "properties": { "CMUN": "04017", "NMUN": "Arboleas", "NPRO": "Almería", "CPRO": "04", "stroke": "#aaaaaa", "stroke-width": 0.7, "stroke-opacity": 0.45 }, "geometry": { "type": "LineString", "coordinates": [ [ -2.0309, 37.4307 ], [ -2.05704, 37.44167 ], [ -2.06348, 37.42964 ], [ -2.10225, 37.38396 ], [ -2.115, 37.36634 ], [ -2.10696, 37.34587 ], [ -2.11019, 37.33442 ], [ -2.12122, 37.31901 ], [ -2.12686, 37.31807 ], [ -2.13363, 37.30337 ], [ -2.13113, 37.29961 ], [ -2.11296, 37.29678 ], [ -2.1074, 37.28508 ], [ -2.09123, 37.28504 ], [ -2.07059, 37.2954 ], [ -2.06967, 37.30813 ], [ -2.06413, 37.31345 ], [ -2.06029, 37.3506 ], [ -2.0526, 37.36864 ], [ -2.05873, 37.37632 ], [ -2.05954, 37.39012 ], [ -2.0489, 37.41897 ], [ -2.04263, 37.42784 ], [ -2.0309, 37.4307 ] ] } },
{ "type": "Feature", "properties": { "CMUN": "04018", "NMUN": "Armuña de Almanzora", "NPRO": "Almería", "CPRO": "04", "stroke": "#aaaaaa", "stroke-width": 0.7, "stroke-opacity": 0.45 }, "geometry": { "type": "LineString", "coordinates": [ [ -2.40354, 37.36963 ], [ -2.41951, 37.3725 ], [ -2.44067, 37.36642 ], [ -2.42275, 37.35572 ], [ -2.42164, 37.34179 ], [ -2.4199, 37.33424 ], [ -2.41408, 37.33671 ], [ -2.39642, 37.34399 ], [ -2.40996, 37.35493 ], [ -2.40354, 37.36963 ] ] } },
{ "type": "Feature", "properties": { "CMUN": "04019", "NMUN": "Bacares", "NPRO": "Almería", "CPRO": "04", "stroke": "#aaaaaa", "stroke-width": 0.7, "stroke-opacity": 0.45 }, "geometry": { "type": "LineString", "coordinates": [ [ -2.41005, 37.2876 ], [ -2.44271, 37.29556 ], [ -2.46275, 37.29581 ], [ -2.47743, 37.28894 ], [ -2.49889, 37.28062 ], [ -2.53609, 37.27021 ], [ -2.55977, 37.25758 ], [ -2.565, 37.25149 ], [ -2.55139, 37.2412 ], [ -2.54881, 37.22177 ], [ -2.53037, 37.22009 ], [ -2.52526, 37.2147 ], [ -2.50036, 37.209 ], [ -2.4773, 37.21253 ], [ -2.4654, 37.21768 ], [ -2.45634, 37.21622 ], [ -2.43858, 37.22264 ], [ -2.42021, 37.22508 ], [ -2.4065, 37.24625 ], [ -2.40295, 37.26456 ], [ -2.41005, 37.2876 ] ] } },
{ "type": "Feature", "properties": { "CMUN": "04020", "NMUN": "Bayárcal", "NPRO": "Almería", "CPRO": "04", "stroke": "#aaaaaa", "stroke-width": 0.7, "stroke-opacity": 0.45 }, "geometry": { "type": "LineString", "coordinates": [ [ -3.01501, 37.11328 ], [ -3.02958, 37.11325 ], [ -3.02198, 37.09891 ], [ -3.02393, 37.08442 ], [ -3.01776, 37.07064 ], [ -3.01623, 37.05221 ], [ -3.00771, 37.03892 ], [ -3.0055, 37.02294 ], [ -2.99894, 37.01222 ], [ -2.98251, 37.00597 ], [ -2.97849, 36.99266 ], [ -2.97062, 36.99747 ], [ -2.96472, 37.00056 ], [ -2.96617, 37.02139 ], [ -2.97676, 37.0556 ], [ -2.97716, 37.07441 ], [ -2.98417, 37.09305 ], [ -2.99649, 37.09572 ], [ -3.00394, 37.09711 ], [ -3.01501, 37.11328 ] ] } },
{ "type": "Feature", "properties": { "CMUN": "04021", "NMUN": "Bayarque", "NPRO": "Almería", "CPRO": "04", "stroke": "#aaaaaa", "stroke-width": 0.7, "stroke-opacity": 0.45 }, "geometry": { "type": "LineString", "coordinates": [ [ -2.42164, 37.34179 ], [ -2.43321, 37.33533 ], [ -2.45011, 37.33725 ], [ -2.47903, 37.33685 ], [ -2.48181, 37.327 ], [ -2.48153, 37.30811 ], [ -2.47743, 37.28894 ], [ -2.46275, 37.29581 ], [ -2.44271, 37.29556 ], [ -2.41005, 37.2876 ], [ -2.42171, 37.32202 ], [ -2.4199, 37.33424 ], [ -2.42164, 37.34179 ] ] } },
{ "type": "Feature", "properties": { "CMUN": "04022", "NMUN": "Bédar", "NPRO": "Almería", "CPRO": "04", "stroke": "#aaaaaa", "stroke-width": 0.7, "stroke-opacity": 0.45 }, "geometry": { "type": "LineString", "coordinates": [ [ -1.98281, 37.2252 ], [ -2.01119, 37.19895 ], [ -2.01929, 37.19397 ], [ -2.03102, 37.16656 ], [ -2.03837, 37.16033 ], [ -2.02913, 37.13414 ], [ -2.00889, 37.11938 ], [ -2.00602, 37.12552 ], [ -2.01874, 37.13931 ], [ -1.99922, 37.15118 ], [ -1.96017, 37.15675 ], [ -1.95158, 37.17635 ], [ -1.95066, 37.19788 ], [ -1.95633, 37.20684 ], [ -1.98281, 37.2252 ] ] } },
{ "type": "Feature", "properties": { "CMUN": "04023", "NMUN": "Beires", "NPRO": "Almería", "CPRO": "04", "stroke": "#aaaaaa", "stroke-width": 0.7, "stroke-opacity": 0.45 }, "geometry": { "type": "LineString", "coordinates": [ [ -2.77926, 37.04282 ], [ -2.77941, 37.05011 ], [ -2.79964, 37.07859 ], [ -2.80409, 37.08156 ], [ -2.81308, 37.08344 ], [ -2.83519, 37.07944 ], [ -2.85153, 37.08046 ], [ -2.8372, 37.06384 ], [ -2.82965, 37.04243 ], [ -2.83353, 37.02584 ], [ -2.82382, 37.00629 ], [ -2.81002, 37.00951 ], [ -2.79159, 37.00827 ], [ -2.78405, 37.00461 ], [ -2.76898, 37.01842 ], [ -2.77303, 37.02192 ], [ -2.77926, 37.04282 ] ] } },
{ "type": "Feature", "properties": { "CMUN": "04024", "NMUN": "Benahadux", "NPRO": "Almería", "CPRO": "04", "stroke": "#aaaaaa", "stroke-width": 0.7, "stroke-opacity": 0.45 }, "geometry": { "type": "LineString", "coordinates": [ [ -2.44419, 36.90448 ], [ -2.4495, 36.93067 ], [ -2.46546, 36.9408 ], [ -2.4982, 36.91728 ], [ -2.51115, 36.90126 ], [ -2.52093, 36.89508 ], [ -2.50668, 36.89978 ], [ -2.49154, 36.89887 ], [ -2.46469, 36.90366 ], [ -2.44419, 36.90448 ] ] } },
{ "type": "Feature", "properties": { "CMUN": "04026", "NMUN": "Benitagla", "NPRO": "Almería", "CPRO": "04", "stroke": "#aaaaaa", "stroke-width": 0.7, "stroke-opacity": 0.45 }, "geometry": { "type": "LineString", "coordinates": [ [ -2.20083, 37.2377 ], [ -2.21905, 37.23686 ], [ -2.22372, 37.25008 ], [ -2.23792, 37.24569 ], [ -2.24292, 37.23846 ], [ -2.2402, 37.22323 ], [ -2.2079, 37.22908 ], [ -2.20083, 37.2377 ] ] } },
{ "type": "Feature", "properties": { "CMUN": "04027", "NMUN": "Benizalón", "NPRO": "Almería", "CPRO": "04", "stroke": "#aaaaaa", "stroke-width": 0.7, "stroke-opacity": 0.45 }, "geometry": { "type": "LineString", "coordinates": [ [ -2.15728, 37.21666 ], [ -2.16482, 37.22419 ], [ -2.20083, 37.2377 ], [ -2.2079, 37.22908 ], [ -2.2402, 37.22323 ], [ -2.24473, 37.2143 ], [ -2.25747, 37.20445 ], [ -2.25561, 37.19067 ], [ -2.23992, 37.17807 ], [ -2.23722, 37.16592 ], [ -2.2272, 37.15632 ], [ -2.21591, 37.16468 ], [ -2.20707, 37.19877 ], [ -2.20679, 37.21042 ], [ -2.18198, 37.21337 ], [ -2.17812, 37.21055 ], [ -2.15728, 37.21666 ] ] } },
{ "type": "Feature", "properties": { "CMUN": "04028", "NMUN": "Bentarique", "NPRO": "Almería", "CPRO": "04", "stroke": "#aaaaaa", "stroke-width": 0.7, "stroke-opacity": 0.45 }, "geometry": { "type": "MultiLineString", "coordinates": [ [ [ -2.66731, 36.92707 ], [ -2.65787, 36.93943 ], [ -2.64771, 36.94691 ], [ -2.65644, 36.94911 ], [ -2.67772, 36.94595 ], [ -2.68167, 36.93614 ], [ -2.69953, 36.93646 ], [ -2.69937, 36.9226 ], [ -2.69164, 36.91411 ], [ -2.69418, 36.92613 ], [ -2.68228, 36.93331 ], [ -2.66731, 36.92707 ] ], [ [ -2.61336, 37.00478 ], [ -2.61423, 37.00679 ], [ -2.63281, 37.01467 ], [ -2.632, 36.99311 ], [ -2.62627, 36.9748 ], [ -2.61635, 36.97863 ], [ -2.6109, 36.98624 ], [ -2.61336, 37.00478 ] ] ] } },
{ "type": "Feature", "properties": { "CMUN": "04029", "NMUN": "Berja", "NPRO": "Almería", "CPRO": "04", "stroke": "#aaaaaa", "stroke-width": 0.7, "stroke-opacity": 0.45 }, "geometry": { "type": "LineString", "coordinates": [ [ -2.90206, 36.80189 ], [ -2.90578, 36.81967 ], [ -2.91068, 36.8282 ], [ -2.90032, 36.84741 ], [ -2.86904, 36.87179 ], [ -2.85953, 36.88276 ], [ -2.858, 36.89333 ], [ -2.84617, 36.90631 ], [ -2.88096, 36.90501 ], [ -2.89788, 36.91308 ], [ -2.90717, 36.91108 ], [ -2.91478, 36.91889 ], [ -2.93857, 36.91988 ], [ -2.97773, 36.9153 ], [ -2.9944, 36.90702 ], [ -3.01082, 36.90879 ], [ -3.02595, 36.90499 ], [ -3.02741, 36.89121 ], [ -3.0356, 36.88488 ], [ -3.05664, 36.88506 ], [ -3.04327, 36.87912 ], [ -3.03208, 36.86094 ], [ -3.02901, 36.84444 ], [ -3.04329, 36.8317 ], [ -3.07395, 36.82468 ], [ -3.06032, 36.81112 ], [ -3.052, 36.80869 ], [ -3.05176, 36.78857 ], [ -3.03234, 36.78809 ], [ -3.0186, 36.79292 ], [ -3.00156, 36.79027 ], [ -2.98979, 36.78295 ], [ -2.94312, 36.7992 ], [ -2.92071, 36.80213 ], [ -2.90206, 36.80189 ] ] } },
{ "type": "Feature", "properties": { "CMUN": "04030", "NMUN": "Canjáyar", "NPRO": "Almería", "CPRO": "04", "stroke": "#aaaaaa", "stroke-width": 0.7, "stroke-opacity": 0.45 }, "geometry": { "type": "LineString", "coordinates": [ [ -2.71793, 36.95601 ], [ -2.71505, 36.97863 ], [ -2.70943, 36.98339 ], [ -2.70399, 36.99886 ], [ -2.70394, 37.01447 ], [ -2.69875, 37.01743 ], [ -2.70538, 37.06054 ], [ -2.70332, 37.07266 ], [ -2.71288, 37.07817 ], [ -2.73426, 37.08374 ], [ -2.72752, 37.071 ], [ -2.73622, 37.02485 ], [ -2.75826, 37.02845 ], [ -2.77926, 37.04282 ], [ -2.77303, 37.02192 ], [ -2.76898, 37.01842 ], [ -2.75964, 37.0053 ], [ -2.74824, 36.99714 ], [ -2.74721, 36.97989 ], [ -2.75638, 36.9542 ], [ -2.77231, 36.93512 ], [ -2.77192, 36.90549 ], [ -2.76816, 36.89155 ], [ -2.75552, 36.89878 ], [ -2.74487, 36.92139 ], [ -2.7382, 36.92442 ], [ -2.71793, 36.95601 ] ] } },
{ "type": "Feature", "properties": { "CMUN": "04031", "NMUN": "Cantoria", "NPRO": "Almería", "CPRO": "04", "stroke": "#aaaaaa", "stroke-width": 0.7, "stroke-opacity": 0.45 }, "geometry": { "type": "MultiLineString", "coordinates": [ [ [ -2.11913, 37.28015 ], [ -2.1074, 37.28508 ], [ -2.11296, 37.29678 ], [ -2.13113, 37.29961 ], [ -2.12545, 37.28217 ], [ -2.11913, 37.28015 ] ], [ [ -2.13363, 37.30337 ], [ -2.12686, 37.31807 ], [ -2.12122, 37.31901 ], [ -2.11019, 37.33442 ], [ -2.10696, 37.34587 ], [ -2.115, 37.36634 ], [ -2.132, 37.35866 ], [ -2.14595, 37.356 ], [ -2.15778, 37.35954 ], [ -2.16219, 37.36939 ], [ -2.18364, 37.38239 ], [ -2.21485, 37.38099 ], [ -2.23942, 37.37246 ], [ -2.25205, 37.37331 ], [ -2.24459, 37.36007 ], [ -2.25059, 37.35336 ], [ -2.24132, 37.33868 ], [ -2.24543, 37.33374 ], [ -2.24314, 37.32148 ], [ -2.24314, 37.32148 ], [ -2.24037, 37.31535 ], [ -2.20217, 37.31223 ], [ -2.19269, 37.3184 ], [ -2.17885, 37.31671 ], [ -2.13895, 37.30288 ], [ -2.13363, 37.30337 ] ] ] } },
{ "type": "Feature", "properties": { "CMUN": "04032", "NMUN": "Carboneras", "NPRO": "Almería", "CPRO": "04", "stroke": "#aaaaaa", "stroke-width": 0.7, "stroke-opacity": 0.45 }, "geometry": { "type": "LineString", "coordinates": [ [ -1.92525, 36.93803 ], [ -1.91426, 36.93464 ], [ -1.90378, 36.9379 ], [ -1.8975, 36.9498 ], [ -1.90134, 36.98084 ], [ -1.8992, 36.99142 ], [ -1.88942, 36.99596 ], [ -1.88854, 37.00587 ], [ -1.87767, 37.01477 ], [ -1.87977, 37.02511 ], [ -1.87239, 37.03932 ], [ -1.86314, 37.04556 ], [ -1.8805, 37.0444 ], [ -1.888, 37.03932 ], [ -1.90854, 37.03993 ], [ -1.91563, 37.05149 ], [ -1.93458, 37.05327 ], [ -1.95532, 37.05157 ], [ -1.97063, 37.04696 ], [ -1.9955, 37.04455 ], [ -1.99388, 37.00213 ], [ -2.00379, 36.9843 ], [ -2.01587, 36.9798 ], [ -2.01909, 36.97672 ], [ -1.98159, 36.96985 ], [ -1.95947, 36.97396 ], [ -1.93411, 36.96305 ], [ -1.92525, 36.93803 ] ] } },
{ "type": "Feature", "properties": { "CMUN": "04033", "NMUN": "Castro de Filabres", "NPRO": "Almería", "CPRO": "04", "stroke": "#aaaaaa", "stroke-width": 0.7, "stroke-opacity": 0.45 }, "geometry": { "type": "LineString", "coordinates": [ [ -2.45634, 37.21622 ], [ -2.4654, 37.21768 ], [ -2.4773, 37.21253 ], [ -2.50036, 37.209 ], [ -2.49848, 37.20131 ], [ -2.48718, 37.19469 ], [ -2.47176, 37.19553 ], [ -2.46424, 37.18811 ], [ -2.45999, 37.16905 ], [ -2.44814, 37.14168 ], [ -2.44353, 37.12897 ], [ -2.42239, 37.13644 ], [ -2.42708, 37.14822 ], [ -2.42632, 37.18113 ], [ -2.43229, 37.19828 ], [ -2.45634, 37.21622 ] ] } },
{ "type": "Feature", "properties": { "CMUN": "04034", "NMUN": "Cóbdar", "NPRO": "Almería", "CPRO": "04", "stroke": "#aaaaaa", "stroke-width": 0.7, "stroke-opacity": 0.45 }, "geometry": { "type": "LineString", "coordinates": [ [ -2.19662, 37.27776 ], [ -2.21848, 37.27829 ], [ -2.23086, 37.26187 ], [ -2.23792, 37.24569 ], [ -2.22372, 37.25008 ], [ -2.21905, 37.23686 ], [ -2.20083, 37.2377 ], [ -2.16482, 37.22419 ], [ -2.15728, 37.21666 ], [ -2.15527, 37.21558 ], [ -2.15527, 37.21558 ], [ -2.14321, 37.22662 ], [ -2.1418, 37.23948 ], [ -2.13548, 37.25093 ], [ -2.19683, 37.26858 ], [ -2.19662, 37.27776 ] ] } },
{ "type": "Feature", "properties": { "CMUN": "04035", "NMUN": "Cuevas del Almanzora", "NPRO": "Almería", "CPRO": "04", "stroke": "#aaaaaa", "stroke-width": 0.7, "stroke-opacity": 0.45 }, "geometry": { "type": "LineString", "coordinates": [ [ -1.79632, 37.22939 ], [ -1.7836, 37.23372 ], [ -1.75831, 37.2633 ], [ -1.74858, 37.26828 ], [ -1.72097, 37.29584 ], [ -1.7076, 37.3042 ], [ -1.69111, 37.3353 ], [ -1.7222, 37.36487 ], [ -1.75515, 37.3815 ], [ -1.78034, 37.3976 ], [ -1.82485, 37.42068 ], [ -1.84208, 37.40662 ], [ -1.84488, 37.38679 ], [ -1.89991, 37.36259 ], [ -1.94832, 37.30047 ], [ -1.93198, 37.28637 ], [ -1.90604, 37.27348 ], [ -1.89159, 37.27104 ], [ -1.8682, 37.26741 ], [ -1.84214, 37.25887 ], [ -1.81485, 37.24461 ], [ -1.79632, 37.22939 ] ] } },
{ "type": "Feature", "properties": { "CMUN": "04036", "NMUN": "Chercos", "NPRO": "Almería", "CPRO": "04", "stroke": "#aaaaaa", "stroke-width": 0.7, "stroke-opacity": 0.45 }, "geometry": { "type": "LineString", "coordinates": [ [ -2.24962, 37.27152 ], [ -2.25638, 37.27301 ], [ -2.27064, 37.28476 ], [ -2.29423, 37.27639 ], [ -2.29775, 37.26577 ], [ -2.27563, 37.24788 ], [ -2.27348, 37.24196 ], [ -2.25654, 37.24537 ], [ -2.24803, 37.26323 ], [ -2.24962, 37.27152 ] ] } },
{ "type": "Feature", "properties": { "CMUN": "04037", "NMUN": "Chirivel", "NPRO": "Almería", "CPRO": "04", "stroke": "#aaaaaa", "stroke-width": 0.7, "stroke-opacity": 0.45 }, "geometry": { "type": "LineString", "coordinates": [ [ -2.15338, 37.54576 ], [ -2.16579, 37.55906 ], [ -2.17433, 37.59403 ], [ -2.1831, 37.60108 ], [ -2.18759, 37.6296 ], [ -2.19967, 37.64227 ], [ -2.20173, 37.65248 ], [ -2.19965, 37.66969 ], [ -2.22829, 37.66944 ], [ -2.24071, 37.66678 ], [ -2.28687, 37.67212 ], [ -2.32346, 37.66544 ], [ -2.31995, 37.64809 ], [ -2.30874, 37.63516 ], [ -2.31582, 37.62219 ], [ -2.34175, 37.62378 ], [ -2.34543, 37.62922 ], [ -2.36377, 37.62147 ], [ -2.37365, 37.62905 ], [ -2.39127, 37.63248 ], [ -2.38879, 37.618 ], [ -2.37598, 37.61226 ], [ -2.36789, 37.59157 ], [ -2.36981, 37.58101 ], [ -2.36746, 37.56304 ], [ -2.3743, 37.55735 ], [ -2.35573, 37.54699 ], [ -2.30779, 37.55549 ], [ -2.28575, 37.55414 ], [ -2.26842, 37.55622 ], [ -2.25992, 37.55007 ], [ -2.24486, 37.55697 ], [ -2.24018, 37.55405 ], [ -2.21496, 37.55257 ], [ -2.20079, 37.54484 ], [ -2.16211, 37.53834 ], [ -2.15338, 37.54576 ] ] } },
{ "type": "Feature", "properties": { "CMUN": "04038", "NMUN": "Dalías", "NPRO": "Almería", "CPRO": "04", "stroke": "#aaaaaa", "stroke-width": 0.7, "stroke-opacity": 0.45 }, "geometry": { "type": "LineString", "coordinates": [ [ -2.89853, 36.78079 ], [ -2.88076, 36.78488 ], [ -2.87205, 36.79119 ], [ -2.86222, 36.78407 ], [ -2.84793, 36.80064 ], [ -2.83894, 36.79976 ], [ -2.83031, 36.80878 ], [ -2.818, 36.80759 ], [ -2.79608, 36.81269 ], [ -2.79167, 36.82137 ], [ -2.76422, 36.81776 ], [ -2.7519, 36.81862 ], [ -2.72552, 36.81574 ], [ -2.72058, 36.82853 ], [ -2.73928, 36.84684 ], [ -2.7504, 36.86133 ], [ -2.77657, 36.88146 ], [ -2.76816, 36.89155 ], [ -2.77192, 36.90549 ], [ -2.7982, 36.919 ], [ -2.80994, 36.91857 ], [ -2.81813, 36.92375 ], [ -2.82766, 36.91251 ], [ -2.83169, 36.90259 ], [ -2.84617, 36.90631 ], [ -2.858, 36.89333 ], [ -2.85953, 36.88276 ], [ -2.86904, 36.87179 ], [ -2.90032, 36.84741 ], [ -2.91068, 36.8282 ], [ -2.90578, 36.81967 ], [ -2.90206, 36.80189 ], [ -2.89853, 36.78079 ] ] } },
{ "type": "Feature", "properties": { "CMUN": "04041", "NMUN": "Enix", "NPRO": "Almería", "CPRO": "04", "stroke": "#aaaaaa", "stroke-width": 0.7, "stroke-opacity": 0.45 }, "geometry": { "type": "LineString", "coordinates": [ [ -2.57201, 36.91727 ], [ -2.57764, 36.92165 ], [ -2.58102, 36.91434 ], [ -2.60681, 36.90773 ], [ -2.63471, 36.91693 ], [ -2.66243, 36.91574 ], [ -2.68048, 36.91903 ], [ -2.69164, 36.91411 ], [ -2.65895, 36.90434 ], [ -2.64807, 36.89344 ], [ -2.63857, 36.87789 ], [ -2.63649, 36.86632 ], [ -2.6291, 36.8525 ], [ -2.61507, 36.84089 ], [ -2.61011, 36.85355 ], [ -2.59086, 36.8472 ], [ -2.58052, 36.83662 ], [ -2.56996, 36.8426 ], [ -2.55236, 36.82038 ], [ -2.55379, 36.81752 ], [ -2.53352, 36.81865 ], [ -2.52518, 36.82452 ], [ -2.54233, 36.84816 ], [ -2.54445, 36.86329 ], [ -2.56407, 36.87335 ], [ -2.56845, 36.91327 ], [ -2.57201, 36.91727 ] ] } },
{ "type": "Feature", "properties": { "CMUN": "04043", "NMUN": "Felix", "NPRO": "Almería", "CPRO": "04", "stroke": "#aaaaaa", "stroke-width": 0.7, "stroke-opacity": 0.45 }, "geometry": { "type": "LineString", "coordinates": [ [ -2.69164, 36.91411 ], [ -2.6957, 36.91671 ], [ -2.72038, 36.91453 ], [ -2.7382, 36.92442 ], [ -2.74487, 36.92139 ], [ -2.75552, 36.89878 ], [ -2.76816, 36.89155 ], [ -2.77657, 36.88146 ], [ -2.7504, 36.86133 ], [ -2.73622, 36.86723 ], [ -2.72387, 36.85296 ], [ -2.70953, 36.84235 ], [ -2.70016, 36.84177 ], [ -2.7017, 36.82185 ], [ -2.68736, 36.81884 ], [ -2.67782, 36.82408 ], [ -2.67473, 36.83386 ], [ -2.66679, 36.83899 ], [ -2.6291, 36.8525 ], [ -2.63649, 36.86632 ], [ -2.63857, 36.87789 ], [ -2.64807, 36.89344 ], [ -2.65895, 36.90434 ], [ -2.69164, 36.91411 ], [ -2.69164, 36.91411 ] ] } },
{ "type": "Feature", "properties": { "CMUN": "04044", "NMUN": "Fines", "NPRO": "Almería", "CPRO": "04", "stroke": "#aaaaaa", "stroke-width": 0.7, "stroke-opacity": 0.45 }, "geometry": { "type": "LineString", "coordinates": [ [ -2.2858, 37.41216 ], [ -2.29524, 37.41066 ], [ -2.28823, 37.40104 ], [ -2.28634, 37.36916 ], [ -2.27984, 37.33927 ], [ -2.24314, 37.32148 ], [ -2.24543, 37.33374 ], [ -2.24132, 37.33868 ], [ -2.25059, 37.35336 ], [ -2.24459, 37.36007 ], [ -2.25205, 37.37331 ], [ -2.2559, 37.38456 ], [ -2.27003, 37.39835 ], [ -2.27999, 37.40227 ], [ -2.2858, 37.41216 ] ] } },
{ "type": "Feature", "properties": { "CMUN": "04045", "NMUN": "Fiñana", "NPRO": "Almería", "CPRO": "04", "stroke": "#aaaaaa", "stroke-width": 0.7, "stroke-opacity": 0.45 }, "geometry": { "type": "LineString", "coordinates": [ [ -2.88985, 37.09212 ], [ -2.89041, 37.11622 ], [ -2.89644, 37.12578 ], [ -2.8928, 37.13833 ], [ -2.88221, 37.14353 ], [ -2.86371, 37.14577 ], [ -2.84377, 37.14009 ], [ -2.83365, 37.1442 ], [ -2.82497, 37.15754 ], [ -2.80923, 37.16254 ], [ -2.80338, 37.17311 ], [ -2.80229, 37.19846 ], [ -2.80994, 37.21012 ], [ -2.7982, 37.22306 ], [ -2.77745, 37.23835 ], [ -2.77559, 37.24559 ], [ -2.779, 37.26266 ], [ -2.79449, 37.26336 ], [ -2.81711, 37.27235 ], [ -2.83037, 37.28009 ], [ -2.85114, 37.27612 ], [ -2.85911, 37.25048 ], [ -2.86943, 37.24556 ], [ -2.87496, 37.23146 ], [ -2.87285, 37.22018 ], [ -2.88027, 37.20395 ], [ -2.87921, 37.19315 ], [ -2.88903, 37.18156 ], [ -2.8953, 37.16705 ], [ -2.92774, 37.15755 ], [ -2.93375, 37.13531 ], [ -2.9409, 37.13066 ], [ -2.94288, 37.11177 ], [ -2.94896, 37.09655 ], [ -2.93974, 37.09687 ], [ -2.92647, 37.09084 ], [ -2.91079, 37.08822 ], [ -2.88985, 37.09212 ] ] } },
{ "type": "Feature", "properties": { "CMUN": "04046", "NMUN": "Fondón", "NPRO": "Almería", "CPRO": "04", "stroke": "#aaaaaa", "stroke-width": 0.7, "stroke-opacity": 0.45 }, "geometry": { "type": "LineString", "coordinates": [ [ -2.82382, 37.00629 ], [ -2.83353, 37.02584 ], [ -2.82965, 37.04243 ], [ -2.8372, 37.06384 ], [ -2.85153, 37.08046 ], [ -2.8593, 37.08299 ], [ -2.86183, 37.04179 ], [ -2.87095, 37.03702 ], [ -2.8642, 37.0106 ], [ -2.88172, 36.98576 ], [ -2.88928, 36.98508 ], [ -2.88955, 36.97347 ], [ -2.89971, 36.9671 ], [ -2.90251, 36.95117 ], [ -2.91026, 36.94294 ], [ -2.88404, 36.92564 ], [ -2.88096, 36.90501 ], [ -2.84617, 36.90631 ], [ -2.83169, 36.90259 ], [ -2.82766, 36.91251 ], [ -2.82972, 36.92043 ], [ -2.81788, 36.9434 ], [ -2.8224, 36.95842 ], [ -2.81353, 36.97342 ], [ -2.81313, 36.98081 ], [ -2.82341, 36.98615 ], [ -2.82315, 36.98688 ], [ -2.81821, 36.99797 ], [ -2.82382, 37.00629 ] ] } },
{ "type": "Feature", "properties": { "CMUN": "04047", "NMUN": "Gádor", "NPRO": "Almería", "CPRO": "04", "stroke": "#aaaaaa", "stroke-width": 0.7, "stroke-opacity": 0.45 }, "geometry": { "type": "LineString", "coordinates": [ [ -2.4454, 37.00978 ], [ -2.44847, 37.01924 ], [ -2.47009, 37.04661 ], [ -2.48896, 37.06053 ], [ -2.48376, 37.05187 ], [ -2.50536, 37.04064 ], [ -2.50721, 37.0175 ], [ -2.50484, 37.00691 ], [ -2.49099, 36.98773 ], [ -2.49564, 36.97231 ], [ -2.49015, 36.9677 ], [ -2.49188, 36.95592 ], [ -2.50643, 36.96691 ], [ -2.54672, 36.94509 ], [ -2.55096, 36.93156 ], [ -2.57201, 36.91727 ], [ -2.56845, 36.91327 ], [ -2.56407, 36.87335 ], [ -2.54445, 36.86329 ], [ -2.53605, 36.87105 ], [ -2.53317, 36.8821 ], [ -2.52093, 36.89508 ], [ -2.51115, 36.90126 ], [ -2.4982, 36.91728 ], [ -2.46546, 36.9408 ], [ -2.47385, 36.95203 ], [ -2.46185, 36.97107 ], [ -2.46604, 36.97403 ], [ -2.46697, 36.99289 ], [ -2.45785, 37.0065 ], [ -2.4454, 37.00978 ] ] } },
{ "type": "Feature", "properties": { "CMUN": "04048", "NMUN": "Gallardos, Los", "NPRO": "Almería", "CPRO": "04", "stroke": "#aaaaaa", "stroke-width": 0.7, "stroke-opacity": 0.45 }, "geometry": { "type": "LineString", "coordinates": [ [ -1.91848, 37.19175 ], [ -1.92532, 37.19011 ], [ -1.95633, 37.20684 ], [ -1.95066, 37.19788 ], [ -1.95158, 37.17635 ], [ -1.96017, 37.15675 ], [ -1.99922, 37.15118 ], [ -2.01874, 37.13931 ], [ -2.00602, 37.12552 ], [ -1.99659, 37.12334 ], [ -1.98286, 37.13413 ], [ -1.97062, 37.13246 ], [ -1.95512, 37.13949 ], [ -1.94656, 37.14695 ], [ -1.93633, 37.13971 ], [ -1.90319, 37.15932 ], [ -1.90349, 37.17122 ], [ -1.90897, 37.18733 ], [ -1.91848, 37.19175 ] ] } },
{ "type": "Feature", "properties": { "CMUN": "04049", "NMUN": "Garrucha", "NPRO": "Almería", "CPRO": "04", "stroke": "#aaaaaa", "stroke-width": 0.7, "stroke-opacity": 0.45 }, "geometry": { "type": "LineString", "coordinates": [ [ -1.82356, 37.16954 ], [ -1.81595, 37.18852 ], [ -1.81858, 37.19548 ], [ -1.83184, 37.20817 ], [ -1.8441, 37.19382 ], [ -1.84172, 37.18805 ], [ -1.84218, 37.17606 ], [ -1.8344, 37.16704 ], [ -1.82356, 37.16954 ] ] } },
{ "type": "Feature", "properties": { "CMUN": "04050", "NMUN": "Gérgal", "NPRO": "Almería", "CPRO": "04", "stroke": "#aaaaaa", "stroke-width": 0.7, "stroke-opacity": 0.45 }, "geometry": { "type": "LineString", "coordinates": [ [ -2.52526, 37.2147 ], [ -2.53037, 37.22009 ], [ -2.54881, 37.22177 ], [ -2.55139, 37.2412 ], [ -2.565, 37.25149 ], [ -2.57694, 37.24696 ], [ -2.61928, 37.24221 ], [ -2.6507, 37.23513 ], [ -2.65763, 37.22892 ], [ -2.66012, 37.21199 ], [ -2.64805, 37.20535 ], [ -2.6509, 37.19653 ], [ -2.63834, 37.16221 ], [ -2.62965, 37.15269 ], [ -2.62571, 37.141 ], [ -2.60418, 37.12184 ], [ -2.60518, 37.11136 ], [ -2.5935, 37.09933 ], [ -2.5637, 37.07748 ], [ -2.5578, 37.07635 ], [ -2.54319, 37.06265 ], [ -2.53211, 37.04417 ], [ -2.50536, 37.04064 ], [ -2.48376, 37.05187 ], [ -2.48896, 37.06053 ], [ -2.47866, 37.05838 ], [ -2.48036, 37.08368 ], [ -2.46446, 37.09666 ], [ -2.44353, 37.12897 ], [ -2.44814, 37.14168 ], [ -2.4565, 37.141 ], [ -2.46026, 37.13194 ], [ -2.46845, 37.1294 ], [ -2.4823, 37.13316 ], [ -2.48628, 37.14594 ], [ -2.49657, 37.15997 ], [ -2.51121, 37.16641 ], [ -2.52806, 37.19636 ], [ -2.52526, 37.2147 ] ] } },
{ "type": "Feature", "properties": { "CMUN": "04051", "NMUN": "Huécija", "NPRO": "Almería", "CPRO": "04", "stroke": "#aaaaaa", "stroke-width": 0.7, "stroke-opacity": 0.45 }, "geometry": { "type": "LineString", "coordinates": [ [ -2.61635, 36.97863 ], [ -2.62627, 36.9748 ], [ -2.63071, 36.97172 ], [ -2.63357, 36.9557 ], [ -2.64771, 36.94691 ], [ -2.65787, 36.93943 ], [ -2.66731, 36.92707 ], [ -2.62941, 36.92095 ], [ -2.612, 36.92486 ], [ -2.612, 36.92486 ], [ -2.61864, 36.92936 ], [ -2.61676, 36.93962 ], [ -2.60077, 36.95672 ], [ -2.60641, 36.96862 ], [ -2.59834, 36.97579 ], [ -2.61635, 36.97863 ] ] } },
{ "type": "Feature", "properties": { "CMUN": "04052", "NMUN": "Huércal de Almería", "NPRO": "Almería", "CPRO": "04", "stroke": "#aaaaaa", "stroke-width": 0.7, "stroke-opacity": 0.45 }, "geometry": { "type": "LineString", "coordinates": [ [ -2.52093, 36.89508 ], [ -2.50455, 36.88537 ], [ -2.50003, 36.8792 ], [ -2.46106, 36.87638 ], [ -2.4508, 36.87326 ], [ -2.44793, 36.86612 ], [ -2.4257, 36.86609 ], [ -2.43526, 36.89377 ], [ -2.44419, 36.90448 ], [ -2.46469, 36.90366 ], [ -2.49154, 36.89887 ], [ -2.50668, 36.89978 ], [ -2.52093, 36.89508 ] ] } },
{ "type": "Feature", "properties": { "CMUN": "04053", "NMUN": "Huércal-Overa", "NPRO": "Almería", "CPRO": "04", "stroke": "#aaaaaa", "stroke-width": 0.7, "stroke-opacity": 0.45 }, "geometry": { "type": "LineString", "coordinates": [ [ -1.94832, 37.30047 ], [ -1.89991, 37.36259 ], [ -1.84488, 37.38679 ], [ -1.84208, 37.40662 ], [ -1.82485, 37.42068 ], [ -1.80895, 37.43347 ], [ -1.84526, 37.45483 ], [ -1.84849, 37.46072 ], [ -1.8587, 37.47908 ], [ -1.87109, 37.48981 ], [ -1.91115, 37.53823 ], [ -1.91817, 37.53577 ], [ -1.94772, 37.53602 ], [ -1.98786, 37.52742 ], [ -2.01288, 37.52579 ], [ -2.02543, 37.51348 ], [ -2.03099, 37.48336 ], [ -2.03444, 37.47723 ], [ -2.02705, 37.44368 ], [ -2.01498, 37.43193 ], [ -2.00319, 37.42283 ], [ -2.00026, 37.41556 ], [ -1.99824, 37.38064 ], [ -2.00711, 37.36931 ], [ -2.00823, 37.3557 ], [ -2.00102, 37.34966 ], [ -2.00721, 37.33348 ], [ -2.00981, 37.31021 ], [ -2.02373, 37.29644 ], [ -1.96935, 37.30453 ], [ -1.95829, 37.29962 ], [ -1.94832, 37.30047 ] ] } },
{ "type": "Feature", "properties": { "CMUN": "04054", "NMUN": "Íllar", "NPRO": "Almería", "CPRO": "04", "stroke": "#aaaaaa", "stroke-width": 0.7, "stroke-opacity": 0.45 }, "geometry": { "type": "LineString", "coordinates": [ [ -2.64228, 37.02313 ], [ -2.64603, 37.02717 ], [ -2.66252, 37.02697 ], [ -2.662, 37.02014 ], [ -2.64365, 37.00266 ], [ -2.64657, 36.99021 ], [ -2.66441, 36.96258 ], [ -2.67772, 36.94595 ], [ -2.65644, 36.94911 ], [ -2.64771, 36.94691 ], [ -2.63357, 36.9557 ], [ -2.63071, 36.97172 ], [ -2.62627, 36.9748 ], [ -2.632, 36.99311 ], [ -2.63281, 37.01467 ], [ -2.64228, 37.02313 ] ] } },
{ "type": "Feature", "properties": { "CMUN": "04055", "NMUN": "Instinción", "NPRO": "Almería", "CPRO": "04", "stroke": "#aaaaaa", "stroke-width": 0.7, "stroke-opacity": 0.45 }, "geometry": { "type": "LineString", "coordinates": [ [ -2.67206, 37.03467 ], [ -2.68373, 37.03687 ], [ -2.67316, 37.00011 ], [ -2.67001, 36.9818 ], [ -2.68766, 36.96081 ], [ -2.69975, 36.95609 ], [ -2.71793, 36.95601 ], [ -2.7382, 36.92442 ], [ -2.72038, 36.91453 ], [ -2.6957, 36.91671 ], [ -2.69164, 36.91411 ], [ -2.69937, 36.9226 ], [ -2.69953, 36.93646 ], [ -2.68167, 36.93614 ], [ -2.67772, 36.94595 ], [ -2.66441, 36.96258 ], [ -2.64657, 36.99021 ], [ -2.64365, 37.00266 ], [ -2.662, 37.02014 ], [ -2.66252, 37.02697 ], [ -2.67206, 37.03467 ] ] } },
{ "type": "Feature", "properties": { "CMUN": "04056", "NMUN": "Laroya", "NPRO": "Almería", "CPRO": "04", "stroke": "#aaaaaa", "stroke-width": 0.7, "stroke-opacity": 0.45 }, "geometry": { "type": "LineString", "coordinates": [ [ -2.33271, 37.26584 ], [ -2.33247, 37.28047 ], [ -2.31957, 37.29581 ], [ -2.31657, 37.30632 ], [ -2.33561, 37.32741 ], [ -2.3505, 37.31521 ], [ -2.35005, 37.30575 ], [ -2.35867, 37.29911 ], [ -2.36727, 37.28081 ], [ -2.36619, 37.25926 ], [ -2.36122, 37.25409 ], [ -2.34533, 37.25463 ], [ -2.33271, 37.26584 ] ] } },
{ "type": "Feature", "properties": { "CMUN": "04057", "NMUN": "Láujar de Andarax", "NPRO": "Almería", "CPRO": "04", "stroke": "#aaaaaa", "stroke-width": 0.7, "stroke-opacity": 0.45 }, "geometry": { "type": "LineString", "coordinates": [ [ -2.88096, 36.90501 ], [ -2.88404, 36.92564 ], [ -2.91026, 36.94294 ], [ -2.90251, 36.95117 ], [ -2.89971, 36.9671 ], [ -2.88955, 36.97347 ], [ -2.88928, 36.98508 ], [ -2.88172, 36.98576 ], [ -2.8642, 37.0106 ], [ -2.87095, 37.03702 ], [ -2.86183, 37.04179 ], [ -2.8593, 37.08299 ], [ -2.87907, 37.09138 ], [ -2.88985, 37.09212 ], [ -2.91079, 37.08822 ], [ -2.92647, 37.09084 ], [ -2.93974, 37.09687 ], [ -2.94896, 37.09655 ], [ -2.93378, 37.08927 ], [ -2.92358, 37.05986 ], [ -2.92383, 37.04787 ], [ -2.91662, 37.02776 ], [ -2.91494, 37.01534 ], [ -2.93042, 37.01151 ], [ -2.9387, 36.99851 ], [ -2.94189, 36.99571 ], [ -2.9404, 36.969 ], [ -2.93694, 36.95817 ], [ -2.93857, 36.91988 ], [ -2.91478, 36.91889 ], [ -2.90717, 36.91108 ], [ -2.89788, 36.91308 ], [ -2.88096, 36.90501 ] ] } },
{ "type": "Feature", "properties": { "CMUN": "04058", "NMUN": "Líjar", "NPRO": "Almería", "CPRO": "04", "stroke": "#aaaaaa", "stroke-width": 0.7, "stroke-opacity": 0.45 }, "geometry": { "type": "LineString", "coordinates": [ [ -2.20217, 37.31223 ], [ -2.24037, 37.31535 ], [ -2.24314, 37.32148 ], [ -2.26733, 37.29726 ], [ -2.27064, 37.28476 ], [ -2.25638, 37.27301 ], [ -2.24962, 37.27152 ], [ -2.24148, 37.2705 ], [ -2.23086, 37.26187 ], [ -2.21848, 37.27829 ], [ -2.19662, 37.27776 ], [ -2.19574, 37.29003 ], [ -2.18863, 37.29392 ], [ -2.20217, 37.31223 ] ] } },
{ "type": "Feature", "properties": { "CMUN": "04059", "NMUN": "Lubrín", "NPRO": "Almería", "CPRO": "04", "stroke": "#aaaaaa", "stroke-width": 0.7, "stroke-opacity": 0.45 }, "geometry": { "type": "LineString", "coordinates": [ [ -2.15527, 37.21558 ], [ -2.13269, 37.21294 ], [ -2.12607, 37.19958 ], [ -2.09975, 37.1888 ], [ -2.10709, 37.17586 ], [ -2.09193, 37.16779 ], [ -2.07952, 37.17008 ], [ -2.06119, 37.15979 ], [ -2.03837, 37.16033 ], [ -2.03102, 37.16656 ], [ -2.01929, 37.19397 ], [ -2.01119, 37.19895 ], [ -1.98281, 37.2252 ], [ -1.99044, 37.2368 ], [ -2.00907, 37.25755 ], [ -2.02976, 37.26946 ], [ -2.03212, 37.28406 ], [ -2.04102, 37.28958 ], [ -2.04609, 37.28802 ], [ -2.07059, 37.2954 ], [ -2.09123, 37.28504 ], [ -2.1074, 37.28508 ], [ -2.11913, 37.28015 ], [ -2.12189, 37.26691 ], [ -2.13548, 37.25093 ], [ -2.1418, 37.23948 ], [ -2.14321, 37.22662 ], [ -2.15527, 37.21558 ] ] } },
{ "type": "Feature", "properties": { "CMUN": "04060", "NMUN": "Lucainena de las Torres", "NPRO": "Almería", "CPRO": "04", "stroke": "#aaaaaa", "stroke-width": 0.7, "stroke-opacity": 0.45 }, "geometry": { "type": "LineString", "coordinates": [ [ -2.01587, 36.9798 ], [ -2.02111, 36.98095 ], [ -2.03266, 36.99864 ], [ -2.06915, 37.04158 ], [ -2.08603, 37.0404 ], [ -2.09485, 37.04528 ], [ -2.11134, 37.04229 ], [ -2.12486, 37.05657 ], [ -2.14912, 37.0559 ], [ -2.16222, 37.06103 ], [ -2.1797, 37.07687 ], [ -2.18494, 37.08552 ], [ -2.19784, 37.09539 ], [ -2.19481, 37.11148 ], [ -2.19501, 37.12914 ], [ -2.19943, 37.13377 ], [ -2.20969, 37.13383 ], [ -2.21319, 37.12579 ], [ -2.24481, 37.10854 ], [ -2.2502, 37.11167 ], [ -2.23723, 37.09506 ], [ -2.22683, 37.0653 ], [ -2.23536, 37.03879 ], [ -2.23487, 37.02511 ], [ -2.21818, 37.02325 ], [ -2.21103, 37.01856 ], [ -2.20064, 37.00973 ], [ -2.17339, 37.00818 ], [ -2.14436, 37.00019 ], [ -2.10108, 36.99515 ], [ -2.07479, 36.99982 ], [ -2.06558, 36.9968 ], [ -2.04752, 36.98134 ], [ -2.04091, 36.98283 ], [ -2.01909, 36.97672 ], [ -2.01587, 36.9798 ] ] } },
{ "type": "Feature", "properties": { "CMUN": "04061", "NMUN": "Lúcar", "NPRO": "Almería", "CPRO": "04", "stroke": "#aaaaaa", "stroke-width": 0.7, "stroke-opacity": 0.45 }, "geometry": { "type": "LineString", "coordinates": [ [ -2.39629, 37.48192 ], [ -2.4105, 37.49142 ], [ -2.45937, 37.50221 ], [ -2.45752, 37.49083 ], [ -2.4741, 37.48347 ], [ -2.50309, 37.48351 ], [ -2.51442, 37.47791 ], [ -2.48946, 37.44962 ], [ -2.49092, 37.44219 ], [ -2.47552, 37.40479 ], [ -2.45347, 37.38253 ], [ -2.44067, 37.36642 ], [ -2.41951, 37.3725 ], [ -2.40354, 37.36963 ], [ -2.40124, 37.37085 ], [ -2.40145, 37.38722 ], [ -2.3967, 37.40026 ], [ -2.39919, 37.41364 ], [ -2.39421, 37.44003 ], [ -2.40147, 37.45742 ], [ -2.39694, 37.4643 ], [ -2.39629, 37.48192 ] ] } },
{ "type": "Feature", "properties": { "CMUN": "04062", "NMUN": "Macael", "NPRO": "Almería", "CPRO": "04", "stroke": "#aaaaaa", "stroke-width": 0.7, "stroke-opacity": 0.45 }, "geometry": { "type": "LineString", "coordinates": [ [ -2.27984, 37.33927 ], [ -2.29345, 37.3405 ], [ -2.31264, 37.34685 ], [ -2.32985, 37.33882 ], [ -2.33561, 37.32741 ], [ -2.31657, 37.30632 ], [ -2.31957, 37.29581 ], [ -2.33247, 37.28047 ], [ -2.33271, 37.26584 ], [ -2.30896, 37.26924 ], [ -2.29423, 37.27639 ], [ -2.27064, 37.28476 ], [ -2.26733, 37.29726 ], [ -2.24314, 37.32148 ], [ -2.24314, 37.32148 ], [ -2.27984, 37.33927 ] ] } },
{ "type": "Feature", "properties": { "CMUN": "04063", "NMUN": "María", "NPRO": "Almería", "CPRO": "04", "stroke": "#aaaaaa", "stroke-width": 0.7, "stroke-opacity": 0.45 }, "geometry": { "type": "LineString", "coordinates": [ [ -2.17652, 37.66161 ], [ -2.18295, 37.67636 ], [ -2.16014, 37.6851 ], [ -2.15577, 37.68962 ], [ -2.13648, 37.69317 ], [ -2.13402, 37.71544 ], [ -2.13862, 37.72836 ], [ -2.16023, 37.75365 ], [ -2.17107, 37.75254 ], [ -2.17632, 37.76194 ], [ -2.20164, 37.76202 ], [ -2.21528, 37.77664 ], [ -2.22065, 37.79505 ], [ -2.21931, 37.8145 ], [ -2.23114, 37.84419 ], [ -2.23163, 37.85642 ], [ -2.2568, 37.88997 ], [ -2.26568, 37.88092 ], [ -2.28851, 37.88514 ], [ -2.29494, 37.87632 ], [ -2.29627, 37.85977 ], [ -2.29356, 37.82812 ], [ -2.3018, 37.81023 ], [ -2.29127, 37.78919 ], [ -2.27678, 37.77622 ], [ -2.28707, 37.7514 ], [ -2.29472, 37.74817 ], [ -2.31327, 37.71137 ], [ -2.32307, 37.69486 ], [ -2.32603, 37.67573 ], [ -2.32346, 37.66544 ], [ -2.28687, 37.67212 ], [ -2.24071, 37.66678 ], [ -2.22829, 37.66944 ], [ -2.19965, 37.66969 ], [ -2.20173, 37.65248 ], [ -2.17652, 37.66161 ] ] } },
{ "type": "Feature", "properties": { "CMUN": "04064", "NMUN": "Mojácar", "NPRO": "Almería", "CPRO": "04", "stroke": "#aaaaaa", "stroke-width": 0.7, "stroke-opacity": 0.45 }, "geometry": { "type": "LineString", "coordinates": [ [ -1.86314, 37.04556 ], [ -1.86183, 37.05256 ], [ -1.8496, 37.06832 ], [ -1.84998, 37.09135 ], [ -1.84461, 37.10842 ], [ -1.83299, 37.11916 ], [ -1.82289, 37.15238 ], [ -1.82356, 37.16954 ], [ -1.8344, 37.16704 ], [ -1.84218, 37.17606 ], [ -1.84172, 37.18805 ], [ -1.88648, 37.19081 ], [ -1.88191, 37.18437 ], [ -1.87903, 37.16083 ], [ -1.87992, 37.14101 ], [ -1.88383, 37.1387 ], [ -1.87508, 37.11987 ], [ -1.89149, 37.09845 ], [ -1.90028, 37.09381 ], [ -1.89476, 37.08403 ], [ -1.90826, 37.06744 ], [ -1.91563, 37.05149 ], [ -1.90854, 37.03993 ], [ -1.888, 37.03932 ], [ -1.8805, 37.0444 ], [ -1.86314, 37.04556 ] ] } },
{ "type": "Feature", "properties": { "CMUN": "04065", "NMUN": "Nacimiento", "NPRO": "Almería", "CPRO": "04", "stroke": "#aaaaaa", "stroke-width": 0.7, "stroke-opacity": 0.45 }, "geometry": { "type": "LineString", "coordinates": [ [ -2.66012, 37.21199 ], [ -2.66837, 37.21678 ], [ -2.68171, 37.21703 ], [ -2.68873, 37.17959 ], [ -2.68603, 37.17123 ], [ -2.68866, 37.15755 ], [ -2.68775, 37.12905 ], [ -2.70915, 37.10775 ], [ -2.70078, 37.09673 ], [ -2.68975, 37.08214 ], [ -2.65836, 37.08319 ], [ -2.64391, 37.07106 ], [ -2.62905, 37.07852 ], [ -2.62942, 37.09213 ], [ -2.60518, 37.11136 ], [ -2.60418, 37.12184 ], [ -2.62571, 37.141 ], [ -2.62965, 37.15269 ], [ -2.63834, 37.16221 ], [ -2.6509, 37.19653 ], [ -2.64805, 37.20535 ], [ -2.66012, 37.21199 ] ] } },
{ "type": "Feature", "properties": { "CMUN": "04066", "NMUN": "Níjar", "NPRO": "Almería", "CPRO": "04", "stroke": "#aaaaaa", "stroke-width": 0.7, "stroke-opacity": 0.45 }, "geometry": { "type": "LineString", "coordinates": [ [ -2.29956, 36.99299 ], [ -2.29867, 36.96657 ], [ -2.28819, 36.94883 ], [ -2.27828, 36.9418 ], [ -2.25874, 36.91597 ], [ -2.24401, 36.90917 ], [ -2.22082, 36.87784 ], [ -2.2022, 36.86331 ], [ -2.21614, 36.8334 ], [ -2.22793, 36.81345 ], [ -2.23266, 36.79812 ], [ -2.22317, 36.77691 ], [ -2.21477, 36.77196 ], [ -2.20648, 36.74914 ], [ -2.20715, 36.73724 ], [ -2.20229, 36.73045 ], [ -2.19375, 36.72151 ], [ -2.16899, 36.72321 ], [ -2.15703, 36.72989 ], [ -2.13343, 36.72971 ], [ -2.12111, 36.7336 ], [ -2.12061, 36.74774 ], [ -2.11196, 36.74889 ], [ -2.10468, 36.76346 ], [ -2.08644, 36.76407 ], [ -2.06277, 36.77641 ], [ -2.06195, 36.80657 ], [ -2.03995, 36.82413 ], [ -2.02023, 36.83578 ], [ -2.00907, 36.83422 ], [ -1.99975, 36.84029 ], [ -1.99572, 36.84997 ], [ -2.00524, 36.85884 ], [ -2.00159, 36.87116 ], [ -2.00364, 36.88155 ], [ -1.98263, 36.90211 ], [ -1.96724, 36.89889 ], [ -1.95283, 36.92394 ], [ -1.9402, 36.9365 ], [ -1.92525, 36.93803 ], [ -1.93411, 36.96305 ], [ -1.95947, 36.97396 ], [ -1.98159, 36.96985 ], [ -2.01909, 36.97672 ], [ -2.04091, 36.98283 ], [ -2.04752, 36.98134 ], [ -2.06558, 36.9968 ], [ -2.07479, 36.99982 ], [ -2.10108, 36.99515 ], [ -2.14436, 37.00019 ], [ -2.17339, 37.00818 ], [ -2.20064, 37.00973 ], [ -2.21103, 37.01856 ], [ -2.22727, 37.00871 ], [ -2.25592, 37.00255 ], [ -2.27926, 36.98904 ], [ -2.29956, 36.99299 ] ] } },
{ "type": "Feature", "properties": { "CMUN": "04067", "NMUN": "Ohanes", "NPRO": "Almería", "CPRO": "04", "stroke": "#aaaaaa", "stroke-width": 0.7, "stroke-opacity": 0.45 }, "geometry": { "type": "LineString", "coordinates": [ [ -2.78452, 37.0935 ], [ -2.79748, 37.09268 ], [ -2.80409, 37.08156 ], [ -2.79964, 37.07859 ], [ -2.77941, 37.05011 ], [ -2.77926, 37.04282 ], [ -2.75826, 37.02845 ], [ -2.73622, 37.02485 ], [ -2.72752, 37.071 ], [ -2.73426, 37.08374 ], [ -2.75773, 37.08524 ], [ -2.78452, 37.0935 ] ] } },
{ "type": "Feature", "properties": { "CMUN": "04068", "NMUN": "Olula de Castro", "NPRO": "Almería", "CPRO": "04", "stroke": "#aaaaaa", "stroke-width": 0.7, "stroke-opacity": 0.45 }, "geometry": { "type": "LineString", "coordinates": [ [ -2.50036, 37.209 ], [ -2.52526, 37.2147 ], [ -2.52806, 37.19636 ], [ -2.51121, 37.16641 ], [ -2.49657, 37.15997 ], [ -2.48628, 37.14594 ], [ -2.4823, 37.13316 ], [ -2.46845, 37.1294 ], [ -2.46026, 37.13194 ], [ -2.4565, 37.141 ], [ -2.44814, 37.14168 ], [ -2.45999, 37.16905 ], [ -2.46424, 37.18811 ], [ -2.47176, 37.19553 ], [ -2.48718, 37.19469 ], [ -2.49848, 37.20131 ], [ -2.50036, 37.209 ] ] } },
{ "type": "Feature", "properties": { "CMUN": "04069", "NMUN": "Olula del Río", "NPRO": "Almería", "CPRO": "04", "stroke": "#aaaaaa", "stroke-width": 0.7, "stroke-opacity": 0.45 }, "geometry": { "type": "LineString", "coordinates": [ [ -2.27984, 37.33927 ], [ -2.28634, 37.36916 ], [ -2.28823, 37.40104 ], [ -2.29524, 37.41066 ], [ -2.30441, 37.41033 ], [ -2.32231, 37.4223 ], [ -2.3282, 37.42151 ], [ -2.33214, 37.41937 ], [ -2.32637, 37.41533 ], [ -2.3237, 37.39841 ], [ -2.31609, 37.38608 ], [ -2.32373, 37.37387 ], [ -2.32045, 37.3676 ], [ -2.30951, 37.35521 ], [ -2.31264, 37.34685 ], [ -2.29345, 37.3405 ], [ -2.27984, 37.33927 ] ] } },
{ "type": "Feature", "properties": { "CMUN": "04070", "NMUN": "Oria", "NPRO": "Almería", "CPRO": "04", "stroke": "#aaaaaa", "stroke-width": 0.7, "stroke-opacity": 0.45 }, "geometry": { "type": "LineString", "coordinates": [ [ -2.2858, 37.41216 ], [ -2.2551, 37.43954 ], [ -2.2164, 37.45225 ], [ -2.2046, 37.45489 ], [ -2.19209, 37.46632 ], [ -2.17552, 37.50096 ], [ -2.1689, 37.51823 ], [ -2.17167, 37.5316 ], [ -2.16211, 37.53834 ], [ -2.20079, 37.54484 ], [ -2.21496, 37.55257 ], [ -2.24018, 37.55405 ], [ -2.24486, 37.55697 ], [ -2.25992, 37.55007 ], [ -2.26842, 37.55622 ], [ -2.28575, 37.55414 ], [ -2.30779, 37.55549 ], [ -2.35573, 37.54699 ], [ -2.36264, 37.52003 ], [ -2.38115, 37.52292 ], [ -2.40295, 37.51556 ], [ -2.41604, 37.51597 ], [ -2.43428, 37.50947 ], [ -2.45632, 37.50943 ], [ -2.45937, 37.50221 ], [ -2.4105, 37.49142 ], [ -2.39629, 37.48192 ], [ -2.3793, 37.47458 ], [ -2.36012, 37.46546 ], [ -2.35963, 37.45367 ], [ -2.35123, 37.43395 ], [ -2.3322, 37.43097 ], [ -2.3282, 37.42151 ], [ -2.32231, 37.4223 ], [ -2.30441, 37.41033 ], [ -2.29524, 37.41066 ], [ -2.2858, 37.41216 ] ] } },
{ "type": "Feature", "properties": { "CMUN": "04071", "NMUN": "Padules", "NPRO": "Almería", "CPRO": "04", "stroke": "#aaaaaa", "stroke-width": 0.7, "stroke-opacity": 0.45 }, "geometry": { "type": "LineString", "coordinates": [ [ -2.77192, 36.90549 ], [ -2.77231, 36.93512 ], [ -2.75638, 36.9542 ], [ -2.74721, 36.97989 ], [ -2.74824, 36.99714 ], [ -2.75964, 37.0053 ], [ -2.76898, 37.01842 ], [ -2.78405, 37.00461 ], [ -2.78009, 36.98601 ], [ -2.777, 36.9534 ], [ -2.79475, 36.93347 ], [ -2.7982, 36.919 ], [ -2.77192, 36.90549 ] ] } },
{ "type": "Feature", "properties": { "CMUN": "04072", "NMUN": "Partaloa", "NPRO": "Almería", "CPRO": "04", "stroke": "#aaaaaa", "stroke-width": 0.7, "stroke-opacity": 0.45 }, "geometry": { "type": "LineString", "coordinates": [ [ -2.18364, 37.38239 ], [ -2.1853, 37.40223 ], [ -2.19222, 37.41416 ], [ -2.19054, 37.43224 ], [ -2.2164, 37.45225 ], [ -2.2551, 37.43954 ], [ -2.2858, 37.41216 ], [ -2.27999, 37.40227 ], [ -2.27003, 37.39835 ], [ -2.2559, 37.38456 ], [ -2.25205, 37.37331 ], [ -2.23942, 37.37246 ], [ -2.21485, 37.38099 ], [ -2.18364, 37.38239 ] ] } },
{ "type": "Feature", "properties": { "CMUN": "04073", "NMUN": "Paterna del Río", "NPRO": "Almería", "CPRO": "04", "stroke": "#aaaaaa", "stroke-width": 0.7, "stroke-opacity": 0.45 }, "geometry": { "type": "LineString", "coordinates": [ [ -2.94896, 37.09655 ], [ -2.97014, 37.09651 ], [ -2.98417, 37.09305 ], [ -2.97716, 37.07441 ], [ -2.97676, 37.0556 ], [ -2.96617, 37.02139 ], [ -2.96472, 37.00056 ], [ -2.97062, 36.99747 ], [ -2.94189, 36.99571 ], [ -2.9387, 36.99851 ], [ -2.93042, 37.01151 ], [ -2.91494, 37.01534 ], [ -2.91662, 37.02776 ], [ -2.92383, 37.04787 ], [ -2.92358, 37.05986 ], [ -2.93378, 37.08927 ], [ -2.94896, 37.09655 ] ] } },
{ "type": "Feature", "properties": { "CMUN": "04074", "NMUN": "Pechina", "NPRO": "Almería", "CPRO": "04", "stroke": "#aaaaaa", "stroke-width": 0.7, "stroke-opacity": 0.45 }, "geometry": { "type": "LineString", "coordinates": [ [ -2.43526, 36.89377 ], [ -2.40695, 36.90457 ], [ -2.39187, 36.91326 ], [ -2.38008, 36.92699 ], [ -2.36848, 36.94443 ], [ -2.35753, 36.9672 ], [ -2.35484, 36.98047 ], [ -2.35748, 36.98896 ], [ -2.40055, 36.98557 ], [ -2.404, 36.97341 ], [ -2.41694, 36.94899 ], [ -2.42979, 36.93863 ], [ -2.4495, 36.93067 ], [ -2.44419, 36.90448 ], [ -2.43526, 36.89377 ] ] } },
{ "type": "Feature", "properties": { "CMUN": "04075", "NMUN": "Pulpí", "NPRO": "Almería", "CPRO": "04", "stroke": "#aaaaaa", "stroke-width": 0.7, "stroke-opacity": 0.45 }, "geometry": { "type": "LineString", "coordinates": [ [ -1.69111, 37.3353 ], [ -1.67304, 37.35598 ], [ -1.6508, 37.35661 ], [ -1.64517, 37.37083 ], [ -1.63008, 37.37519 ], [ -1.66597, 37.40086 ], [ -1.70502, 37.42102 ], [ -1.73708, 37.44263 ], [ -1.77984, 37.44698 ], [ -1.7963, 37.45219 ], [ -1.81176, 37.45156 ], [ -1.80895, 37.43347 ], [ -1.82485, 37.42068 ], [ -1.78034, 37.3976 ], [ -1.75515, 37.3815 ], [ -1.7222, 37.36487 ], [ -1.69111, 37.3353 ] ] } },
{ "type": "Feature", "properties": { "CMUN": "04076", "NMUN": "Purchena", "NPRO": "Almería", "CPRO": "04", "stroke": "#aaaaaa", "stroke-width": 0.7, "stroke-opacity": 0.45 }, "geometry": { "type": "MultiLineString", "coordinates": [ [ [ -2.31264, 37.34685 ], [ -2.30951, 37.35521 ], [ -2.32045, 37.3676 ], [ -2.33838, 37.36943 ], [ -2.36062, 37.36771 ], [ -2.37995, 37.38348 ], [ -2.37836, 37.36914 ], [ -2.39053, 37.36709 ], [ -2.40124, 37.37085 ], [ -2.40354, 37.36963 ], [ -2.40996, 37.35493 ], [ -2.39642, 37.34399 ], [ -2.38354, 37.34781 ], [ -2.38113, 37.33581 ], [ -2.37297, 37.32456 ], [ -2.3674, 37.30563 ], [ -2.35867, 37.29911 ], [ -2.35005, 37.30575 ], [ -2.3505, 37.31521 ], [ -2.33561, 37.32741 ], [ -2.32985, 37.33882 ], [ -2.31264, 37.34685 ] ], [ [ -2.33214, 37.41937 ], [ -2.3282, 37.42151 ], [ -2.3322, 37.43097 ], [ -2.35123, 37.43395 ], [ -2.35963, 37.45367 ], [ -2.36012, 37.46546 ], [ -2.3793, 37.47458 ], [ -2.38434, 37.46789 ], [ -2.38979, 37.44834 ], [ -2.38561, 37.4238 ], [ -2.37888, 37.41887 ], [ -2.36717, 37.41471 ], [ -2.34826, 37.4145 ], [ -2.33214, 37.41937 ] ] ] } },
{ "type": "Feature", "properties": { "CMUN": "04077", "NMUN": "Rágol", "NPRO": "Almería", "CPRO": "04", "stroke": "#aaaaaa", "stroke-width": 0.7, "stroke-opacity": 0.45 }, "geometry": { "type": "LineString", "coordinates": [ [ -2.70332, 37.07266 ], [ -2.70332, 37.07266 ], [ -2.70538, 37.06054 ], [ -2.69875, 37.01743 ], [ -2.70394, 37.01447 ], [ -2.70399, 36.99886 ], [ -2.70943, 36.98339 ], [ -2.71505, 36.97863 ], [ -2.71793, 36.95601 ], [ -2.69975, 36.95609 ], [ -2.68766, 36.96081 ], [ -2.67001, 36.9818 ], [ -2.67316, 37.00011 ], [ -2.68373, 37.03687 ], [ -2.69183, 37.04809 ], [ -2.70332, 37.07266 ] ] } },
{ "type": "Feature", "properties": { "CMUN": "04078", "NMUN": "Rioja", "NPRO": "Almería", "CPRO": "04", "stroke": "#aaaaaa", "stroke-width": 0.7, "stroke-opacity": 0.45 }, "geometry": { "type": "LineString", "coordinates": [ [ -2.40055, 36.98557 ], [ -2.42673, 37.00168 ], [ -2.4454, 37.00978 ], [ -2.45785, 37.0065 ], [ -2.46697, 36.99289 ], [ -2.46604, 36.97403 ], [ -2.46185, 36.97107 ], [ -2.47385, 36.95203 ], [ -2.46546, 36.9408 ], [ -2.4495, 36.93067 ], [ -2.42979, 36.93863 ], [ -2.41694, 36.94899 ], [ -2.404, 36.97341 ], [ -2.40055, 36.98557 ] ] } },
{ "type": "Feature", "properties": { "CMUN": "04079", "NMUN": "Roquetas de Mar", "NPRO": "Almería", "CPRO": "04", "stroke": "#aaaaaa", "stroke-width": 0.7, "stroke-opacity": 0.45 }, "geometry": { "type": "LineString", "coordinates": [ [ -2.65718, 36.69772 ], [ -2.6462, 36.70258 ], [ -2.62041, 36.72645 ], [ -2.61231, 36.73795 ], [ -2.60318, 36.76779 ], [ -2.59105, 36.78645 ], [ -2.57558, 36.80421 ], [ -2.56243, 36.81569 ], [ -2.55379, 36.81752 ], [ -2.55236, 36.82038 ], [ -2.56996, 36.8426 ], [ -2.58052, 36.83662 ], [ -2.59086, 36.8472 ], [ -2.61011, 36.85355 ], [ -2.61507, 36.84089 ], [ -2.59808, 36.82131 ], [ -2.60393, 36.80111 ], [ -2.6208, 36.79064 ], [ -2.63781, 36.78872 ], [ -2.6554, 36.77466 ], [ -2.65879, 36.73991 ], [ -2.66129, 36.73317 ], [ -2.6645, 36.72317 ], [ -2.65718, 36.69772 ] ] } },
{ "type": "Feature", "properties": { "CMUN": "04080", "NMUN": "Santa Cruz de Marchena", "NPRO": "Almería", "CPRO": "04", "stroke": "#aaaaaa", "stroke-width": 0.7, "stroke-opacity": 0.45 }, "geometry": { "type": "LineString", "coordinates": [ [ -2.54319, 37.06265 ], [ -2.55448, 37.06683 ], [ -2.57615, 37.05949 ], [ -2.58459, 37.04386 ], [ -2.59648, 37.03796 ], [ -2.60917, 37.02229 ], [ -2.64228, 37.02313 ], [ -2.63281, 37.01467 ], [ -2.61423, 37.00679 ], [ -2.59411, 37.01316 ], [ -2.58825, 37.02423 ], [ -2.55651, 37.04081 ], [ -2.5337, 37.04156 ], [ -2.53211, 37.04417 ], [ -2.54319, 37.06265 ] ] } },
{ "type": "Feature", "properties": { "CMUN": "04081", "NMUN": "Santa Fe de Mondújar", "NPRO": "Almería", "CPRO": "04", "stroke": "#aaaaaa", "stroke-width": 0.7, "stroke-opacity": 0.45 }, "geometry": { "type": "LineString", "coordinates": [ [ -2.50536, 37.04064 ], [ -2.53211, 37.04417 ], [ -2.5337, 37.04156 ], [ -2.5379, 37.03275 ], [ -2.53837, 37.0168 ], [ -2.53621, 37.00191 ], [ -2.54252, 36.97485 ], [ -2.53743, 36.95987 ], [ -2.55124, 36.94791 ], [ -2.55829, 36.93074 ], [ -2.57764, 36.92165 ], [ -2.57201, 36.91727 ], [ -2.55096, 36.93156 ], [ -2.54672, 36.94509 ], [ -2.50643, 36.96691 ], [ -2.49188, 36.95592 ], [ -2.49015, 36.9677 ], [ -2.49564, 36.97231 ], [ -2.49099, 36.98773 ], [ -2.50484, 37.00691 ], [ -2.50721, 37.0175 ], [ -2.50536, 37.04064 ] ] } },
{ "type": "Feature", "properties": { "CMUN": "04082", "NMUN": "Senés", "NPRO": "Almería", "CPRO": "04", "stroke": "#aaaaaa", "stroke-width": 0.7, "stroke-opacity": 0.45 }, "geometry": { "type": "LineString", "coordinates": [ [ -2.36122, 37.25409 ], [ -2.36619, 37.25926 ], [ -2.36846, 37.24993 ], [ -2.3744, 37.221 ], [ -2.36224, 37.20133 ], [ -2.36811, 37.16843 ], [ -2.36257, 37.15257 ], [ -2.34692, 37.15371 ], [ -2.31816, 37.14272 ], [ -2.31233, 37.1511 ], [ -2.29188, 37.16616 ], [ -2.29674, 37.18509 ], [ -2.29316, 37.19823 ], [ -2.29635, 37.2094 ], [ -2.30974, 37.21492 ], [ -2.32271, 37.21247 ], [ -2.35047, 37.22175 ], [ -2.3549, 37.22798 ], [ -2.36122, 37.25409 ] ] } },
{ "type": "Feature", "properties": { "CMUN": "04083", "NMUN": "Serón", "NPRO": "Almería", "CPRO": "04", "stroke": "#aaaaaa", "stroke-width": 0.7, "stroke-opacity": 0.45 }, "geometry": { "type": "LineString", "coordinates": [ [ -2.47743, 37.28894 ], [ -2.48153, 37.30811 ], [ -2.48181, 37.327 ], [ -2.47903, 37.33685 ], [ -2.48611, 37.3698 ], [ -2.49197, 37.37817 ], [ -2.51802, 37.39913 ], [ -2.54, 37.41137 ], [ -2.54382, 37.435 ], [ -2.54382, 37.44975 ], [ -2.53505, 37.46204 ], [ -2.55102, 37.45573 ], [ -2.57121, 37.44266 ], [ -2.57761, 37.42887 ], [ -2.59679, 37.42102 ], [ -2.60821, 37.41107 ], [ -2.58778, 37.39619 ], [ -2.595, 37.37987 ], [ -2.60958, 37.36817 ], [ -2.59912, 37.35269 ], [ -2.57956, 37.34465 ], [ -2.57889, 37.33279 ], [ -2.5912, 37.32255 ], [ -2.59895, 37.30194 ], [ -2.57778, 37.30336 ], [ -2.58061, 37.29195 ], [ -2.58722, 37.28661 ], [ -2.59241, 37.27266 ], [ -2.61928, 37.24221 ], [ -2.57694, 37.24696 ], [ -2.565, 37.25149 ], [ -2.55977, 37.25758 ], [ -2.53609, 37.27021 ], [ -2.49889, 37.28062 ], [ -2.47743, 37.28894 ] ] } },
{ "type": "Feature", "properties": { "CMUN": "04084", "NMUN": "Sierro", "NPRO": "Almería", "CPRO": "04", "stroke": "#aaaaaa", "stroke-width": 0.7, "stroke-opacity": 0.45 }, "geometry": { "type": "LineString", "coordinates": [ [ -2.36727, 37.28081 ], [ -2.37837, 37.28835 ], [ -2.37999, 37.31326 ], [ -2.39181, 37.32441 ], [ -2.39261, 37.33922 ], [ -2.40558, 37.33433 ], [ -2.41408, 37.33671 ], [ -2.4199, 37.33424 ], [ -2.42171, 37.32202 ], [ -2.41005, 37.2876 ], [ -2.40295, 37.26456 ], [ -2.36846, 37.24993 ], [ -2.36619, 37.25926 ], [ -2.36727, 37.28081 ] ] } },
{ "type": "Feature", "properties": { "CMUN": "04085", "NMUN": "Somontín", "NPRO": "Almería", "CPRO": "04", "stroke": "#aaaaaa", "stroke-width": 0.7, "stroke-opacity": 0.45 }, "geometry": { "type": "LineString", "coordinates": [ [ -2.3793, 37.47458 ], [ -2.39629, 37.48192 ], [ -2.39694, 37.4643 ], [ -2.40147, 37.45742 ], [ -2.39421, 37.44003 ], [ -2.39919, 37.41364 ], [ -2.3967, 37.40026 ], [ -2.40145, 37.38722 ], [ -2.40124, 37.37085 ], [ -2.39053, 37.36709 ], [ -2.37836, 37.36914 ], [ -2.37995, 37.38348 ], [ -2.38091, 37.40578 ], [ -2.37888, 37.41887 ], [ -2.38561, 37.4238 ], [ -2.38979, 37.44834 ], [ -2.38434, 37.46789 ], [ -2.3793, 37.47458 ] ] } },
{ "type": "Feature", "properties": { "CMUN": "04086", "NMUN": "Sorbas", "NPRO": "Almería", "CPRO": "04", "stroke": "#aaaaaa", "stroke-width": 0.7, "stroke-opacity": 0.45 }, "geometry": { "type": "LineString", "coordinates": [ [ -2.19943, 37.13377 ], [ -2.19501, 37.12914 ], [ -2.19481, 37.11148 ], [ -2.19784, 37.09539 ], [ -2.18494, 37.08552 ], [ -2.1797, 37.07687 ], [ -2.16222, 37.06103 ], [ -2.14912, 37.0559 ], [ -2.12486, 37.05657 ], [ -2.11134, 37.04229 ], [ -2.09485, 37.04528 ], [ -2.08603, 37.0404 ], [ -2.06915, 37.04158 ], [ -2.03266, 36.99864 ], [ -2.02111, 36.98095 ], [ -2.01587, 36.9798 ], [ -2.00379, 36.9843 ], [ -1.99388, 37.00213 ], [ -1.9955, 37.04455 ], [ -2.0036, 37.06484 ], [ -1.9954, 37.07425 ], [ -1.99791, 37.08977 ], [ -2.00889, 37.11938 ], [ -2.02913, 37.13414 ], [ -2.03837, 37.16033 ], [ -2.06119, 37.15979 ], [ -2.07952, 37.17008 ], [ -2.09193, 37.16779 ], [ -2.10709, 37.17586 ], [ -2.09975, 37.1888 ], [ -2.12607, 37.19958 ], [ -2.13269, 37.21294 ], [ -2.15527, 37.21558 ], [ -2.15527, 37.21558 ], [ -2.15249, 37.20623 ], [ -2.15695, 37.17006 ], [ -2.16603, 37.15635 ], [ -2.19943, 37.13377 ] ] } },
{ "type": "Feature", "properties": { "CMUN": "04087", "NMUN": "Suflí", "NPRO": "Almería", "CPRO": "04", "stroke": "#aaaaaa", "stroke-width": 0.7, "stroke-opacity": 0.45 }, "geometry": { "type": "LineString", "coordinates": [ [ -2.35867, 37.29911 ], [ -2.3674, 37.30563 ], [ -2.37297, 37.32456 ], [ -2.38113, 37.33581 ], [ -2.38354, 37.34781 ], [ -2.39642, 37.34399 ], [ -2.41408, 37.33671 ], [ -2.40558, 37.33433 ], [ -2.39261, 37.33922 ], [ -2.39181, 37.32441 ], [ -2.37999, 37.31326 ], [ -2.37837, 37.28835 ], [ -2.36727, 37.28081 ], [ -2.35867, 37.29911 ] ] } },
{ "type": "Feature", "properties": { "CMUN": "04088", "NMUN": "Tabernas", "NPRO": "Almería", "CPRO": "04", "stroke": "#aaaaaa", "stroke-width": 0.7, "stroke-opacity": 0.45 }, "geometry": { "type": "LineString", "coordinates": [ [ -2.30354, 36.99762 ], [ -2.28164, 37.01524 ], [ -2.29501, 37.03788 ], [ -2.29194, 37.05826 ], [ -2.27107, 37.06361 ], [ -2.24647, 37.0627 ], [ -2.22983, 37.05916 ], [ -2.23536, 37.03879 ], [ -2.22683, 37.0653 ], [ -2.23723, 37.09506 ], [ -2.2502, 37.11167 ], [ -2.28348, 37.13013 ], [ -2.31816, 37.14272 ], [ -2.34692, 37.15371 ], [ -2.36257, 37.15257 ], [ -2.39936, 37.14122 ], [ -2.42239, 37.13644 ], [ -2.44353, 37.12897 ], [ -2.46446, 37.09666 ], [ -2.48036, 37.08368 ], [ -2.47866, 37.05838 ], [ -2.48896, 37.06053 ], [ -2.47009, 37.04661 ], [ -2.44847, 37.01924 ], [ -2.4454, 37.00978 ], [ -2.42673, 37.00168 ], [ -2.40055, 36.98557 ], [ -2.35748, 36.98896 ], [ -2.31067, 37.00001 ], [ -2.30354, 36.99762 ] ] } },
{ "type": "Feature", "properties": { "CMUN": "04089", "NMUN": "Taberno", "NPRO": "Almería", "CPRO": "04", "stroke": "#aaaaaa", "stroke-width": 0.7, "stroke-opacity": 0.45 }, "geometry": { "type": "LineString", "coordinates": [ [ -2.03444, 37.47723 ], [ -2.04363, 37.4916 ], [ -2.04043, 37.49575 ], [ -2.04575, 37.51016 ], [ -2.0663, 37.52544 ], [ -2.07488, 37.52317 ], [ -2.09784, 37.53331 ], [ -2.09923, 37.52581 ], [ -2.09465, 37.50637 ], [ -2.08718, 37.50138 ], [ -2.08483, 37.4816 ], [ -2.09828, 37.46887 ], [ -2.08282, 37.45408 ], [ -2.05704, 37.44167 ], [ -2.0309, 37.4307 ], [ -2.01498, 37.43193 ], [ -2.02705, 37.44368 ], [ -2.03444, 37.47723 ] ] } },
{ "type": "Feature", "properties": { "CMUN": "04090", "NMUN": "Tahal", "NPRO": "Almería", "CPRO": "04", "stroke": "#aaaaaa", "stroke-width": 0.7, "stroke-opacity": 0.45 }, "geometry": { "type": "LineString", "coordinates": [ [ -2.27348, 37.24196 ], [ -2.27563, 37.24788 ], [ -2.29775, 37.26577 ], [ -2.29423, 37.27639 ], [ -2.30896, 37.26924 ], [ -2.33271, 37.26584 ], [ -2.34533, 37.25463 ], [ -2.36122, 37.25409 ], [ -2.3549, 37.22798 ], [ -2.35047, 37.22175 ], [ -2.32271, 37.21247 ], [ -2.30974, 37.21492 ], [ -2.29635, 37.2094 ], [ -2.29316, 37.19823 ], [ -2.29674, 37.18509 ], [ -2.29188, 37.16616 ], [ -2.31233, 37.1511 ], [ -2.31816, 37.14272 ], [ -2.28348, 37.13013 ], [ -2.2502, 37.11167 ], [ -2.24481, 37.10854 ], [ -2.21319, 37.12579 ], [ -2.20969, 37.13383 ], [ -2.21793, 37.14767 ], [ -2.2272, 37.15632 ], [ -2.23722, 37.16592 ], [ -2.23992, 37.17807 ], [ -2.25561, 37.19067 ], [ -2.25747, 37.20445 ], [ -2.27145, 37.20841 ], [ -2.27574, 37.21485 ], [ -2.26984, 37.22689 ], [ -2.28095, 37.23766 ], [ -2.27348, 37.24196 ] ] } },
{ "type": "Feature", "properties": { "CMUN": "04091", "NMUN": "Terque", "NPRO": "Almería", "CPRO": "04", "stroke": "#aaaaaa", "stroke-width": 0.7, "stroke-opacity": 0.45 }, "geometry": { "type": "MultiLineString", "coordinates": [ [ [ -2.612, 36.92486 ], [ -2.62941, 36.92095 ], [ -2.66731, 36.92707 ], [ -2.68228, 36.93331 ], [ -2.69418, 36.92613 ], [ -2.69164, 36.91411 ], [ -2.69164, 36.91411 ], [ -2.68048, 36.91903 ], [ -2.66243, 36.91574 ], [ -2.63471, 36.91693 ], [ -2.60681, 36.90773 ], [ -2.612, 36.92486 ] ], [ [ -2.58293, 36.98 ], [ -2.59703, 36.99498 ], [ -2.61336, 37.00478 ], [ -2.6109, 36.98624 ], [ -2.61635, 36.97863 ], [ -2.59834, 36.97579 ], [ -2.5899, 36.97148 ], [ -2.59547, 36.95982 ], [ -2.59688, 36.94502 ], [ -2.58673, 36.95072 ], [ -2.58093, 36.96585 ], [ -2.58293, 36.98 ] ] ] } },
{ "type": "Feature", "properties": { "CMUN": "04092", "NMUN": "Tíjola", "NPRO": "Almería", "CPRO": "04", "stroke": "#aaaaaa", "stroke-width": 0.7, "stroke-opacity": 0.45 }, "geometry": { "type": "LineString", "coordinates": [ [ -2.42164, 37.34179 ], [ -2.42275, 37.35572 ], [ -2.44067, 37.36642 ], [ -2.45347, 37.38253 ], [ -2.47552, 37.40479 ], [ -2.49092, 37.44219 ], [ -2.48946, 37.44962 ], [ -2.51442, 37.47791 ], [ -2.53505, 37.46204 ], [ -2.54382, 37.44975 ], [ -2.54382, 37.435 ], [ -2.54, 37.41137 ], [ -2.51802, 37.39913 ], [ -2.49197, 37.37817 ], [ -2.48611, 37.3698 ], [ -2.47903, 37.33685 ], [ -2.45011, 37.33725 ], [ -2.43321, 37.33533 ], [ -2.42164, 37.34179 ] ] } },
{ "type": "Feature", "properties": { "CMUN": "04093", "NMUN": "Turre", "NPRO": "Almería", "CPRO": "04", "stroke": "#aaaaaa", "stroke-width": 0.7, "stroke-opacity": 0.45 }, "geometry": { "type": "LineString", "coordinates": [ [ -1.91563, 37.05149 ], [ -1.90826, 37.06744 ], [ -1.89476, 37.08403 ], [ -1.90028, 37.09381 ], [ -1.89149, 37.09845 ], [ -1.87508, 37.11987 ], [ -1.88383, 37.1387 ], [ -1.87992, 37.14101 ], [ -1.87903, 37.16083 ], [ -1.88191, 37.18437 ], [ -1.88648, 37.19081 ], [ -1.90897, 37.18733 ], [ -1.90349, 37.17122 ], [ -1.90319, 37.15932 ], [ -1.93633, 37.13971 ], [ -1.94656, 37.14695 ], [ -1.95512, 37.13949 ], [ -1.97062, 37.13246 ], [ -1.98286, 37.13413 ], [ -1.99659, 37.12334 ], [ -2.00602, 37.12552 ], [ -2.00889, 37.11938 ], [ -1.99791, 37.08977 ], [ -1.9954, 37.07425 ], [ -2.0036, 37.06484 ], [ -1.9955, 37.04455 ], [ -1.97063, 37.04696 ], [ -1.95532, 37.05157 ], [ -1.93458, 37.05327 ], [ -1.91563, 37.05149 ] ] } },
{ "type": "Feature", "properties": { "CMUN": "04094", "NMUN": "Turrillas", "NPRO": "Almería", "CPRO": "04", "stroke": "#aaaaaa", "stroke-width": 0.7, "stroke-opacity": 0.45 }, "geometry": { "type": "LineString", "coordinates": [ [ -2.23536, 37.03879 ], [ -2.22983, 37.05916 ], [ -2.24647, 37.0627 ], [ -2.27107, 37.06361 ], [ -2.29194, 37.05826 ], [ -2.29501, 37.03788 ], [ -2.28164, 37.01524 ], [ -2.30354, 36.99762 ], [ -2.29956, 36.99299 ], [ -2.27926, 36.98904 ], [ -2.25592, 37.00255 ], [ -2.22727, 37.00871 ], [ -2.21103, 37.01856 ], [ -2.21818, 37.02325 ], [ -2.23487, 37.02511 ], [ -2.23536, 37.03879 ] ] } },
{ "type": "Feature", "properties": { "CMUN": "04095", "NMUN": "Uleila del Campo", "NPRO": "Almería", "CPRO": "04", "stroke": "#aaaaaa", "stroke-width": 0.7, "stroke-opacity": 0.45 }, "geometry": { "type": "LineString", "coordinates": [ [ -2.15527, 37.21558 ], [ -2.15728, 37.21666 ], [ -2.17812, 37.21055 ], [ -2.18198, 37.21337 ], [ -2.20679, 37.21042 ], [ -2.20707, 37.19877 ], [ -2.21591, 37.16468 ], [ -2.2272, 37.15632 ], [ -2.21793, 37.14767 ], [ -2.20969, 37.13383 ], [ -2.19943, 37.13377 ], [ -2.16603, 37.15635 ], [ -2.15695, 37.17006 ], [ -2.15249, 37.20623 ], [ -2.15527, 37.21558 ] ] } },
{ "type": "Feature", "properties": { "CMUN": "04096", "NMUN": "Urrácal", "NPRO": "Almería", "CPRO": "04", "stroke": "#aaaaaa", "stroke-width": 0.7, "stroke-opacity": 0.45 }, "geometry": { "type": "LineString", "coordinates": [ [ -2.32045, 37.3676 ], [ -2.32373, 37.37387 ], [ -2.31609, 37.38608 ], [ -2.3237, 37.39841 ], [ -2.32637, 37.41533 ], [ -2.33214, 37.41937 ], [ -2.34826, 37.4145 ], [ -2.36717, 37.41471 ], [ -2.37888, 37.41887 ], [ -2.38091, 37.40578 ], [ -2.37995, 37.38348 ], [ -2.36062, 37.36771 ], [ -2.33838, 37.36943 ], [ -2.32045, 37.3676 ] ] } },
{ "type": "Feature", "properties": { "CMUN": "04097", "NMUN": "Velefique", "NPRO": "Almería", "CPRO": "04", "stroke": "#aaaaaa", "stroke-width": 0.7, "stroke-opacity": 0.45 }, "geometry": { "type": "LineString", "coordinates": [ [ -2.36846, 37.24993 ], [ -2.40295, 37.26456 ], [ -2.4065, 37.24625 ], [ -2.42021, 37.22508 ], [ -2.43858, 37.22264 ], [ -2.45634, 37.21622 ], [ -2.43229, 37.19828 ], [ -2.42632, 37.18113 ], [ -2.42708, 37.14822 ], [ -2.42239, 37.13644 ], [ -2.39936, 37.14122 ], [ -2.36257, 37.15257 ], [ -2.36811, 37.16843 ], [ -2.36224, 37.20133 ], [ -2.3744, 37.221 ], [ -2.36846, 37.24993 ] ] } },
{ "type": "Feature", "properties": { "CMUN": "04098", "NMUN": "Vélez-Blanco", "NPRO": "Almería", "CPRO": "04", "stroke": "#aaaaaa", "stroke-width": 0.7, "stroke-opacity": 0.45 }, "geometry": { "type": "LineString", "coordinates": [ [ -1.99277, 37.6433 ], [ -2.01193, 37.67254 ], [ -2.00978, 37.68679 ], [ -2.01266, 37.7006 ], [ -2.00766, 37.71979 ], [ -1.99584, 37.72805 ], [ -2.00254, 37.74778 ], [ -2.00884, 37.77495 ], [ -2.00172, 37.80491 ], [ -1.99648, 37.81901 ], [ -1.99952, 37.82314 ], [ -1.99528, 37.84138 ], [ -1.98836, 37.85346 ], [ -1.97799, 37.85977 ], [ -1.9745, 37.86847 ], [ -1.9947, 37.88048 ], [ -2.00453, 37.88061 ], [ -2.02136, 37.86852 ], [ -2.06047, 37.88272 ], [ -2.07352, 37.88397 ], [ -2.08582, 37.87482 ], [ -2.10112, 37.87899 ], [ -2.11019, 37.89064 ], [ -2.12403, 37.90051 ], [ -2.14515, 37.89779 ], [ -2.15608, 37.8917 ], [ -2.172, 37.88869 ], [ -2.18494, 37.90363 ], [ -2.20766, 37.91657 ], [ -2.25077, 37.89718 ], [ -2.2568, 37.88997 ], [ -2.23163, 37.85642 ], [ -2.23114, 37.84419 ], [ -2.21931, 37.8145 ], [ -2.22065, 37.79505 ], [ -2.21528, 37.77664 ], [ -2.20164, 37.76202 ], [ -2.17632, 37.76194 ], [ -2.17107, 37.75254 ], [ -2.16023, 37.75365 ], [ -2.13862, 37.72836 ], [ -2.13402, 37.71544 ], [ -2.13648, 37.69317 ], [ -2.15577, 37.68962 ], [ -2.16014, 37.6851 ], [ -2.18295, 37.67636 ], [ -2.17652, 37.66161 ], [ -2.15723, 37.66439 ], [ -2.14876, 37.65887 ], [ -2.13158, 37.65526 ], [ -2.10745, 37.6623 ], [ -2.08232, 37.65214 ], [ -2.06989, 37.66594 ], [ -2.04962, 37.66794 ], [ -2.0386, 37.66537 ], [ -2.03286, 37.65352 ], [ -2.0124, 37.64276 ], [ -1.99277, 37.6433 ] ] } },
{ "type": "Feature", "properties": { "CMUN": "04099", "NMUN": "Vélez-Rubio", "NPRO": "Almería", "CPRO": "04", "stroke": "#aaaaaa", "stroke-width": 0.7, "stroke-opacity": 0.45 }, "geometry": { "type": "LineString", "coordinates": [ [ -1.91642, 37.54485 ], [ -1.93197, 37.56435 ], [ -1.95379, 37.58795 ], [ -1.95528, 37.60086 ], [ -1.96515, 37.60504 ], [ -1.97868, 37.62203 ], [ -1.98148, 37.63599 ], [ -1.99277, 37.6433 ], [ -2.0124, 37.64276 ], [ -2.03286, 37.65352 ], [ -2.0386, 37.66537 ], [ -2.04962, 37.66794 ], [ -2.06989, 37.66594 ], [ -2.08232, 37.65214 ], [ -2.10745, 37.6623 ], [ -2.13158, 37.65526 ], [ -2.14876, 37.65887 ], [ -2.15723, 37.66439 ], [ -2.17652, 37.66161 ], [ -2.20173, 37.65248 ], [ -2.19967, 37.64227 ], [ -2.18759, 37.6296 ], [ -2.1831, 37.60108 ], [ -2.17433, 37.59403 ], [ -2.16579, 37.55906 ], [ -2.15338, 37.54576 ], [ -2.12809, 37.54464 ], [ -2.09784, 37.53331 ], [ -2.07488, 37.52317 ], [ -2.0663, 37.52544 ], [ -2.04575, 37.51016 ], [ -2.04043, 37.49575 ], [ -2.04363, 37.4916 ], [ -2.03444, 37.47723 ], [ -2.03099, 37.48336 ], [ -2.02543, 37.51348 ], [ -2.01288, 37.52579 ], [ -1.98786, 37.52742 ], [ -1.94772, 37.53602 ], [ -1.91817, 37.53577 ], [ -1.91115, 37.53823 ], [ -1.91642, 37.54485 ] ] } },
{ "type": "Feature", "properties": { "CMUN": "04100", "NMUN": "Vera", "NPRO": "Almería", "CPRO": "04", "stroke": "#aaaaaa", "stroke-width": 0.7, "stroke-opacity": 0.45 }, "geometry": { "type": "LineString", "coordinates": [ [ -1.79632, 37.22939 ], [ -1.81485, 37.24461 ], [ -1.84214, 37.25887 ], [ -1.8682, 37.26741 ], [ -1.89159, 37.27104 ], [ -1.89192, 37.23356 ], [ -1.88719, 37.22116 ], [ -1.89944, 37.20754 ], [ -1.91848, 37.19175 ], [ -1.90897, 37.18733 ], [ -1.88648, 37.19081 ], [ -1.84172, 37.18805 ], [ -1.8441, 37.19382 ], [ -1.83184, 37.20817 ], [ -1.81858, 37.19548 ], [ -1.81595, 37.18852 ], [ -1.8028, 37.22142 ], [ -1.79632, 37.22939 ] ] } },
{ "type": "Feature", "properties": { "CMUN": "04101", "NMUN": "Viator", "NPRO": "Almería", "CPRO": "04", "stroke": "#aaaaaa", "stroke-width": 0.7, "stroke-opacity": 0.45 }, "geometry": { "type": "LineString", "coordinates": [ [ -2.4257, 36.86609 ], [ -2.42095, 36.86617 ], [ -2.38876, 36.87985 ], [ -2.37064, 36.89238 ], [ -2.36741, 36.91209 ], [ -2.37088, 36.92193 ], [ -2.38008, 36.92699 ], [ -2.39187, 36.91326 ], [ -2.40695, 36.90457 ], [ -2.43526, 36.89377 ], [ -2.4257, 36.86609 ] ] } },
{ "type": "Feature", "properties": { "CMUN": "04102", "NMUN": "Vícar", "NPRO": "Almería", "CPRO": "04", "stroke": "#aaaaaa", "stroke-width": 0.7, "stroke-opacity": 0.45 }, "geometry": { "type": "LineString", "coordinates": [ [ -2.66129, 36.73317 ], [ -2.65879, 36.73991 ], [ -2.6554, 36.77466 ], [ -2.63781, 36.78872 ], [ -2.6208, 36.79064 ], [ -2.60393, 36.80111 ], [ -2.59808, 36.82131 ], [ -2.61507, 36.84089 ], [ -2.6291, 36.8525 ], [ -2.66679, 36.83899 ], [ -2.67473, 36.83386 ], [ -2.67782, 36.82408 ], [ -2.68736, 36.81884 ], [ -2.7017, 36.82185 ], [ -2.70016, 36.84177 ], [ -2.70953, 36.84235 ], [ -2.72387, 36.85296 ], [ -2.73622, 36.86723 ], [ -2.7504, 36.86133 ], [ -2.73928, 36.84684 ], [ -2.72058, 36.82853 ], [ -2.71831, 36.81474 ], [ -2.6984, 36.80958 ], [ -2.68169, 36.81232 ], [ -2.67925, 36.77059 ], [ -2.66744, 36.73769 ], [ -2.66129, 36.73317 ] ] } },
{ "type": "Feature", "properties": { "CMUN": "04103", "NMUN": "Zurgena", "NPRO": "Almería", "CPRO": "04", "stroke": "#aaaaaa", "stroke-width": 0.7, "stroke-opacity": 0.45 }, "geometry": { "type": "LineString", "coordinates": [ [ -2.02373, 37.29644 ], [ -2.00981, 37.31021 ], [ -2.00721, 37.33348 ], [ -2.00102, 37.34966 ], [ -2.00823, 37.3557 ], [ -2.00711, 37.36931 ], [ -1.99824, 37.38064 ], [ -2.00026, 37.41556 ], [ -2.00319, 37.42283 ], [ -2.01498, 37.43193 ], [ -2.0309, 37.4307 ], [ -2.04263, 37.42784 ], [ -2.0489, 37.41897 ], [ -2.05954, 37.39012 ], [ -2.05873, 37.37632 ], [ -2.0526, 37.36864 ], [ -2.06029, 37.3506 ], [ -2.06413, 37.31345 ], [ -2.06967, 37.30813 ], [ -2.07059, 37.2954 ], [ -2.04609, 37.28802 ], [ -2.04102, 37.28958 ], [ -2.02373, 37.29644 ] ] } },
{ "type": "Feature", "properties": { "CMUN": "04901", "NMUN": "Tres Villas, Las", "NPRO": "Almería", "CPRO": "04", "stroke": "#aaaaaa", "stroke-width": 0.7, "stroke-opacity": 0.45 }, "geometry": { "type": "LineString", "coordinates": [ [ -2.68171, 37.21703 ], [ -2.70494, 37.22278 ], [ -2.71425, 37.23159 ], [ -2.72532, 37.23114 ], [ -2.73302, 37.23732 ], [ -2.73999, 37.22876 ], [ -2.75903, 37.22671 ], [ -2.75337, 37.22152 ], [ -2.74889, 37.1889 ], [ -2.75212, 37.16677 ], [ -2.74347, 37.16348 ], [ -2.7417, 37.14964 ], [ -2.74972, 37.14559 ], [ -2.75062, 37.13305 ], [ -2.75584, 37.1244 ], [ -2.74828, 37.11822 ], [ -2.74897, 37.10967 ], [ -2.76018, 37.10103 ], [ -2.74951, 37.09124 ], [ -2.75773, 37.08524 ], [ -2.73426, 37.08374 ], [ -2.71288, 37.07817 ], [ -2.70078, 37.09673 ], [ -2.70915, 37.10775 ], [ -2.68775, 37.12905 ], [ -2.68866, 37.15755 ], [ -2.68603, 37.17123 ], [ -2.68873, 37.17959 ], [ -2.68171, 37.21703 ] ] } },
{ "type": "Feature", "properties": { "CMUN": "04902", "NMUN": "Ejido, El", "NPRO": "Almería", "CPRO": "04", "stroke": "#aaaaaa", "stroke-width": 0.7, "stroke-opacity": 0.45 }, "geometry": { "type": "LineString", "coordinates": [ [ -2.90712, 36.74306 ], [ -2.88177, 36.72377 ], [ -2.85762, 36.69851 ], [ -2.84532, 36.69545 ], [ -2.83315, 36.704 ], [ -2.81449, 36.70599 ], [ -2.80043, 36.70179 ], [ -2.77171, 36.68076 ], [ -2.71422, 36.68499 ], [ -2.70061, 36.68273 ], [ -2.67421, 36.69433 ], [ -2.65718, 36.69772 ], [ -2.6645, 36.72317 ], [ -2.69595, 36.74467 ], [ -2.70399, 36.75594 ], [ -2.71174, 36.77923 ], [ -2.71831, 36.81474 ], [ -2.72058, 36.82853 ], [ -2.72552, 36.81574 ], [ -2.7519, 36.81862 ], [ -2.76422, 36.81776 ], [ -2.79167, 36.82137 ], [ -2.79608, 36.81269 ], [ -2.818, 36.80759 ], [ -2.83031, 36.80878 ], [ -2.83894, 36.79976 ], [ -2.84793, 36.80064 ], [ -2.86222, 36.78407 ], [ -2.87205, 36.79119 ], [ -2.88076, 36.78488 ], [ -2.89853, 36.78079 ], [ -2.89736, 36.75165 ], [ -2.90712, 36.74306 ] ] } },
{ "type": "Feature", "properties": { "CMUN": "04903", "NMUN": "Mojonera, La", "NPRO": "Almería", "CPRO": "04", "stroke": "#aaaaaa", "stroke-width": 0.7, "stroke-opacity": 0.45 }, "geometry": { "type": "LineString", "coordinates": [ [ -2.66129, 36.73317 ], [ -2.66744, 36.73769 ], [ -2.67925, 36.77059 ], [ -2.68169, 36.81232 ], [ -2.6984, 36.80958 ], [ -2.71831, 36.81474 ], [ -2.71174, 36.77923 ], [ -2.70399, 36.75594 ], [ -2.69595, 36.74467 ], [ -2.6645, 36.72317 ], [ -2.66129, 36.73317 ] ] } },
{ "type": "Feature", "properties": { "CMUN": "04904", "NMUN": "Balanegra", "NPRO": "Almería", "CPRO": "04", "stroke": "#aaaaaa", "stroke-width": 0.7, "stroke-opacity": 0.45 }, "geometry": { "type": "LineString", "coordinates": [ [ -2.90712, 36.74306 ], [ -2.89736, 36.75165 ], [ -2.89853, 36.78079 ], [ -2.90206, 36.80189 ], [ -2.92071, 36.80213 ], [ -2.94312, 36.7992 ], [ -2.98979, 36.78295 ], [ -2.9302, 36.75326 ], [ -2.93162, 36.75079 ], [ -2.92373, 36.75147 ], [ -2.90712, 36.74306 ] ] } },
{ "type": "Feature", "properties": { "CMUN": "11001", "NMUN": "Alcalá de los Gazules", "NPRO": "Cádiz", "CPRO": "11", "stroke": "#aaaaaa", "stroke-width": 0.7, "stroke-opacity": 0.45 }, "geometry": { "type": "LineString", "coordinates": [ [ -5.56002, 36.50348 ], [ -5.57203, 36.51258 ], [ -5.58307, 36.51383 ], [ -5.59836, 36.5085 ], [ -5.60785, 36.51621 ], [ -5.6353, 36.52672 ], [ -5.64985, 36.53803 ], [ -5.664, 36.54435 ], [ -5.71576, 36.55602 ], [ -5.75676, 36.55455 ], [ -5.77441, 36.55012 ], [ -5.79618, 36.54923 ], [ -5.83014, 36.53816 ], [ -5.82933, 36.51163 ], [ -5.83893, 36.49715 ], [ -5.81859, 36.47879 ], [ -5.80822, 36.44563 ], [ -5.80537, 36.42725 ], [ -5.80887, 36.42287 ], [ -5.79851, 36.41302 ], [ -5.78985, 36.39163 ], [ -5.79852, 36.36734 ], [ -5.78811, 36.35466 ], [ -5.77449, 36.35769 ], [ -5.75507, 36.34698 ], [ -5.71789, 36.34331 ], [ -5.70514, 36.33941 ], [ -5.68069, 36.33112 ], [ -5.64783, 36.33193 ], [ -5.6349, 36.32333 ], [ -5.61625, 36.31748 ], [ -5.60493, 36.31878 ], [ -5.57375, 36.34202 ], [ -5.57331, 36.3505 ], [ -5.57878, 36.36484 ], [ -5.58806, 36.38867 ], [ -5.5781, 36.42183 ], [ -5.57109, 36.43864 ], [ -5.55941, 36.50013 ], [ -5.56002, 36.50348 ] ] } },
{ "type": "Feature", "properties": { "CMUN": "11002", "NMUN": "Alcalá del Valle", "NPRO": "Cádiz", "CPRO": "11", "stroke": "#aaaaaa", "stroke-width": 0.7, "stroke-opacity": 0.45 }, "geometry": { "type": "LineString", "coordinates": [ [ -5.20062, 36.9284 ], [ -5.19649, 36.91924 ], [ -5.19408, 36.89366 ], [ -5.18608, 36.88697 ], [ -5.16572, 36.88562 ], [ -5.12762, 36.90623 ], [ -5.11663, 36.90764 ], [ -5.09178, 36.92104 ], [ -5.10036, 36.93403 ], [ -5.10625, 36.95595 ], [ -5.11011, 36.95933 ], [ -5.12164, 36.95213 ], [ -5.13751, 36.95156 ], [ -5.14305, 36.94612 ], [ -5.17183, 36.94087 ], [ -5.17802, 36.94189 ], [ -5.20062, 36.92841 ], [ -5.20062, 36.9284 ] ] } },
{ "type": "Feature", "properties": { "CMUN": "11003", "NMUN": "Algar", "NPRO": "Cádiz", "CPRO": "11", "stroke": "#aaaaaa", "stroke-width": 0.7, "stroke-opacity": 0.45 }, "geometry": { "type": "LineString", "coordinates": [ [ -5.59065, 36.68981 ], [ -5.61812, 36.68065 ], [ -5.61822, 36.67556 ], [ -5.64175, 36.66567 ], [ -5.66296, 36.66751 ], [ -5.67482, 36.67944 ], [ -5.68292, 36.67201 ], [ -5.69107, 36.65731 ], [ -5.6524, 36.62768 ], [ -5.63959, 36.62679 ], [ -5.63238, 36.63952 ], [ -5.61979, 36.63604 ], [ -5.61684, 36.64817 ], [ -5.60502, 36.65926 ], [ -5.61091, 36.66798 ], [ -5.5991, 36.68474 ], [ -5.59065, 36.68981 ] ] } },
{ "type": "Feature", "properties": { "CMUN": "11004", "NMUN": "Algeciras", "NPRO": "Cádiz", "CPRO": "11", "stroke": "#aaaaaa", "stroke-width": 0.7, "stroke-opacity": 0.45 }, "geometry": { "type": "LineString", "coordinates": [ [ -5.49502, 36.05019 ], [ -5.48694, 36.05422 ], [ -5.46453, 36.05026 ], [ -5.42592, 36.07681 ], [ -5.43037, 36.08492 ], [ -5.44356, 36.0898 ], [ -5.43383, 36.1239 ], [ -5.43973, 36.1272 ], [ -5.43585, 36.14541 ], [ -5.44507, 36.15508 ], [ -5.4307, 36.17219 ], [ -5.44097, 36.17549 ], [ -5.4552, 36.16354 ], [ -5.46586, 36.16823 ], [ -5.4764, 36.16543 ], [ -5.48898, 36.14446 ], [ -5.5146, 36.13661 ], [ -5.51843, 36.1288 ], [ -5.53609, 36.13184 ], [ -5.53949, 36.12148 ], [ -5.5511, 36.10935 ], [ -5.53576, 36.10554 ], [ -5.52447, 36.09663 ], [ -5.52001, 36.0815 ], [ -5.49502, 36.05019 ] ] } },
{ "type": "Feature", "properties": { "CMUN": "11005", "NMUN": "Algodonales", "NPRO": "Cádiz", "CPRO": "11", "stroke": "#aaaaaa", "stroke-width": 0.7, "stroke-opacity": 0.45 }, "geometry": { "type": "LineString", "coordinates": [ [ -5.30496, 36.87662 ], [ -5.3471, 36.90132 ], [ -5.35307, 36.91123 ], [ -5.37079, 36.92323 ], [ -5.40194, 36.93961 ], [ -5.41285, 36.94066 ], [ -5.43895, 36.93529 ], [ -5.46642, 36.92711 ], [ -5.48569, 36.92595 ], [ -5.51301, 36.91476 ], [ -5.53382, 36.89345 ], [ -5.52717, 36.86959 ], [ -5.52703, 36.8409 ], [ -5.5232, 36.8359 ], [ -5.51649, 36.842 ], [ -5.51759, 36.85252 ], [ -5.48166, 36.85763 ], [ -5.44747, 36.85295 ], [ -5.43415, 36.85305 ], [ -5.42375, 36.8599 ], [ -5.40556, 36.85687 ], [ -5.39317, 36.85841 ], [ -5.38275, 36.84976 ], [ -5.36947, 36.86117 ], [ -5.34268, 36.87214 ], [ -5.30496, 36.87662 ] ] } },
{ "type": "Feature", "properties": { "CMUN": "11006", "NMUN": "Arcos de la Frontera", "NPRO": "Cádiz", "CPRO": "11", "stroke": "#aaaaaa", "stroke-width": 0.7, "stroke-opacity": 0.45 }, "geometry": { "type": "LineString", "coordinates": [ [ -5.89105, 36.84219 ], [ -5.89741, 36.82983 ], [ -5.91278, 36.80846 ], [ -5.92067, 36.79255 ], [ -5.91828, 36.76476 ], [ -5.92472, 36.74555 ], [ -5.94635, 36.72735 ], [ -5.93573, 36.71391 ], [ -5.93013, 36.70116 ], [ -5.90285, 36.67508 ], [ -5.88969, 36.67353 ], [ -5.88008, 36.67907 ], [ -5.85431, 36.66946 ], [ -5.82946, 36.67096 ], [ -5.81207, 36.66858 ], [ -5.78022, 36.67053 ], [ -5.77357, 36.66315 ], [ -5.75377, 36.65939 ], [ -5.74085, 36.65226 ], [ -5.72201, 36.65126 ], [ -5.71109, 36.64716 ], [ -5.70407, 36.65996 ], [ -5.69107, 36.65731 ], [ -5.68292, 36.67201 ], [ -5.67482, 36.67944 ], [ -5.65729, 36.67655 ], [ -5.62799, 36.67787 ], [ -5.61812, 36.68065 ], [ -5.59065, 36.68981 ], [ -5.57508, 36.68456 ], [ -5.55128, 36.6804 ], [ -5.53982, 36.67038 ], [ -5.53289, 36.67868 ], [ -5.52894, 36.69393 ], [ -5.5323, 36.71134 ], [ -5.53381, 36.72052 ], [ -5.54432, 36.7331 ], [ -5.55789, 36.73412 ], [ -5.58021, 36.75504 ], [ -5.59999, 36.76261 ], [ -5.62489, 36.77967 ], [ -5.64181, 36.78844 ], [ -5.6413, 36.80244 ], [ -5.65942, 36.83109 ], [ -5.66423, 36.8481 ], [ -5.6692, 36.85209 ], [ -5.67656, 36.84883 ], [ -5.68071, 36.83845 ], [ -5.69507, 36.8329 ], [ -5.69809, 36.81838 ], [ -5.70788, 36.80671 ], [ -5.73176, 36.80338 ], [ -5.74916, 36.81161 ], [ -5.7551, 36.81787 ], [ -5.76392, 36.83663 ], [ -5.77733, 36.83893 ], [ -5.79468, 36.82834 ], [ -5.80784, 36.82593 ], [ -5.81698, 36.83206 ], [ -5.82489, 36.82763 ], [ -5.83487, 36.83482 ], [ -5.85969, 36.83644 ], [ -5.86629, 36.8426 ], [ -5.88883, 36.84677 ], [ -5.89105, 36.84219 ] ] } },
{ "type": "Feature", "properties": { "CMUN": "11007", "NMUN": "Barbate", "NPRO": "Cádiz", "CPRO": "11", "stroke": "#aaaaaa", "stroke-width": 0.7, "stroke-opacity": 0.45 }, "geometry": { "type": "LineString", "coordinates": [ [ -6.05477, 36.20576 ], [ -6.04037, 36.19235 ], [ -6.03428, 36.18101 ], [ -6.02613, 36.1863 ], [ -6.01047, 36.18525 ], [ -5.98572, 36.17713 ], [ -5.97432, 36.1774 ], [ -5.94472, 36.18659 ], [ -5.91529, 36.18491 ], [ -5.88203, 36.16339 ], [ -5.86475, 36.14957 ], [ -5.8418, 36.1268 ], [ -5.82276, 36.16738 ], [ -5.80123, 36.18949 ], [ -5.7868, 36.21585 ], [ -5.83043, 36.24048 ], [ -5.88964, 36.24073 ], [ -5.89533, 36.2365 ], [ -5.92594, 36.24448 ], [ -5.94438, 36.22827 ], [ -5.95916, 36.22404 ], [ -5.97785, 36.23178 ], [ -5.98819, 36.22216 ], [ -6.00107, 36.2162 ], [ -6.01392, 36.21602 ], [ -6.03365, 36.20867 ], [ -6.05477, 36.20576 ] ] } },
{ "type": "Feature", "properties": { "CMUN": "11008", "NMUN": "Barrios, Los", "NPRO": "Cádiz", "CPRO": "11", "stroke": "#aaaaaa", "stroke-width": 0.7, "stroke-opacity": 0.45 }, "geometry": { "type": "LineString", "coordinates": [ [ -5.5511, 36.10935 ], [ -5.53949, 36.12148 ], [ -5.53609, 36.13184 ], [ -5.51843, 36.1288 ], [ -5.5146, 36.13661 ], [ -5.48898, 36.14446 ], [ -5.4764, 36.16543 ], [ -5.46586, 36.16823 ], [ -5.4552, 36.16354 ], [ -5.44097, 36.17549 ], [ -5.4307, 36.17219 ], [ -5.41387, 36.17998 ], [ -5.42398, 36.19308 ], [ -5.42396, 36.20028 ], [ -5.43576, 36.21377 ], [ -5.43934, 36.22783 ], [ -5.43691, 36.24053 ], [ -5.45541, 36.24702 ], [ -5.46014, 36.25451 ], [ -5.48244, 36.26225 ], [ -5.51658, 36.26303 ], [ -5.51876, 36.27069 ], [ -5.55758, 36.27882 ], [ -5.54303, 36.30282 ], [ -5.52835, 36.31062 ], [ -5.54153, 36.31981 ], [ -5.54632, 36.33159 ], [ -5.56186, 36.34885 ], [ -5.57331, 36.3505 ], [ -5.57375, 36.34202 ], [ -5.60493, 36.31878 ], [ -5.61625, 36.31748 ], [ -5.62656, 36.30157 ], [ -5.65024, 36.2746 ], [ -5.64621, 36.2682 ], [ -5.6557, 36.24949 ], [ -5.6845, 36.24639 ], [ -5.6993, 36.25458 ], [ -5.70739, 36.24749 ], [ -5.69851, 36.23639 ], [ -5.69509, 36.21509 ], [ -5.68057, 36.19711 ], [ -5.6718, 36.1967 ], [ -5.65993, 36.20593 ], [ -5.63779, 36.18955 ], [ -5.62772, 36.19124 ], [ -5.62326, 36.183 ], [ -5.60657, 36.17442 ], [ -5.6087, 36.16411 ], [ -5.59877, 36.15681 ], [ -5.59986, 36.13256 ], [ -5.59774, 36.12096 ], [ -5.57853, 36.11263 ], [ -5.5511, 36.10935 ] ] } },
{ "type": "Feature", "properties": { "CMUN": "11009", "NMUN": "Benaocaz", "NPRO": "Cádiz", "CPRO": "11", "stroke": "#aaaaaa", "stroke-width": 0.7, "stroke-opacity": 0.45 }, "geometry": { "type": "LineString", "coordinates": [ [ -5.39138, 36.73342 ], [ -5.41964, 36.74739 ], [ -5.42832, 36.73954 ], [ -5.44399, 36.73711 ], [ -5.45427, 36.74529 ], [ -5.4665, 36.74545 ], [ -5.48189, 36.75459 ], [ -5.50047, 36.7357 ], [ -5.49818, 36.72421 ], [ -5.505, 36.71967 ], [ -5.5323, 36.71134 ], [ -5.52894, 36.69393 ], [ -5.51891, 36.6974 ], [ -5.49394, 36.69919 ], [ -5.48548, 36.68239 ], [ -5.47341, 36.68021 ], [ -5.4551, 36.6919 ], [ -5.43929, 36.68972 ], [ -5.43538, 36.68265 ], [ -5.42416, 36.68079 ], [ -5.41882, 36.66967 ], [ -5.40266, 36.65636 ], [ -5.39473, 36.66553 ], [ -5.41206, 36.68898 ], [ -5.39483, 36.70484 ], [ -5.38924, 36.71636 ], [ -5.39138, 36.73342 ] ] } },
{ "type": "Feature", "properties": { "CMUN": "11010", "NMUN": "Bornos", "NPRO": "Cádiz", "CPRO": "11", "stroke": "#aaaaaa", "stroke-width": 0.7, "stroke-opacity": 0.45 }, "geometry": { "type": "LineString", "coordinates": [ [ -5.76392, 36.83663 ], [ -5.7551, 36.81787 ], [ -5.74916, 36.81161 ], [ -5.73176, 36.80338 ], [ -5.70788, 36.80671 ], [ -5.69809, 36.81838 ], [ -5.69507, 36.8329 ], [ -5.68071, 36.83845 ], [ -5.67656, 36.84883 ], [ -5.6692, 36.85209 ], [ -5.6629, 36.86437 ], [ -5.67412, 36.88184 ], [ -5.7052, 36.90345 ], [ -5.70932, 36.89171 ], [ -5.72376, 36.88097 ], [ -5.73149, 36.86693 ], [ -5.75532, 36.85356 ], [ -5.76392, 36.83663 ] ] } },
{ "type": "Feature", "properties": { "CMUN": "11011", "NMUN": "Bosque, El", "NPRO": "Cádiz", "CPRO": "11", "stroke": "#aaaaaa", "stroke-width": 0.7, "stroke-opacity": 0.45 }, "geometry": { "type": "LineString", "coordinates": [ [ -5.48189, 36.75459 ], [ -5.47926, 36.77138 ], [ -5.48725, 36.78651 ], [ -5.50151, 36.79478 ], [ -5.51281, 36.78945 ], [ -5.52664, 36.7752 ], [ -5.52946, 36.75914 ], [ -5.54432, 36.7331 ], [ -5.53381, 36.72052 ], [ -5.5323, 36.71134 ], [ -5.505, 36.71967 ], [ -5.49818, 36.72421 ], [ -5.50047, 36.7357 ], [ -5.48189, 36.75459 ] ] } },
{ "type": "Feature", "properties": { "CMUN": "11012", "NMUN": "Cádiz", "NPRO": "Cádiz", "CPRO": "11", "stroke": "#aaaaaa", "stroke-width": 0.7, "stroke-opacity": 0.45 }, "geometry": { "type": "LineString", "coordinates": [ [ -6.22669, 36.46652 ], [ -6.22991, 36.46262 ], [ -6.25395, 36.46829 ], [ -6.26674, 36.48914 ], [ -6.26146, 36.50537 ], [ -6.26937, 36.50938 ], [ -6.27575, 36.52369 ], [ -6.29614, 36.53662 ], [ -6.28683, 36.51603 ], [ -6.25927, 36.47279 ], [ -6.24941, 36.44833 ], [ -6.2426, 36.44379 ], [ -6.23163, 36.44831 ], [ -6.22669, 36.46652 ] ] } },
{ "type": "Feature", "properties": { "CMUN": "11013", "NMUN": "Castellar de la Frontera", "NPRO": "Cádiz", "CPRO": "11", "stroke": "#aaaaaa", "stroke-width": 0.7, "stroke-opacity": 0.45 }, "geometry": { "type": "LineString", "coordinates": [ [ -5.40624, 36.34371 ], [ -5.41611, 36.3466 ], [ -5.42626, 36.35588 ], [ -5.45378, 36.36799 ], [ -5.47503, 36.37307 ], [ -5.48576, 36.37048 ], [ -5.53608, 36.36648 ], [ -5.54123, 36.36807 ], [ -5.57878, 36.36484 ], [ -5.57331, 36.3505 ], [ -5.56186, 36.34885 ], [ -5.54632, 36.33159 ], [ -5.54153, 36.31981 ], [ -5.52835, 36.31062 ], [ -5.54303, 36.30282 ], [ -5.55758, 36.27882 ], [ -5.51876, 36.27069 ], [ -5.51658, 36.26303 ], [ -5.48244, 36.26225 ], [ -5.46014, 36.25451 ], [ -5.45541, 36.24702 ], [ -5.43691, 36.24053 ], [ -5.42507, 36.24885 ], [ -5.41136, 36.25077 ], [ -5.40276, 36.26731 ], [ -5.3849, 36.28081 ], [ -5.36765, 36.28314 ], [ -5.35957, 36.29243 ], [ -5.36013, 36.31074 ], [ -5.35578, 36.32216 ], [ -5.36748, 36.33226 ], [ -5.37943, 36.3296 ], [ -5.39473, 36.33336 ], [ -5.40624, 36.34371 ] ] } },
{ "type": "Feature", "properties": { "CMUN": "11014", "NMUN": "Conil de la Frontera", "NPRO": "Cádiz", "CPRO": "11", "stroke": "#aaaaaa", "stroke-width": 0.7, "stroke-opacity": 0.45 }, "geometry": { "type": "LineString", "coordinates": [ [ -6.16214, 36.33011 ], [ -6.15129, 36.30641 ], [ -6.14216, 36.29541 ], [ -6.13134, 36.29672 ], [ -6.11388, 36.29339 ], [ -6.10308, 36.28411 ], [ -6.08895, 36.26516 ], [ -6.07925, 36.24324 ], [ -6.07585, 36.24832 ], [ -6.0603, 36.2527 ], [ -6.05052, 36.25952 ], [ -6.05554, 36.28357 ], [ -6.02601, 36.31266 ], [ -6.00944, 36.31797 ], [ -6.00103, 36.31543 ], [ -5.98893, 36.32125 ], [ -5.99577, 36.34517 ], [ -6.00331, 36.34794 ], [ -6.01727, 36.34259 ], [ -6.0477, 36.34646 ], [ -6.0863, 36.34313 ], [ -6.13567, 36.34105 ], [ -6.16214, 36.33011 ] ] } },
{ "type": "Feature", "properties": { "CMUN": "11015", "NMUN": "Chiclana de la Frontera", "NPRO": "Cádiz", "CPRO": "11", "stroke": "#aaaaaa", "stroke-width": 0.7, "stroke-opacity": 0.45 }, "geometry": { "type": "LineString", "coordinates": [ [ -6.16214, 36.33011 ], [ -6.13567, 36.34105 ], [ -6.0863, 36.34313 ], [ -6.0477, 36.34646 ], [ -6.01727, 36.34259 ], [ -6.00331, 36.34794 ], [ -5.99885, 36.3698 ], [ -5.9937, 36.37283 ], [ -6.02501, 36.40423 ], [ -6.03776, 36.42621 ], [ -6.04916, 36.4357 ], [ -6.05661, 36.44841 ], [ -6.07217, 36.46141 ], [ -6.07092, 36.46852 ], [ -6.10347, 36.46374 ], [ -6.1379, 36.4703 ], [ -6.16395, 36.46618 ], [ -6.16897, 36.45598 ], [ -6.18441, 36.45836 ], [ -6.17228, 36.44812 ], [ -6.18898, 36.43479 ], [ -6.20029, 36.44018 ], [ -6.21072, 36.42758 ], [ -6.21279, 36.41241 ], [ -6.20826, 36.4005 ], [ -6.21131, 36.38743 ], [ -6.20085, 36.37861 ], [ -6.18221, 36.36857 ], [ -6.16739, 36.3447 ], [ -6.16214, 36.33011 ] ] } },
{ "type": "Feature", "properties": { "CMUN": "11016", "NMUN": "Chipiona", "NPRO": "Cádiz", "CPRO": "11", "stroke": "#aaaaaa", "stroke-width": 0.7, "stroke-opacity": 0.45 }, "geometry": { "type": "LineString", "coordinates": [ [ -6.39687, 36.76235 ], [ -6.40851, 36.76144 ], [ -6.41445, 36.75096 ], [ -6.43001, 36.74817 ], [ -6.44235, 36.73616 ], [ -6.43934, 36.71925 ], [ -6.42117, 36.68997 ], [ -6.39524, 36.69846 ], [ -6.37895, 36.71467 ], [ -6.36993, 36.73351 ], [ -6.38066, 36.75133 ], [ -6.39687, 36.76235 ] ] } },
{ "type": "Feature", "properties": { "CMUN": "11017", "NMUN": "Espera", "NPRO": "Cádiz", "CPRO": "11", "stroke": "#aaaaaa", "stroke-width": 0.7, "stroke-opacity": 0.45 }, "geometry": { "type": "LineString", "coordinates": [ [ -5.73631, 36.91822 ], [ -5.74402, 36.92294 ], [ -5.763, 36.92572 ], [ -5.77411, 36.92425 ], [ -5.80639, 36.92515 ], [ -5.83179, 36.91565 ], [ -5.84551, 36.91521 ], [ -5.85991, 36.89997 ], [ -5.8696, 36.8937 ], [ -5.87652, 36.89471 ], [ -5.89358, 36.85158 ], [ -5.88883, 36.84677 ], [ -5.86629, 36.8426 ], [ -5.85969, 36.83644 ], [ -5.83487, 36.83482 ], [ -5.82489, 36.82763 ], [ -5.81698, 36.83206 ], [ -5.80784, 36.82593 ], [ -5.79468, 36.82834 ], [ -5.77733, 36.83893 ], [ -5.76392, 36.83663 ], [ -5.75532, 36.85356 ], [ -5.73149, 36.86693 ], [ -5.72376, 36.88097 ], [ -5.70932, 36.89171 ], [ -5.7052, 36.90345 ], [ -5.73631, 36.91822 ] ] } },
{ "type": "Feature", "properties": { "CMUN": "11018", "NMUN": "Gastor, El", "NPRO": "Cádiz", "CPRO": "11", "stroke": "#aaaaaa", "stroke-width": 0.7, "stroke-opacity": 0.45 }, "geometry": { "type": "LineString", "coordinates": [ [ -5.30158, 36.86964 ], [ -5.30496, 36.87662 ], [ -5.34268, 36.87214 ], [ -5.36947, 36.86117 ], [ -5.38275, 36.84976 ], [ -5.36602, 36.83862 ], [ -5.36483, 36.83129 ], [ -5.37432, 36.82076 ], [ -5.38051, 36.80815 ], [ -5.34943, 36.81352 ], [ -5.34071, 36.81942 ], [ -5.33251, 36.8386 ], [ -5.31403, 36.85627 ], [ -5.30577, 36.85812 ], [ -5.30158, 36.86964 ] ] } },
{ "type": "Feature", "properties": { "CMUN": "11019", "NMUN": "Grazalema", "NPRO": "Cádiz", "CPRO": "11", "stroke": "#aaaaaa", "stroke-width": 0.7, "stroke-opacity": 0.45 }, "geometry": { "type": "LineString", "coordinates": [ [ -5.29529, 36.76435 ], [ -5.29241, 36.77122 ], [ -5.29095, 36.77518 ], [ -5.31984, 36.78674 ], [ -5.32633, 36.8049 ], [ -5.34071, 36.81942 ], [ -5.34943, 36.81352 ], [ -5.38051, 36.80815 ], [ -5.40734, 36.80358 ], [ -5.44305, 36.80353 ], [ -5.46092, 36.80627 ], [ -5.50151, 36.79478 ], [ -5.48725, 36.78651 ], [ -5.47926, 36.77138 ], [ -5.48189, 36.75459 ], [ -5.4665, 36.74545 ], [ -5.45427, 36.74529 ], [ -5.44399, 36.73711 ], [ -5.42832, 36.73954 ], [ -5.41964, 36.74739 ], [ -5.39138, 36.73342 ], [ -5.36935, 36.73265 ], [ -5.36345, 36.72417 ], [ -5.35315, 36.73013 ], [ -5.34386, 36.72113 ], [ -5.33058, 36.72844 ], [ -5.32499, 36.72419 ], [ -5.31227, 36.73631 ], [ -5.30712, 36.75174 ], [ -5.29529, 36.76435 ] ] } },
{ "type": "Feature", "properties": { "CMUN": "11020", "NMUN": "Jerez de la Frontera", "NPRO": "Cádiz", "CPRO": "11", "stroke": "#aaaaaa", "stroke-width": 0.7, "stroke-opacity": 0.45 }, "geometry": { "type": "MultiLineString", "coordinates": [ [ [ -5.67482, 36.67944 ], [ -5.66296, 36.66751 ], [ -5.64175, 36.66567 ], [ -5.61822, 36.67556 ], [ -5.61812, 36.68065 ], [ -5.62799, 36.67787 ], [ -5.65729, 36.67655 ], [ -5.67482, 36.67944 ] ], [ [ -6.30368, 36.71892 ], [ -6.28244, 36.71344 ], [ -6.27075, 36.70774 ], [ -6.25578, 36.7061 ], [ -6.23966, 36.69371 ], [ -6.23958, 36.6848 ], [ -6.22896, 36.6736 ], [ -6.18465, 36.65084 ], [ -6.17271, 36.64099 ], [ -6.15414, 36.63633 ], [ -6.14262, 36.62205 ], [ -6.14002, 36.6051 ], [ -6.15311, 36.59939 ], [ -6.13232, 36.5936 ], [ -6.1165, 36.57349 ], [ -6.10093, 36.56534 ], [ -6.07033, 36.56455 ], [ -6.06092, 36.55805 ], [ -6.04185, 36.56273 ], [ -6.02674, 36.55219 ], [ -6.01612, 36.55232 ], [ -6.00946, 36.56195 ], [ -5.99489, 36.55007 ], [ -5.99845, 36.54199 ], [ -5.99713, 36.52856 ], [ -5.98013, 36.51854 ], [ -5.95161, 36.52568 ], [ -5.91872, 36.5288 ], [ -5.89545, 36.53536 ], [ -5.85124, 36.53463 ], [ -5.83014, 36.53816 ], [ -5.79618, 36.54923 ], [ -5.77441, 36.55012 ], [ -5.75676, 36.55455 ], [ -5.71576, 36.55602 ], [ -5.664, 36.54435 ], [ -5.64985, 36.53803 ], [ -5.6353, 36.52672 ], [ -5.60785, 36.51621 ], [ -5.60609, 36.52352 ], [ -5.61178, 36.5416 ], [ -5.59512, 36.55091 ], [ -5.57184, 36.54767 ], [ -5.56762, 36.54289 ], [ -5.5439, 36.53855 ], [ -5.53734, 36.52739 ], [ -5.52333, 36.53112 ], [ -5.51309, 36.54213 ], [ -5.50206, 36.54761 ], [ -5.48955, 36.57046 ], [ -5.47697, 36.57408 ], [ -5.46287, 36.58895 ], [ -5.45718, 36.60209 ], [ -5.45591, 36.61958 ], [ -5.51267, 36.6569 ], [ -5.53896, 36.66966 ], [ -5.54813, 36.66194 ], [ -5.56366, 36.65846 ], [ -5.56955, 36.64348 ], [ -5.58586, 36.6439 ], [ -5.59902, 36.63696 ], [ -5.60792, 36.62392 ], [ -5.62536, 36.62433 ], [ -5.63272, 36.61743 ], [ -5.66235, 36.59943 ], [ -5.66023, 36.56772 ], [ -5.66847, 36.55255 ], [ -5.68956, 36.56598 ], [ -5.6927, 36.57466 ], [ -5.70428, 36.57387 ], [ -5.723, 36.56628 ], [ -5.7295, 36.57357 ], [ -5.72838, 36.58419 ], [ -5.75521, 36.57143 ], [ -5.77229, 36.56609 ], [ -5.79228, 36.55237 ], [ -5.85921, 36.55033 ], [ -5.86962, 36.5525 ], [ -5.86224, 36.57035 ], [ -5.85485, 36.5798 ], [ -5.85215, 36.59153 ], [ -5.85829, 36.64712 ], [ -5.85431, 36.66946 ], [ -5.88008, 36.67907 ], [ -5.88969, 36.67353 ], [ -5.90285, 36.67508 ], [ -5.93013, 36.70116 ], [ -5.93573, 36.71391 ], [ -5.94635, 36.72735 ], [ -5.92472, 36.74555 ], [ -5.91828, 36.76476 ], [ -5.92067, 36.79255 ], [ -5.91278, 36.80846 ], [ -5.89741, 36.82983 ], [ -5.89105, 36.84219 ], [ -5.92535, 36.85307 ], [ -5.94134, 36.85192 ], [ -5.961, 36.85127 ], [ -5.97312, 36.84419 ], [ -6.0336, 36.84884 ], [ -6.05059, 36.85344 ], [ -6.08054, 36.85523 ], [ -6.10524, 36.85742 ], [ -6.12199, 36.86379 ], [ -6.13364, 36.85223 ], [ -6.15491, 36.8524 ], [ -6.20373, 36.8293 ], [ -6.22597, 36.82033 ], [ -6.23304, 36.81091 ], [ -6.23902, 36.79232 ], [ -6.24537, 36.78794 ], [ -6.27158, 36.79117 ], [ -6.27053, 36.78217 ], [ -6.2861, 36.76562 ], [ -6.29536, 36.7509 ], [ -6.2945, 36.74276 ], [ -6.3048, 36.72889 ], [ -6.30368, 36.71892 ] ] ] } },
{ "type": "Feature", "properties": { "CMUN": "11021", "NMUN": "Jimena de la Frontera", "NPRO": "Cádiz", "CPRO": "11", "stroke": "#aaaaaa", "stroke-width": 0.7, "stroke-opacity": 0.45 }, "geometry": { "type": "LineString", "coordinates": [ [ -5.57878, 36.36484 ], [ -5.54123, 36.36807 ], [ -5.53608, 36.36648 ], [ -5.48576, 36.37048 ], [ -5.47503, 36.37307 ], [ -5.45378, 36.36799 ], [ -5.42626, 36.35588 ], [ -5.41611, 36.3466 ], [ -5.40624, 36.34371 ], [ -5.40763, 36.3582 ], [ -5.41332, 36.36965 ], [ -5.40772, 36.37718 ], [ -5.39776, 36.37952 ], [ -5.3798, 36.37535 ], [ -5.36526, 36.38332 ], [ -5.36632, 36.38973 ], [ -5.34411, 36.41229 ], [ -5.35683, 36.42344 ], [ -5.35545, 36.4338 ], [ -5.37507, 36.45429 ], [ -5.3957, 36.46987 ], [ -5.40391, 36.49416 ], [ -5.40984, 36.49655 ], [ -5.41349, 36.52066 ], [ -5.42653, 36.52568 ], [ -5.42962, 36.53334 ], [ -5.45206, 36.53777 ], [ -5.47114, 36.53549 ], [ -5.49299, 36.53609 ], [ -5.5144, 36.51039 ], [ -5.5163, 36.50089 ], [ -5.52425, 36.49771 ], [ -5.5342, 36.50276 ], [ -5.56002, 36.50348 ], [ -5.55941, 36.50013 ], [ -5.57109, 36.43864 ], [ -5.5781, 36.42183 ], [ -5.58806, 36.38867 ], [ -5.57878, 36.36484 ] ] } },
{ "type": "Feature", "properties": { "CMUN": "11022", "NMUN": "Línea de la Concepción, La", "NPRO": "Cádiz", "CPRO": "11", "stroke": "#aaaaaa", "stroke-width": 0.7, "stroke-opacity": 0.45 }, "geometry": { "type": "LineString", "coordinates": [ [ -5.37064, 36.1692 ], [ -5.35769, 36.16257 ], [ -5.35148, 36.15255 ], [ -5.33918, 36.15202 ], [ -5.33557, 36.17692 ], [ -5.31953, 36.22385 ], [ -5.31128, 36.23727 ], [ -5.31243, 36.24165 ], [ -5.33813, 36.24581 ], [ -5.34548, 36.22697 ], [ -5.36145, 36.21481 ], [ -5.35891, 36.18214 ], [ -5.37064, 36.1692 ] ] } },
{ "type": "Feature", "properties": { "CMUN": "11023", "NMUN": "Medina Sidonia", "NPRO": "Cádiz", "CPRO": "11", "stroke": "#aaaaaa", "stroke-width": 0.7, "stroke-opacity": 0.45 }, "geometry": { "type": "LineString", "coordinates": [ [ -5.83893, 36.49715 ], [ -5.86354, 36.51566 ], [ -5.88359, 36.52539 ], [ -5.89545, 36.53536 ], [ -5.91872, 36.5288 ], [ -5.95161, 36.52568 ], [ -5.98013, 36.51854 ], [ -6.00524, 36.50164 ], [ -6.04432, 36.48026 ], [ -6.06322, 36.47423 ], [ -6.07092, 36.46852 ], [ -6.07217, 36.46141 ], [ -6.05661, 36.44841 ], [ -6.04916, 36.4357 ], [ -6.03776, 36.42621 ], [ -6.02501, 36.40423 ], [ -5.9937, 36.37283 ], [ -5.98378, 36.37595 ], [ -5.93927, 36.36024 ], [ -5.91527, 36.35495 ], [ -5.88726, 36.34204 ], [ -5.86487, 36.32528 ], [ -5.85526, 36.31299 ], [ -5.80811, 36.27024 ], [ -5.79142, 36.25202 ], [ -5.76616, 36.26499 ], [ -5.74815, 36.25651 ], [ -5.73981, 36.24801 ], [ -5.69509, 36.21509 ], [ -5.69851, 36.23639 ], [ -5.70739, 36.24749 ], [ -5.6993, 36.25458 ], [ -5.6845, 36.24639 ], [ -5.6557, 36.24949 ], [ -5.64621, 36.2682 ], [ -5.65024, 36.2746 ], [ -5.62656, 36.30157 ], [ -5.61625, 36.31748 ], [ -5.6349, 36.32333 ], [ -5.64783, 36.33193 ], [ -5.68069, 36.33112 ], [ -5.70514, 36.33941 ], [ -5.71134, 36.32389 ], [ -5.70565, 36.30415 ], [ -5.71965, 36.30043 ], [ -5.72961, 36.30913 ], [ -5.74748, 36.30339 ], [ -5.75658, 36.29592 ], [ -5.76642, 36.30196 ], [ -5.79766, 36.29515 ], [ -5.79854, 36.30889 ], [ -5.80373, 36.31923 ], [ -5.8028, 36.32935 ], [ -5.81084, 36.33225 ], [ -5.82073, 36.32628 ], [ -5.83451, 36.32481 ], [ -5.83508, 36.3368 ], [ -5.84333, 36.35163 ], [ -5.83701, 36.36889 ], [ -5.79852, 36.36734 ], [ -5.78985, 36.39163 ], [ -5.79851, 36.41302 ], [ -5.80887, 36.42287 ], [ -5.80537, 36.42725 ], [ -5.80822, 36.44563 ], [ -5.81859, 36.47879 ], [ -5.83893, 36.49715 ] ] } },
{ "type": "Feature", "properties": { "CMUN": "11024", "NMUN": "Olvera", "NPRO": "Cádiz", "CPRO": "11", "stroke": "#aaaaaa", "stroke-width": 0.7, "stroke-opacity": 0.45 }, "geometry": { "type": "LineString", "coordinates": [ [ -5.26978, 36.88421 ], [ -5.25577, 36.89946 ], [ -5.24969, 36.92084 ], [ -5.21516, 36.93561 ], [ -5.20062, 36.92841 ], [ -5.17802, 36.94189 ], [ -5.17183, 36.94087 ], [ -5.14305, 36.94612 ], [ -5.13751, 36.95156 ], [ -5.12164, 36.95213 ], [ -5.11011, 36.95933 ], [ -5.09558, 36.9683 ], [ -5.11242, 36.97645 ], [ -5.11514, 36.98896 ], [ -5.14238, 37.00386 ], [ -5.1584, 36.98932 ], [ -5.16264, 36.98142 ], [ -5.17322, 36.97786 ], [ -5.19166, 36.96641 ], [ -5.2073, 36.96178 ], [ -5.22522, 36.9423 ], [ -5.23453, 36.94105 ], [ -5.25673, 36.96404 ], [ -5.27381, 36.99019 ], [ -5.28588, 37.00064 ], [ -5.30203, 37.01923 ], [ -5.3021, 37.03736 ], [ -5.3375, 37.01174 ], [ -5.33965, 37.00456 ], [ -5.34535, 36.99739 ], [ -5.35937, 36.99272 ], [ -5.3653, 36.98566 ], [ -5.39239, 36.97328 ], [ -5.41156, 36.95605 ], [ -5.41285, 36.94066 ], [ -5.40194, 36.93961 ], [ -5.37079, 36.92323 ], [ -5.35307, 36.91123 ], [ -5.3471, 36.90132 ], [ -5.30496, 36.87662 ], [ -5.30158, 36.86964 ], [ -5.28953, 36.8732 ], [ -5.26978, 36.88421 ] ] } },
{ "type": "Feature", "properties": { "CMUN": "11025", "NMUN": "Paterna de Rivera", "NPRO": "Cádiz", "CPRO": "11", "stroke": "#aaaaaa", "stroke-width": 0.7, "stroke-opacity": 0.45 }, "geometry": { "type": "LineString", "coordinates": [ [ -5.83893, 36.49715 ], [ -5.82933, 36.51163 ], [ -5.83014, 36.53816 ], [ -5.85124, 36.53463 ], [ -5.89545, 36.53536 ], [ -5.88359, 36.52539 ], [ -5.86354, 36.51566 ], [ -5.83893, 36.49715 ] ] } },
{ "type": "Feature", "properties": { "CMUN": "11026", "NMUN": "Prado del Rey", "NPRO": "Cádiz", "CPRO": "11", "stroke": "#aaaaaa", "stroke-width": 0.7, "stroke-opacity": 0.45 }, "geometry": { "type": "LineString", "coordinates": [ [ -5.5232, 36.8359 ], [ -5.53575, 36.83288 ], [ -5.55633, 36.8206 ], [ -5.55313, 36.79781 ], [ -5.55863, 36.79177 ], [ -5.58255, 36.7872 ], [ -5.59999, 36.76261 ], [ -5.58021, 36.75504 ], [ -5.55789, 36.73412 ], [ -5.54432, 36.7331 ], [ -5.52946, 36.75914 ], [ -5.52664, 36.7752 ], [ -5.51281, 36.78945 ], [ -5.50151, 36.79478 ], [ -5.50015, 36.80321 ], [ -5.51545, 36.82866 ], [ -5.5232, 36.8359 ] ] } },
{ "type": "Feature", "properties": { "CMUN": "11027", "NMUN": "Puerto de Santa María, El", "NPRO": "Cádiz", "CPRO": "11", "stroke": "#aaaaaa", "stroke-width": 0.7, "stroke-opacity": 0.45 }, "geometry": { "type": "LineString", "coordinates": [ [ -6.29899, 36.61751 ], [ -6.2878, 36.61121 ], [ -6.27622, 36.59887 ], [ -6.26568, 36.57971 ], [ -6.24529, 36.58544 ], [ -6.23142, 36.58155 ], [ -6.22378, 36.56246 ], [ -6.23345, 36.52896 ], [ -6.22115, 36.52776 ], [ -6.20766, 36.54781 ], [ -6.20668, 36.56149 ], [ -6.21261, 36.57218 ], [ -6.19702, 36.58122 ], [ -6.18807, 36.57721 ], [ -6.18879, 36.5663 ], [ -6.17012, 36.56711 ], [ -6.15123, 36.58815 ], [ -6.15311, 36.59939 ], [ -6.14002, 36.6051 ], [ -6.14262, 36.62205 ], [ -6.15414, 36.63633 ], [ -6.17271, 36.64099 ], [ -6.18465, 36.65084 ], [ -6.22896, 36.6736 ], [ -6.23958, 36.6848 ], [ -6.23966, 36.69371 ], [ -6.25578, 36.7061 ], [ -6.27075, 36.70774 ], [ -6.28244, 36.71344 ], [ -6.30368, 36.71892 ], [ -6.31466, 36.71418 ], [ -6.32332, 36.70279 ], [ -6.31434, 36.69448 ], [ -6.31505, 36.68512 ], [ -6.30738, 36.67108 ], [ -6.31372, 36.66555 ], [ -6.29635, 36.65156 ], [ -6.30626, 36.6372 ], [ -6.29899, 36.61751 ] ] } },
{ "type": "Feature", "properties": { "CMUN": "11028", "NMUN": "Puerto Real", "NPRO": "Cádiz", "CPRO": "11", "stroke": "#aaaaaa", "stroke-width": 0.7, "stroke-opacity": 0.45 }, "geometry": { "type": "LineString", "coordinates": [ [ -6.23345, 36.52896 ], [ -6.25571, 36.52901 ], [ -6.24563, 36.50896 ], [ -6.2319, 36.50372 ], [ -6.21888, 36.50997 ], [ -6.20921, 36.50904 ], [ -6.19648, 36.52658 ], [ -6.17324, 36.52141 ], [ -6.17363, 36.50974 ], [ -6.18033, 36.50797 ], [ -6.17734, 36.49947 ], [ -6.16823, 36.49373 ], [ -6.18983, 36.4634 ], [ -6.18441, 36.45836 ], [ -6.16897, 36.45598 ], [ -6.16395, 36.46618 ], [ -6.1379, 36.4703 ], [ -6.10347, 36.46374 ], [ -6.07092, 36.46852 ], [ -6.06322, 36.47423 ], [ -6.04432, 36.48026 ], [ -6.00524, 36.50164 ], [ -5.98013, 36.51854 ], [ -5.99713, 36.52856 ], [ -5.99845, 36.54199 ], [ -5.99489, 36.55007 ], [ -6.00946, 36.56195 ], [ -6.01612, 36.55232 ], [ -6.02674, 36.55219 ], [ -6.04185, 36.56273 ], [ -6.06092, 36.55805 ], [ -6.07033, 36.56455 ], [ -6.10093, 36.56534 ], [ -6.1165, 36.57349 ], [ -6.13232, 36.5936 ], [ -6.15311, 36.59939 ], [ -6.15123, 36.58815 ], [ -6.17012, 36.56711 ], [ -6.18879, 36.5663 ], [ -6.18807, 36.57721 ], [ -6.19702, 36.58122 ], [ -6.21261, 36.57218 ], [ -6.20668, 36.56149 ], [ -6.20766, 36.54781 ], [ -6.22115, 36.52776 ], [ -6.23345, 36.52896 ] ] } },
{ "type": "Feature", "properties": { "CMUN": "11029", "NMUN": "Puerto Serrano", "NPRO": "Cádiz", "CPRO": "11", "stroke": "#aaaaaa", "stroke-width": 0.7, "stroke-opacity": 0.45 }, "geometry": { "type": "LineString", "coordinates": [ [ -5.55085, 36.92312 ], [ -5.53936, 36.90699 ], [ -5.53382, 36.89345 ], [ -5.51301, 36.91476 ], [ -5.48569, 36.92595 ], [ -5.46642, 36.92711 ], [ -5.43895, 36.93529 ], [ -5.44634, 36.94682 ], [ -5.4464, 36.95719 ], [ -5.45427, 36.96089 ], [ -5.457, 36.97069 ], [ -5.45245, 36.98258 ], [ -5.43524, 36.99112 ], [ -5.42108, 37.01115 ], [ -5.42143, 37.02446 ], [ -5.42774, 37.04457 ], [ -5.43369, 37.05245 ], [ -5.44791, 37.05022 ], [ -5.45945, 37.04214 ], [ -5.47312, 37.04294 ], [ -5.50011, 37.03909 ], [ -5.51099, 37.0336 ], [ -5.49505, 37.01125 ], [ -5.47024, 36.99164 ], [ -5.46973, 36.98395 ], [ -5.48097, 36.97269 ], [ -5.4902, 36.97275 ], [ -5.50234, 36.95832 ], [ -5.51153, 36.95795 ], [ -5.52096, 36.94754 ], [ -5.52479, 36.93733 ], [ -5.53635, 36.92984 ], [ -5.54612, 36.93018 ], [ -5.55085, 36.92312 ] ] } },
{ "type": "Feature", "properties": { "CMUN": "11030", "NMUN": "Rota", "NPRO": "Cádiz", "CPRO": "11", "stroke": "#aaaaaa", "stroke-width": 0.7, "stroke-opacity": 0.45 }, "geometry": { "type": "LineString", "coordinates": [ [ -6.42117, 36.68997 ], [ -6.39884, 36.65869 ], [ -6.39393, 36.64636 ], [ -6.39451, 36.63381 ], [ -6.3862, 36.62785 ], [ -6.36516, 36.61993 ], [ -6.34141, 36.62601 ], [ -6.3151, 36.62137 ], [ -6.30897, 36.61561 ], [ -6.29899, 36.61751 ], [ -6.30626, 36.6372 ], [ -6.29635, 36.65156 ], [ -6.31372, 36.66555 ], [ -6.30738, 36.67108 ], [ -6.31505, 36.68512 ], [ -6.31434, 36.69448 ], [ -6.32332, 36.70279 ], [ -6.34688, 36.71402 ], [ -6.36764, 36.72837 ], [ -6.36993, 36.73351 ], [ -6.37895, 36.71467 ], [ -6.39524, 36.69846 ], [ -6.42117, 36.68997 ] ] } },
{ "type": "Feature", "properties": { "CMUN": "11031", "NMUN": "San Fernando", "NPRO": "Cádiz", "CPRO": "11", "stroke": "#aaaaaa", "stroke-width": 0.7, "stroke-opacity": 0.45 }, "geometry": { "type": "LineString", "coordinates": [ [ -6.21131, 36.38743 ], [ -6.20826, 36.4005 ], [ -6.21279, 36.41241 ], [ -6.21072, 36.42758 ], [ -6.20029, 36.44018 ], [ -6.18898, 36.43479 ], [ -6.17228, 36.44812 ], [ -6.18441, 36.45836 ], [ -6.18983, 36.4634 ], [ -6.16823, 36.49373 ], [ -6.17734, 36.49947 ], [ -6.18033, 36.50797 ], [ -6.19294, 36.49645 ], [ -6.19367, 36.48674 ], [ -6.21329, 36.48057 ], [ -6.21229, 36.47041 ], [ -6.22669, 36.46652 ], [ -6.23163, 36.44831 ], [ -6.2426, 36.44379 ], [ -6.23362, 36.4348 ], [ -6.21903, 36.40318 ], [ -6.2188, 36.39276 ], [ -6.21131, 36.38743 ] ] } },
{ "type": "Feature", "properties": { "CMUN": "11032", "NMUN": "Sanlúcar de Barrameda", "NPRO": "Cádiz", "CPRO": "11", "stroke": "#aaaaaa", "stroke-width": 0.7, "stroke-opacity": 0.45 }, "geometry": { "type": "LineString", "coordinates": [ [ -6.39687, 36.76235 ], [ -6.38066, 36.75133 ], [ -6.36993, 36.73351 ], [ -6.36764, 36.72837 ], [ -6.34688, 36.71402 ], [ -6.32332, 36.70279 ], [ -6.31466, 36.71418 ], [ -6.30368, 36.71892 ], [ -6.3048, 36.72889 ], [ -6.2945, 36.74276 ], [ -6.29536, 36.7509 ], [ -6.2861, 36.76562 ], [ -6.27053, 36.78217 ], [ -6.27158, 36.79117 ], [ -6.24537, 36.78794 ], [ -6.23902, 36.79232 ], [ -6.23304, 36.81091 ], [ -6.22597, 36.82033 ], [ -6.20373, 36.8293 ], [ -6.21919, 36.84978 ], [ -6.24412, 36.85323 ], [ -6.25939, 36.84719 ], [ -6.26604, 36.84851 ], [ -6.28433, 36.86136 ], [ -6.28237, 36.87567 ], [ -6.29695, 36.90519 ], [ -6.33101, 36.8988 ], [ -6.34587, 36.888 ], [ -6.35213, 36.86132 ], [ -6.35392, 36.83832 ], [ -6.35181, 36.82527 ], [ -6.34353, 36.81249 ], [ -6.34576, 36.79877 ], [ -6.35383, 36.78954 ], [ -6.39687, 36.76235 ] ] } },
{ "type": "Feature", "properties": { "CMUN": "11033", "NMUN": "San Roque", "NPRO": "Cádiz", "CPRO": "11", "stroke": "#aaaaaa", "stroke-width": 0.7, "stroke-opacity": 0.45 }, "geometry": { "type": "LineString", "coordinates": [ [ -5.41387, 36.17998 ], [ -5.38304, 36.17938 ], [ -5.38176, 36.16935 ], [ -5.37064, 36.1692 ], [ -5.35891, 36.18214 ], [ -5.36145, 36.21481 ], [ -5.34548, 36.22697 ], [ -5.33813, 36.24581 ], [ -5.31243, 36.24165 ], [ -5.31128, 36.23727 ], [ -5.2958, 36.24673 ], [ -5.26856, 36.29984 ], [ -5.25236, 36.31126 ], [ -5.2595, 36.32235 ], [ -5.26785, 36.32418 ], [ -5.27766, 36.33707 ], [ -5.29131, 36.33679 ], [ -5.32008, 36.32507 ], [ -5.34041, 36.32845 ], [ -5.35578, 36.32216 ], [ -5.36013, 36.31074 ], [ -5.35957, 36.29243 ], [ -5.36765, 36.28314 ], [ -5.3849, 36.28081 ], [ -5.40276, 36.26731 ], [ -5.41136, 36.25077 ], [ -5.42507, 36.24885 ], [ -5.43691, 36.24053 ], [ -5.43934, 36.22783 ], [ -5.43576, 36.21377 ], [ -5.42396, 36.20028 ], [ -5.42398, 36.19308 ], [ -5.41387, 36.17998 ] ] } },
{ "type": "Feature", "properties": { "CMUN": "11034", "NMUN": "Setenil de las Bodegas", "NPRO": "Cádiz", "CPRO": "11", "stroke": "#aaaaaa", "stroke-width": 0.7, "stroke-opacity": 0.45 }, "geometry": { "type": "LineString", "coordinates": [ [ -5.26978, 36.88421 ], [ -5.2667, 36.87573 ], [ -5.2413, 36.86195 ], [ -5.23109, 36.86117 ], [ -5.22212, 36.85021 ], [ -5.22201, 36.84272 ], [ -5.20175, 36.83842 ], [ -5.18594, 36.82773 ], [ -5.17041, 36.82355 ], [ -5.15427, 36.83208 ], [ -5.1333, 36.8391 ], [ -5.11249, 36.87383 ], [ -5.10508, 36.89794 ], [ -5.08677, 36.90509 ], [ -5.09293, 36.91169 ], [ -5.09178, 36.92104 ], [ -5.11663, 36.90764 ], [ -5.12762, 36.90623 ], [ -5.16572, 36.88562 ], [ -5.18608, 36.88697 ], [ -5.19408, 36.89366 ], [ -5.19649, 36.91924 ], [ -5.20062, 36.9284 ], [ -5.21007, 36.90358 ], [ -5.22527, 36.89246 ], [ -5.24251, 36.89282 ], [ -5.26978, 36.88421 ] ] } },
{ "type": "Feature", "properties": { "CMUN": "11035", "NMUN": "Tarifa", "NPRO": "Cádiz", "CPRO": "11", "stroke": "#aaaaaa", "stroke-width": 0.7, "stroke-opacity": 0.45 }, "geometry": { "type": "LineString", "coordinates": [ [ -5.8418, 36.1268 ], [ -5.82546, 36.10424 ], [ -5.81839, 36.10081 ], [ -5.796, 36.0779 ], [ -5.78093, 36.08818 ], [ -5.77225, 36.08676 ], [ -5.74985, 36.07065 ], [ -5.73386, 36.06706 ], [ -5.71136, 36.0586 ], [ -5.69533, 36.06657 ], [ -5.68497, 36.06606 ], [ -5.67057, 36.05778 ], [ -5.65025, 36.05202 ], [ -5.63712, 36.04218 ], [ -5.61129, 36.01319 ], [ -5.60543, 36.01034 ], [ -5.57419, 36.01505 ], [ -5.53842, 36.03178 ], [ -5.51645, 36.03763 ], [ -5.49502, 36.05019 ], [ -5.52001, 36.0815 ], [ -5.52447, 36.09663 ], [ -5.53576, 36.10554 ], [ -5.5511, 36.10935 ], [ -5.57853, 36.11263 ], [ -5.59774, 36.12096 ], [ -5.59986, 36.13256 ], [ -5.59877, 36.15681 ], [ -5.6087, 36.16411 ], [ -5.60657, 36.17442 ], [ -5.62326, 36.183 ], [ -5.62772, 36.19124 ], [ -5.63779, 36.18955 ], [ -5.65993, 36.20593 ], [ -5.6718, 36.1967 ], [ -5.68057, 36.19711 ], [ -5.69509, 36.21509 ], [ -5.73981, 36.24801 ], [ -5.74815, 36.25651 ], [ -5.76616, 36.26499 ], [ -5.79142, 36.25202 ], [ -5.78931, 36.23547 ], [ -5.78231, 36.22003 ], [ -5.7868, 36.21585 ], [ -5.80123, 36.18949 ], [ -5.82276, 36.16738 ], [ -5.8418, 36.1268 ] ] } },
{ "type": "Feature", "properties": { "CMUN": "11036", "NMUN": "Torre Alháquime", "NPRO": "Cádiz", "CPRO": "11", "stroke": "#aaaaaa", "stroke-width": 0.7, "stroke-opacity": 0.45 }, "geometry": { "type": "LineString", "coordinates": [ [ -5.20062, 36.92841 ], [ -5.21516, 36.93561 ], [ -5.24969, 36.92084 ], [ -5.25577, 36.89946 ], [ -5.26978, 36.88421 ], [ -5.24251, 36.89282 ], [ -5.22527, 36.89246 ], [ -5.21007, 36.90358 ], [ -5.20062, 36.9284 ], [ -5.20062, 36.92841 ] ] } },
{ "type": "Feature", "properties": { "CMUN": "11037", "NMUN": "Trebujena", "NPRO": "Cádiz", "CPRO": "11", "stroke": "#aaaaaa", "stroke-width": 0.7, "stroke-opacity": 0.45 }, "geometry": { "type": "LineString", "coordinates": [ [ -6.20373, 36.8293 ], [ -6.15491, 36.8524 ], [ -6.13364, 36.85223 ], [ -6.12199, 36.86379 ], [ -6.15758, 36.88603 ], [ -6.18845, 36.89359 ], [ -6.20868, 36.89343 ], [ -6.231, 36.89811 ], [ -6.24837, 36.89365 ], [ -6.25843, 36.89526 ], [ -6.27829, 36.91085 ], [ -6.29695, 36.90519 ], [ -6.28237, 36.87567 ], [ -6.28433, 36.86136 ], [ -6.26604, 36.84851 ], [ -6.25939, 36.84719 ], [ -6.24412, 36.85323 ], [ -6.21919, 36.84978 ], [ -6.20373, 36.8293 ] ] } },
{ "type": "Feature", "properties": { "CMUN": "11038", "NMUN": "Ubrique", "NPRO": "Cádiz", "CPRO": "11", "stroke": "#aaaaaa", "stroke-width": 0.7, "stroke-opacity": 0.45 }, "geometry": { "type": "LineString", "coordinates": [ [ -5.45591, 36.61958 ], [ -5.4385, 36.61417 ], [ -5.4334, 36.6183 ], [ -5.41339, 36.62119 ], [ -5.39858, 36.62897 ], [ -5.39803, 36.63971 ], [ -5.40499, 36.64534 ], [ -5.40266, 36.65636 ], [ -5.41882, 36.66967 ], [ -5.42416, 36.68079 ], [ -5.43538, 36.68265 ], [ -5.43929, 36.68972 ], [ -5.4551, 36.6919 ], [ -5.47341, 36.68021 ], [ -5.48548, 36.68239 ], [ -5.49394, 36.69919 ], [ -5.51891, 36.6974 ], [ -5.52894, 36.69393 ], [ -5.53289, 36.67868 ], [ -5.53982, 36.67038 ], [ -5.53896, 36.66966 ], [ -5.51267, 36.6569 ], [ -5.45591, 36.61958 ] ] } },
{ "type": "Feature", "properties": { "CMUN": "11039", "NMUN": "Vejer de la Frontera", "NPRO": "Cádiz", "CPRO": "11", "stroke": "#aaaaaa", "stroke-width": 0.7, "stroke-opacity": 0.45 }, "geometry": { "type": "LineString", "coordinates": [ [ -5.7868, 36.21585 ], [ -5.78231, 36.22003 ], [ -5.78931, 36.23547 ], [ -5.79142, 36.25202 ], [ -5.80811, 36.27024 ], [ -5.85526, 36.31299 ], [ -5.86487, 36.32528 ], [ -5.88726, 36.34204 ], [ -5.91527, 36.35495 ], [ -5.93927, 36.36024 ], [ -5.98378, 36.37595 ], [ -5.9937, 36.37283 ], [ -5.99885, 36.3698 ], [ -6.00331, 36.34794 ], [ -5.99577, 36.34517 ], [ -5.98893, 36.32125 ], [ -6.00103, 36.31543 ], [ -6.00944, 36.31797 ], [ -6.02601, 36.31266 ], [ -6.05554, 36.28357 ], [ -6.05052, 36.25952 ], [ -6.0603, 36.2527 ], [ -6.07585, 36.24832 ], [ -6.07925, 36.24324 ], [ -6.05477, 36.20576 ], [ -6.03365, 36.20867 ], [ -6.01392, 36.21602 ], [ -6.00107, 36.2162 ], [ -5.98819, 36.22216 ], [ -5.97785, 36.23178 ], [ -5.95916, 36.22404 ], [ -5.94438, 36.22827 ], [ -5.92594, 36.24448 ], [ -5.89533, 36.2365 ], [ -5.88964, 36.24073 ], [ -5.83043, 36.24048 ], [ -5.7868, 36.21585 ] ] } },
{ "type": "Feature", "properties": { "CMUN": "11040", "NMUN": "Villaluenga del Rosario", "NPRO": "Cádiz", "CPRO": "11", "stroke": "#aaaaaa", "stroke-width": 0.7, "stroke-opacity": 0.45 }, "geometry": { "type": "LineString", "coordinates": [ [ -5.32499, 36.72419 ], [ -5.33058, 36.72844 ], [ -5.34386, 36.72113 ], [ -5.35315, 36.73013 ], [ -5.36345, 36.72417 ], [ -5.36935, 36.73265 ], [ -5.39138, 36.73342 ], [ -5.38924, 36.71636 ], [ -5.39483, 36.70484 ], [ -5.41206, 36.68898 ], [ -5.39473, 36.66553 ], [ -5.40266, 36.65636 ], [ -5.40499, 36.64534 ], [ -5.39803, 36.63971 ], [ -5.39858, 36.62897 ], [ -5.38317, 36.63093 ], [ -5.343, 36.66024 ], [ -5.33392, 36.67144 ], [ -5.32403, 36.67334 ], [ -5.32968, 36.68192 ], [ -5.31961, 36.6882 ], [ -5.32804, 36.70013 ], [ -5.32499, 36.72419 ] ] } },
{ "type": "Feature", "properties": { "CMUN": "11041", "NMUN": "Villamartín", "NPRO": "Cádiz", "CPRO": "11", "stroke": "#aaaaaa", "stroke-width": 0.7, "stroke-opacity": 0.45 }, "geometry": { "type": "LineString", "coordinates": [ [ -5.53382, 36.89345 ], [ -5.58369, 36.91546 ], [ -5.58815, 36.94689 ], [ -5.59556, 36.94488 ], [ -5.60589, 36.95085 ], [ -5.61057, 36.94134 ], [ -5.61854, 36.94049 ], [ -5.62614, 36.95444 ], [ -5.63283, 36.9506 ], [ -5.64967, 36.95432 ], [ -5.66612, 36.97574 ], [ -5.69461, 36.95678 ], [ -5.69618, 36.93528 ], [ -5.7032, 36.9256 ], [ -5.71701, 36.91952 ], [ -5.73631, 36.91822 ], [ -5.7052, 36.90345 ], [ -5.67412, 36.88184 ], [ -5.6629, 36.86437 ], [ -5.6692, 36.85209 ], [ -5.66423, 36.8481 ], [ -5.65942, 36.83109 ], [ -5.6413, 36.80244 ], [ -5.64181, 36.78844 ], [ -5.62489, 36.77967 ], [ -5.59999, 36.76261 ], [ -5.58255, 36.7872 ], [ -5.55863, 36.79177 ], [ -5.55313, 36.79781 ], [ -5.55633, 36.8206 ], [ -5.53575, 36.83288 ], [ -5.5232, 36.8359 ], [ -5.52703, 36.8409 ], [ -5.52717, 36.86959 ], [ -5.53382, 36.89345 ] ] } },
{ "type": "Feature", "properties": { "CMUN": "11042", "NMUN": "Zahara", "NPRO": "Cádiz", "CPRO": "11", "stroke": "#aaaaaa", "stroke-width": 0.7, "stroke-opacity": 0.45 }, "geometry": { "type": "LineString", "coordinates": [ [ -5.38275, 36.84976 ], [ -5.39317, 36.85841 ], [ -5.40556, 36.85687 ], [ -5.42375, 36.8599 ], [ -5.43415, 36.85305 ], [ -5.44747, 36.85295 ], [ -5.48166, 36.85763 ], [ -5.51759, 36.85252 ], [ -5.51649, 36.842 ], [ -5.5232, 36.8359 ], [ -5.51545, 36.82866 ], [ -5.50015, 36.80321 ], [ -5.50151, 36.79478 ], [ -5.46092, 36.80627 ], [ -5.44305, 36.80353 ], [ -5.40734, 36.80358 ], [ -5.38051, 36.80815 ], [ -5.37432, 36.82076 ], [ -5.36483, 36.83129 ], [ -5.36602, 36.83862 ], [ -5.38275, 36.84976 ] ] } },
{ "type": "Feature", "properties": { "CMUN": "11901", "NMUN": "Benalup-Casas Viejas", "NPRO": "Cádiz", "CPRO": "11", "stroke": "#aaaaaa", "stroke-width": 0.7, "stroke-opacity": 0.45 }, "geometry": { "type": "LineString", "coordinates": [ [ -5.70514, 36.33941 ], [ -5.71789, 36.34331 ], [ -5.75507, 36.34698 ], [ -5.77449, 36.35769 ], [ -5.78811, 36.35466 ], [ -5.79852, 36.36734 ], [ -5.83701, 36.36889 ], [ -5.84333, 36.35163 ], [ -5.83508, 36.3368 ], [ -5.83451, 36.32481 ], [ -5.82073, 36.32628 ], [ -5.81084, 36.33225 ], [ -5.8028, 36.32935 ], [ -5.80373, 36.31923 ], [ -5.79854, 36.30889 ], [ -5.79766, 36.29515 ], [ -5.76642, 36.30196 ], [ -5.75658, 36.29592 ], [ -5.74748, 36.30339 ], [ -5.72961, 36.30913 ], [ -5.71965, 36.30043 ], [ -5.70565, 36.30415 ], [ -5.71134, 36.32389 ], [ -5.70514, 36.33941 ] ] } },
{ "type": "Feature", "properties": { "CMUN": "11902", "NMUN": "San José del Valle", "NPRO": "Cádiz", "CPRO": "11", "stroke": "#aaaaaa", "stroke-width": 0.7, "stroke-opacity": 0.45 }, "geometry": { "type": "LineString", "coordinates": [ [ -5.85431, 36.66946 ], [ -5.85829, 36.64712 ], [ -5.85215, 36.59153 ], [ -5.85485, 36.5798 ], [ -5.86224, 36.57035 ], [ -5.86962, 36.5525 ], [ -5.85921, 36.55033 ], [ -5.79228, 36.55237 ], [ -5.77229, 36.56609 ], [ -5.75521, 36.57143 ], [ -5.72838, 36.58419 ], [ -5.7295, 36.57357 ], [ -5.723, 36.56628 ], [ -5.70428, 36.57387 ], [ -5.6927, 36.57466 ], [ -5.68956, 36.56598 ], [ -5.66847, 36.55255 ], [ -5.66023, 36.56772 ], [ -5.66235, 36.59943 ], [ -5.63272, 36.61743 ], [ -5.62536, 36.62433 ], [ -5.60792, 36.62392 ], [ -5.59902, 36.63696 ], [ -5.58586, 36.6439 ], [ -5.56955, 36.64348 ], [ -5.56366, 36.65846 ], [ -5.54813, 36.66194 ], [ -5.53896, 36.66966 ], [ -5.53982, 36.67038 ], [ -5.55128, 36.6804 ], [ -5.57508, 36.68456 ], [ -5.59065, 36.68981 ], [ -5.5991, 36.68474 ], [ -5.61091, 36.66798 ], [ -5.60502, 36.65926 ], [ -5.61684, 36.64817 ], [ -5.61979, 36.63604 ], [ -5.63238, 36.63952 ], [ -5.63959, 36.62679 ], [ -5.6524, 36.62768 ], [ -5.69107, 36.65731 ], [ -5.70407, 36.65996 ], [ -5.71109, 36.64716 ], [ -5.72201, 36.65126 ], [ -5.74085, 36.65226 ], [ -5.75377, 36.65939 ], [ -5.77357, 36.66315 ], [ -5.78022, 36.67053 ], [ -5.81207, 36.66858 ], [ -5.82946, 36.67096 ], [ -5.85431, 36.66946 ] ] } },
{ "type": "Feature", "properties": { "CMUN": "11903", "NMUN": "San Martín del Tesorillo", "NPRO": "Cádiz", "CPRO": "11", "stroke": "#aaaaaa", "stroke-width": 0.7, "stroke-opacity": 0.45 }, "geometry": { "type": "LineString", "coordinates": [ [ -5.3202, 36.32597 ], [ -5.32282, 36.33253 ], [ -5.31551, 36.34085 ], [ -5.33489, 36.37001 ], [ -5.3351, 36.39515 ], [ -5.34411, 36.41229 ], [ -5.36632, 36.38973 ], [ -5.36526, 36.38332 ], [ -5.3798, 36.37535 ], [ -5.39776, 36.37952 ], [ -5.40772, 36.37718 ], [ -5.41332, 36.36965 ], [ -5.40763, 36.3582 ], [ -5.40624, 36.34371 ], [ -5.39473, 36.33336 ], [ -5.37943, 36.3296 ], [ -5.36748, 36.33226 ], [ -5.35578, 36.32216 ], [ -5.34041, 36.32845 ], [ -5.32008, 36.32507 ], [ -5.3202, 36.32597 ] ] } },
{ "type": "Feature", "properties": { "CMUN": "14001", "NMUN": "Adamuz", "NPRO": "Córdoba", "CPRO": "14", "stroke": "#aaaaaa", "stroke-width": 0.7, "stroke-opacity": 0.45 }, "geometry": { "type": "LineString", "coordinates": [ [ -4.45456, 37.9846 ], [ -4.44443, 37.98117 ], [ -4.44151, 38.00193 ], [ -4.45707, 38.01419 ], [ -4.46123, 38.05035 ], [ -4.47397, 38.06438 ], [ -4.48014, 38.08308 ], [ -4.49332, 38.09566 ], [ -4.49614, 38.10633 ], [ -4.51338, 38.11772 ], [ -4.5269, 38.1188 ], [ -4.53925, 38.1267 ], [ -4.54057, 38.13778 ], [ -4.52702, 38.14034 ], [ -4.51197, 38.1596 ], [ -4.52182, 38.17611 ], [ -4.52179, 38.19818 ], [ -4.53491, 38.212 ], [ -4.54383, 38.22898 ], [ -4.5538, 38.2401 ], [ -4.56712, 38.21992 ], [ -4.59336, 38.21034 ], [ -4.61203, 38.2077 ], [ -4.61908, 38.21157 ], [ -4.63767, 38.19156 ], [ -4.62577, 38.18584 ], [ -4.63741, 38.17518 ], [ -4.63255, 38.1396 ], [ -4.63552, 38.12092 ], [ -4.65453, 38.11369 ], [ -4.66687, 38.09284 ], [ -4.68016, 38.08855 ], [ -4.68889, 38.07482 ], [ -4.68614, 38.05995 ], [ -4.67166, 38.04912 ], [ -4.67436, 38.03847 ], [ -4.67156, 38.02687 ], [ -4.65253, 38.03244 ], [ -4.64608, 38.02357 ], [ -4.63157, 38.02499 ], [ -4.62013, 38.02081 ], [ -4.5936, 38.0021 ], [ -4.58289, 38.00616 ], [ -4.55257, 37.98778 ], [ -4.54071, 37.99004 ], [ -4.52493, 37.98578 ], [ -4.51284, 37.9888 ], [ -4.50646, 37.98366 ], [ -4.49175, 37.9907 ], [ -4.46753, 37.99437 ], [ -4.45456, 37.9846 ] ] } },
{ "type": "Feature", "properties": { "CMUN": "14002", "NMUN": "Aguilar de la Frontera", "NPRO": "Córdoba", "CPRO": "14", "stroke": "#aaaaaa", "stroke-width": 0.7, "stroke-opacity": 0.45 }, "geometry": { "type": "LineString", "coordinates": [ [ -4.62942, 37.40429 ], [ -4.64837, 37.39355 ], [ -4.65451, 37.38216 ], [ -4.66317, 37.38674 ], [ -4.65393, 37.4006 ], [ -4.65763, 37.42344 ], [ -4.63762, 37.43206 ], [ -4.62641, 37.4451 ], [ -4.61557, 37.45066 ], [ -4.61964, 37.46425 ], [ -4.60943, 37.4653 ], [ -4.60546, 37.45435 ], [ -4.59391, 37.45407 ], [ -4.61136, 37.47937 ], [ -4.62044, 37.48642 ], [ -4.60049, 37.50396 ], [ -4.59785, 37.51391 ], [ -4.59804, 37.52133 ], [ -4.62624, 37.53579 ], [ -4.65884, 37.53469 ], [ -4.6643, 37.54261 ], [ -4.67829, 37.53537 ], [ -4.68379, 37.52209 ], [ -4.69895, 37.52199 ], [ -4.71134, 37.53583 ], [ -4.72485, 37.53068 ], [ -4.731, 37.50857 ], [ -4.74156, 37.50292 ], [ -4.78171, 37.4995 ], [ -4.79199, 37.48265 ], [ -4.79853, 37.47297 ], [ -4.78718, 37.46409 ], [ -4.78043, 37.46676 ], [ -4.75997, 37.46574 ], [ -4.7514, 37.46873 ], [ -4.74291, 37.46007 ], [ -4.70406, 37.45004 ], [ -4.70665, 37.43907 ], [ -4.69355, 37.43823 ], [ -4.6922, 37.4273 ], [ -4.68326, 37.41316 ], [ -4.68298, 37.39523 ], [ -4.67711, 37.38572 ], [ -4.68047, 37.36015 ], [ -4.68632, 37.3522 ], [ -4.70353, 37.34827 ], [ -4.68074, 37.33552 ], [ -4.67191, 37.33499 ], [ -4.66806, 37.3236 ], [ -4.6561, 37.33495 ], [ -4.64243, 37.35728 ], [ -4.63938, 37.37941 ], [ -4.62942, 37.40429 ] ] } },
{ "type": "Feature", "properties": { "CMUN": "14003", "NMUN": "Alcaracejos", "NPRO": "Córdoba", "CPRO": "14", "stroke": "#aaaaaa", "stroke-width": 0.7, "stroke-opacity": 0.45 }, "geometry": { "type": "LineString", "coordinates": [ [ -4.92828, 38.41598 ], [ -4.95132, 38.4291 ], [ -4.97394, 38.41656 ], [ -4.97682, 38.38532 ], [ -4.97492, 38.37441 ], [ -4.98157, 38.34501 ], [ -4.98125, 38.30367 ], [ -4.97269, 38.27772 ], [ -4.9987, 38.27085 ], [ -4.9862, 38.25835 ], [ -4.98562, 38.24071 ], [ -4.97497, 38.22317 ], [ -4.93897, 38.20052 ], [ -4.93285, 38.18668 ], [ -4.91861, 38.18257 ], [ -4.91009, 38.18489 ], [ -4.89882, 38.17662 ], [ -4.88772, 38.18123 ], [ -4.88242, 38.18994 ], [ -4.89029, 38.22221 ], [ -4.88816, 38.2335 ], [ -4.87901, 38.24539 ], [ -4.88136, 38.26021 ], [ -4.87844, 38.26843 ], [ -4.88167, 38.28618 ], [ -4.89461, 38.29955 ], [ -4.8932, 38.30644 ], [ -4.90171, 38.3226 ], [ -4.89585, 38.32579 ], [ -4.90753, 38.3404 ], [ -4.92551, 38.3566 ], [ -4.91525, 38.37177 ], [ -4.91569, 38.38225 ], [ -4.93236, 38.38401 ], [ -4.92342, 38.39438 ], [ -4.91842, 38.41243 ], [ -4.92828, 38.41598 ] ] } },
{ "type": "Feature", "properties": { "CMUN": "14004", "NMUN": "Almedinilla", "NPRO": "Córdoba", "CPRO": "14", "stroke": "#aaaaaa", "stroke-width": 0.7, "stroke-opacity": 0.45 }, "geometry": { "type": "LineString", "coordinates": [ [ -4.09823, 37.40012 ], [ -4.08594, 37.40375 ], [ -4.05373, 37.40256 ], [ -4.03738, 37.40593 ], [ -4.0205, 37.40214 ], [ -4.00082, 37.40209 ], [ -4.01694, 37.41764 ], [ -4.02772, 37.43495 ], [ -4.02902, 37.44219 ], [ -4.04763, 37.46707 ], [ -4.06781, 37.47161 ], [ -4.08735, 37.48593 ], [ -4.10216, 37.48217 ], [ -4.09857, 37.47151 ], [ -4.10491, 37.44965 ], [ -4.11435, 37.43549 ], [ -4.10635, 37.4111 ], [ -4.09823, 37.40012 ] ] } },
{ "type": "Feature", "properties": { "CMUN": "14005", "NMUN": "Almodóvar del Río", "NPRO": "Córdoba", "CPRO": "14", "stroke": "#aaaaaa", "stroke-width": 0.7, "stroke-opacity": 0.45 }, "geometry": { "type": "MultiLineString", "coordinates": [ [ [ -5.04004, 37.76407 ], [ -5.04002, 37.77315 ], [ -5.05773, 37.76809 ], [ -5.0514, 37.75857 ], [ -5.04004, 37.76407 ] ], [ [ -4.91937, 37.79579 ], [ -4.93121, 37.79976 ], [ -4.94511, 37.82855 ], [ -4.93784, 37.84578 ], [ -4.94262, 37.86124 ], [ -4.96722, 37.88505 ], [ -4.99002, 37.89769 ], [ -4.9986, 37.90983 ], [ -5.02487, 37.92712 ], [ -5.05674, 37.92758 ], [ -5.08817, 37.93276 ], [ -5.10429, 37.92105 ], [ -5.07369, 37.92034 ], [ -5.06802, 37.91439 ], [ -5.06583, 37.87327 ], [ -5.06766, 37.86239 ], [ -5.06329, 37.85254 ], [ -5.06149, 37.8245 ], [ -5.06997, 37.80974 ], [ -5.07002, 37.77906 ], [ -5.05065, 37.78105 ], [ -5.04113, 37.78705 ], [ -5.03104, 37.77384 ], [ -5.03272, 37.75732 ], [ -5.02517, 37.73863 ], [ -4.99664, 37.75651 ], [ -4.98777, 37.7721 ], [ -4.99153, 37.78606 ], [ -4.97493, 37.78659 ], [ -4.95824, 37.77782 ], [ -4.94516, 37.77678 ], [ -4.92712, 37.78532 ], [ -4.91937, 37.79579 ] ] ] } },
{ "type": "Feature", "properties": { "CMUN": "14006", "NMUN": "Añora", "NPRO": "Córdoba", "CPRO": "14", "stroke": "#aaaaaa", "stroke-width": 0.7, "stroke-opacity": 0.45 }, "geometry": { "type": "LineString", "coordinates": [ [ -4.87901, 38.24539 ], [ -4.85865, 38.25468 ], [ -4.84435, 38.24652 ], [ -4.84599, 38.23382 ], [ -4.82648, 38.22597 ], [ -4.81362, 38.22451 ], [ -4.80492, 38.23777 ], [ -4.80926, 38.24862 ], [ -4.8039, 38.25359 ], [ -4.80864, 38.27788 ], [ -4.83148, 38.31893 ], [ -4.83183, 38.33004 ], [ -4.8576, 38.34231 ], [ -4.86899, 38.35712 ], [ -4.87131, 38.36824 ], [ -4.88118, 38.37424 ], [ -4.8868, 38.38526 ], [ -4.85832, 38.39344 ], [ -4.86238, 38.40807 ], [ -4.85938, 38.42006 ], [ -4.88004, 38.4193 ], [ -4.88142, 38.42647 ], [ -4.8974, 38.42989 ], [ -4.91996, 38.4225 ], [ -4.92828, 38.41598 ], [ -4.91842, 38.41243 ], [ -4.92342, 38.39438 ], [ -4.93236, 38.38401 ], [ -4.91569, 38.38225 ], [ -4.91525, 38.37177 ], [ -4.92551, 38.3566 ], [ -4.90753, 38.3404 ], [ -4.89585, 38.32579 ], [ -4.90171, 38.3226 ], [ -4.8932, 38.30644 ], [ -4.89461, 38.29955 ], [ -4.88167, 38.28618 ], [ -4.87844, 38.26843 ], [ -4.88136, 38.26021 ], [ -4.87901, 38.24539 ] ] } },
{ "type": "Feature", "properties": { "CMUN": "14007", "NMUN": "Baena", "NPRO": "Córdoba", "CPRO": "14", "stroke": "#aaaaaa", "stroke-width": 0.7, "stroke-opacity": 0.45 }, "geometry": { "type": "LineString", "coordinates": [ [ -4.23471, 37.7389 ], [ -4.25444, 37.74922 ], [ -4.25769, 37.75971 ], [ -4.26663, 37.76874 ], [ -4.26662, 37.77984 ], [ -4.27931, 37.79406 ], [ -4.28755, 37.80049 ], [ -4.28454, 37.81846 ], [ -4.30124, 37.82011 ], [ -4.31861, 37.81133 ], [ -4.33407, 37.79873 ], [ -4.35789, 37.78565 ], [ -4.37362, 37.76632 ], [ -4.38352, 37.76611 ], [ -4.37705, 37.7578 ], [ -4.37633, 37.74522 ], [ -4.38742, 37.72964 ], [ -4.3888, 37.71832 ], [ -4.39786, 37.70597 ], [ -4.39745, 37.68956 ], [ -4.40725, 37.67648 ], [ -4.39892, 37.66576 ], [ -4.40424, 37.64403 ], [ -4.42493, 37.63012 ], [ -4.42648, 37.61633 ], [ -4.41724, 37.59965 ], [ -4.40768, 37.59058 ], [ -4.39005, 37.58473 ], [ -4.40273, 37.57782 ], [ -4.41148, 37.55555 ], [ -4.38822, 37.5393 ], [ -4.38201, 37.57979 ], [ -4.37302, 37.57671 ], [ -4.35884, 37.57893 ], [ -4.35931, 37.56923 ], [ -4.34943, 37.56232 ], [ -4.3416, 37.5672 ], [ -4.32317, 37.57057 ], [ -4.30014, 37.58094 ], [ -4.29333, 37.59238 ], [ -4.25147, 37.60874 ], [ -4.24835, 37.61563 ], [ -4.21818, 37.62654 ], [ -4.22787, 37.63978 ], [ -4.21483, 37.64674 ], [ -4.18765, 37.67003 ], [ -4.16437, 37.68151 ], [ -4.1803, 37.69933 ], [ -4.18351, 37.70704 ], [ -4.20783, 37.71082 ], [ -4.23816, 37.71963 ], [ -4.23471, 37.7389 ] ] } },
{ "type": "Feature", "properties": { "CMUN": "14008", "NMUN": "Belalcázar", "NPRO": "Córdoba", "CPRO": "14", "stroke": "#aaaaaa", "stroke-width": 0.7, "stroke-opacity": 0.45 }, "geometry": { "type": "LineString", "coordinates": [ [ -5.36969, 38.57934 ], [ -5.34859, 38.56933 ], [ -5.33941, 38.57519 ], [ -5.32727, 38.57172 ], [ -5.30822, 38.56054 ], [ -5.28392, 38.54248 ], [ -5.26519, 38.53935 ], [ -5.23218, 38.54469 ], [ -5.21154, 38.52433 ], [ -5.16721, 38.51976 ], [ -5.1626, 38.53511 ], [ -5.13551, 38.53774 ], [ -5.11813, 38.53086 ], [ -5.09232, 38.53239 ], [ -5.08257, 38.52332 ], [ -5.07539, 38.50949 ], [ -5.04405, 38.49808 ], [ -5.0159, 38.49396 ], [ -5.00643, 38.50167 ], [ -5.0063, 38.52578 ], [ -5.01004, 38.53618 ], [ -5.00891, 38.54959 ], [ -5.02693, 38.57244 ], [ -5.03043, 38.58873 ], [ -5.04225, 38.59488 ], [ -5.05362, 38.59514 ], [ -5.06123, 38.60795 ], [ -5.07465, 38.60702 ], [ -5.07524, 38.61509 ], [ -5.05793, 38.61935 ], [ -5.01933, 38.63792 ], [ -5.02987, 38.65693 ], [ -5.05212, 38.67408 ], [ -5.07544, 38.67565 ], [ -5.10077, 38.67395 ], [ -5.1022, 38.68631 ], [ -5.11926, 38.68159 ], [ -5.13494, 38.67391 ], [ -5.14829, 38.67844 ], [ -5.16801, 38.67732 ], [ -5.18278, 38.67613 ], [ -5.18011, 38.667 ], [ -5.18497, 38.65942 ], [ -5.20156, 38.65776 ], [ -5.20924, 38.66639 ], [ -5.21723, 38.6492 ], [ -5.22943, 38.64706 ], [ -5.23755, 38.63769 ], [ -5.24778, 38.6376 ], [ -5.25657, 38.62468 ], [ -5.26677, 38.6231 ], [ -5.27928, 38.61229 ], [ -5.29327, 38.60908 ], [ -5.30929, 38.59443 ], [ -5.30765, 38.57799 ], [ -5.32382, 38.58056 ], [ -5.33573, 38.5785 ], [ -5.35658, 38.58548 ], [ -5.36969, 38.57934 ] ] } },
{ "type": "Feature", "properties": { "CMUN": "14009", "NMUN": "Belmez", "NPRO": "Córdoba", "CPRO": "14", "stroke": "#aaaaaa", "stroke-width": 0.7, "stroke-opacity": 0.45 }, "geometry": { "type": "LineString", "coordinates": [ [ -5.05204, 38.2834 ], [ -5.09046, 38.3125 ], [ -5.09788, 38.32364 ], [ -5.11949, 38.33551 ], [ -5.16239, 38.3413 ], [ -5.16825, 38.31812 ], [ -5.19749, 38.32619 ], [ -5.18969, 38.34426 ], [ -5.20196, 38.34446 ], [ -5.20348, 38.33628 ], [ -5.21526, 38.32353 ], [ -5.2162, 38.31316 ], [ -5.22799, 38.29694 ], [ -5.2394, 38.30143 ], [ -5.24893, 38.27851 ], [ -5.2597, 38.26449 ], [ -5.27403, 38.25201 ], [ -5.29801, 38.26144 ], [ -5.30322, 38.25182 ], [ -5.29999, 38.2259 ], [ -5.29078, 38.21068 ], [ -5.29156, 38.19725 ], [ -5.2676, 38.18754 ], [ -5.25247, 38.18595 ], [ -5.24024, 38.19068 ], [ -5.21949, 38.20406 ], [ -5.19905, 38.20855 ], [ -5.18695, 38.21579 ], [ -5.13817, 38.22858 ], [ -5.12278, 38.23651 ], [ -5.10375, 38.24246 ], [ -5.09848, 38.25002 ], [ -5.08595, 38.25417 ], [ -5.05204, 38.2834 ] ] } },
{ "type": "Feature", "properties": { "CMUN": "14010", "NMUN": "Benamejí", "NPRO": "Córdoba", "CPRO": "14", "stroke": "#aaaaaa", "stroke-width": 0.7, "stroke-opacity": 0.45 }, "geometry": { "type": "LineString", "coordinates": [ [ -4.48944, 37.23108 ], [ -4.49117, 37.23858 ], [ -4.49215, 37.25101 ], [ -4.50597, 37.26271 ], [ -4.52284, 37.28134 ], [ -4.53744, 37.28926 ], [ -4.55642, 37.2897 ], [ -4.57872, 37.27675 ], [ -4.58139, 37.25787 ], [ -4.56765, 37.24685 ], [ -4.56884, 37.23253 ], [ -4.59626, 37.22146 ], [ -4.6023, 37.20924 ], [ -4.57621, 37.20916 ], [ -4.56026, 37.21933 ], [ -4.54472, 37.21739 ], [ -4.53374, 37.21212 ], [ -4.51022, 37.22128 ], [ -4.49808, 37.22334 ], [ -4.48944, 37.23108 ] ] } },
{ "type": "Feature", "properties": { "CMUN": "14011", "NMUN": "Blázquez, Los", "NPRO": "Córdoba", "CPRO": "14", "stroke": "#aaaaaa", "stroke-width": 0.7, "stroke-opacity": 0.45 }, "geometry": { "type": "LineString", "coordinates": [ [ -5.45053, 38.49823 ], [ -5.46504, 38.48883 ], [ -5.48037, 38.48368 ], [ -5.48358, 38.46573 ], [ -5.49167, 38.46602 ], [ -5.50354, 38.45677 ], [ -5.51301, 38.46408 ], [ -5.52277, 38.4602 ], [ -5.51592, 38.43404 ], [ -5.51366, 38.41009 ], [ -5.49262, 38.38968 ], [ -5.45778, 38.37814 ], [ -5.44129, 38.37001 ], [ -5.4254, 38.36571 ], [ -5.41197, 38.36821 ], [ -5.37596, 38.39149 ], [ -5.39325, 38.40105 ], [ -5.40402, 38.43502 ], [ -5.4479, 38.48327 ], [ -5.45053, 38.49823 ] ] } },
{ "type": "Feature", "properties": { "CMUN": "14012", "NMUN": "Bujalance", "NPRO": "Córdoba", "CPRO": "14", "stroke": "#aaaaaa", "stroke-width": 0.7, "stroke-opacity": 0.45 }, "geometry": { "type": "LineString", "coordinates": [ [ -4.37094, 37.86578 ], [ -4.36105, 37.89242 ], [ -4.3281, 37.8964 ], [ -4.31889, 37.92137 ], [ -4.29119, 37.91508 ], [ -4.28399, 37.91699 ], [ -4.2766, 37.92855 ], [ -4.25887, 37.93478 ], [ -4.25991, 37.95776 ], [ -4.26598, 37.96416 ], [ -4.28986, 37.9637 ], [ -4.30331, 37.96664 ], [ -4.3194, 37.95419 ], [ -4.32858, 37.96764 ], [ -4.34464, 37.95762 ], [ -4.35076, 37.94532 ], [ -4.36656, 37.94814 ], [ -4.37723, 37.93976 ], [ -4.38885, 37.94363 ], [ -4.40129, 37.95543 ], [ -4.41338, 37.95529 ], [ -4.42468, 37.94901 ], [ -4.46272, 37.94845 ], [ -4.47042, 37.9456 ], [ -4.46568, 37.93582 ], [ -4.4516, 37.92914 ], [ -4.44342, 37.91014 ], [ -4.44843, 37.90155 ], [ -4.4589, 37.90161 ], [ -4.41271, 37.84545 ], [ -4.37094, 37.86578 ] ] } },
{ "type": "Feature", "properties": { "CMUN": "14013", "NMUN": "Cabra", "NPRO": "Córdoba", "CPRO": "14", "stroke": "#aaaaaa", "stroke-width": 0.7, "stroke-opacity": 0.45 }, "geometry": { "type": "LineString", "coordinates": [ [ -4.37543, 37.52487 ], [ -4.38822, 37.5393 ], [ -4.41148, 37.55555 ], [ -4.42425, 37.55283 ], [ -4.4542, 37.55934 ], [ -4.46472, 37.56488 ], [ -4.4763, 37.56266 ], [ -4.50308, 37.56915 ], [ -4.51844, 37.54649 ], [ -4.52981, 37.55363 ], [ -4.54611, 37.53008 ], [ -4.55728, 37.5203 ], [ -4.56359, 37.48424 ], [ -4.56245, 37.47379 ], [ -4.54828, 37.46382 ], [ -4.51275, 37.45026 ], [ -4.47512, 37.44514 ], [ -4.45481, 37.43807 ], [ -4.43642, 37.42035 ], [ -4.42185, 37.41124 ], [ -4.40953, 37.41666 ], [ -4.39191, 37.41624 ], [ -4.37085, 37.40745 ], [ -4.36497, 37.41015 ], [ -4.341, 37.41112 ], [ -4.34785, 37.4209 ], [ -4.35205, 37.43649 ], [ -4.35369, 37.45765 ], [ -4.35098, 37.4661 ], [ -4.35446, 37.4834 ], [ -4.3497, 37.49122 ], [ -4.37729, 37.51471 ], [ -4.37543, 37.52487 ] ] } },
{ "type": "Feature", "properties": { "CMUN": "14014", "NMUN": "Cañete de las Torres", "NPRO": "Córdoba", "CPRO": "14", "stroke": "#aaaaaa", "stroke-width": 0.7, "stroke-opacity": 0.45 }, "geometry": { "type": "LineString", "coordinates": [ [ -4.28454, 37.81846 ], [ -4.28086, 37.82867 ], [ -4.2777, 37.85697 ], [ -4.27992, 37.87604 ], [ -4.27331, 37.89669 ], [ -4.27481, 37.90279 ], [ -4.26608, 37.91095 ], [ -4.26239, 37.91508 ], [ -4.25887, 37.93478 ], [ -4.2766, 37.92855 ], [ -4.28399, 37.91699 ], [ -4.29119, 37.91508 ], [ -4.31889, 37.92137 ], [ -4.3281, 37.8964 ], [ -4.36105, 37.89242 ], [ -4.37094, 37.86578 ], [ -4.35169, 37.86173 ], [ -4.35803, 37.84951 ], [ -4.34922, 37.84387 ], [ -4.3573, 37.8308 ], [ -4.35742, 37.81864 ], [ -4.38667, 37.81629 ], [ -4.39972, 37.82418 ], [ -4.39209, 37.80149 ], [ -4.3955, 37.79854 ], [ -4.39461, 37.77892 ], [ -4.40962, 37.77568 ], [ -4.40448, 37.76562 ], [ -4.38352, 37.76611 ], [ -4.37362, 37.76632 ], [ -4.35789, 37.78565 ], [ -4.33407, 37.79873 ], [ -4.31861, 37.81133 ], [ -4.30124, 37.82011 ], [ -4.28454, 37.81846 ] ] } },
{ "type": "Feature", "properties": { "CMUN": "14015", "NMUN": "Carcabuey", "NPRO": "Córdoba", "CPRO": "14", "stroke": "#aaaaaa", "stroke-width": 0.7, "stroke-opacity": 0.45 }, "geometry": { "type": "LineString", "coordinates": [ [ -4.32597, 37.39031 ], [ -4.30981, 37.3986 ], [ -4.29023, 37.41714 ], [ -4.28465, 37.40678 ], [ -4.27278, 37.41148 ], [ -4.26599, 37.42059 ], [ -4.24174, 37.43795 ], [ -4.24596, 37.46101 ], [ -4.26283, 37.48598 ], [ -4.27288, 37.48501 ], [ -4.29927, 37.4917 ], [ -4.31819, 37.49403 ], [ -4.3297, 37.48934 ], [ -4.3497, 37.49122 ], [ -4.35446, 37.4834 ], [ -4.35098, 37.4661 ], [ -4.35369, 37.45765 ], [ -4.35205, 37.43649 ], [ -4.34785, 37.4209 ], [ -4.341, 37.41112 ], [ -4.32597, 37.39031 ] ] } },
{ "type": "Feature", "properties": { "CMUN": "14016", "NMUN": "Cardeña", "NPRO": "Córdoba", "CPRO": "14", "stroke": "#aaaaaa", "stroke-width": 0.7, "stroke-opacity": 0.45 }, "geometry": { "type": "LineString", "coordinates": [ [ -4.26887, 38.34717 ], [ -4.28386, 38.34411 ], [ -4.30926, 38.35269 ], [ -4.31956, 38.36154 ], [ -4.35396, 38.37169 ], [ -4.395, 38.3872 ], [ -4.40645, 38.38313 ], [ -4.41496, 38.39295 ], [ -4.42948, 38.39596 ], [ -4.43517, 38.40223 ], [ -4.44931, 38.40057 ], [ -4.45597, 38.38959 ], [ -4.45565, 38.37991 ], [ -4.47088, 38.3643 ], [ -4.4764, 38.35336 ], [ -4.4841, 38.35302 ], [ -4.49601, 38.33653 ], [ -4.50725, 38.33312 ], [ -4.51916, 38.33528 ], [ -4.51919, 38.32254 ], [ -4.52573, 38.30546 ], [ -4.54418, 38.29177 ], [ -4.54989, 38.281 ], [ -4.54937, 38.27101 ], [ -4.55974, 38.26287 ], [ -4.56107, 38.24638 ], [ -4.5538, 38.2401 ], [ -4.54383, 38.22898 ], [ -4.5116, 38.25344 ], [ -4.49721, 38.24269 ], [ -4.48325, 38.23871 ], [ -4.46109, 38.23796 ], [ -4.44988, 38.23169 ], [ -4.44293, 38.21968 ], [ -4.42917, 38.21742 ], [ -4.43214, 38.20901 ], [ -4.41438, 38.18801 ], [ -4.40315, 38.18087 ], [ -4.40633, 38.16997 ], [ -4.38148, 38.17132 ], [ -4.36056, 38.15763 ], [ -4.35212, 38.1796 ], [ -4.33169, 38.18264 ], [ -4.31947, 38.1787 ], [ -4.29886, 38.16588 ], [ -4.30136, 38.18426 ], [ -4.30939, 38.19095 ], [ -4.30364, 38.19775 ], [ -4.28844, 38.18425 ], [ -4.26667, 38.17632 ], [ -4.25082, 38.17753 ], [ -4.23278, 38.18308 ], [ -4.21779, 38.20148 ], [ -4.20921, 38.20244 ], [ -4.20074, 38.21307 ], [ -4.19405, 38.23097 ], [ -4.20305, 38.24557 ], [ -4.21651, 38.24663 ], [ -4.20863, 38.26698 ], [ -4.21424, 38.26888 ], [ -4.21418, 38.28306 ], [ -4.21001, 38.30086 ], [ -4.22615, 38.30386 ], [ -4.23811, 38.3239 ], [ -4.23565, 38.33631 ], [ -4.24738, 38.34262 ], [ -4.25528, 38.34013 ], [ -4.26887, 38.34717 ] ] } },
{ "type": "Feature", "properties": { "CMUN": "14017", "NMUN": "Carlota, La", "NPRO": "Córdoba", "CPRO": "14", "stroke": "#aaaaaa", "stroke-width": 0.7, "stroke-opacity": 0.45 }, "geometry": { "type": "LineString", "coordinates": [ [ -4.93171, 37.61733 ], [ -4.92592, 37.6311 ], [ -4.91357, 37.63559 ], [ -4.90279, 37.64532 ], [ -4.89301, 37.64822 ], [ -4.88739, 37.6586 ], [ -4.88236, 37.66764 ], [ -4.8752, 37.68362 ], [ -4.87929, 37.68968 ], [ -4.87974, 37.69962 ], [ -4.86472, 37.70867 ], [ -4.86323, 37.7158 ], [ -4.87185, 37.71366 ], [ -4.8927, 37.71986 ], [ -4.90245, 37.71568 ], [ -4.91588, 37.70482 ], [ -4.94474, 37.72071 ], [ -4.96069, 37.72972 ], [ -4.96353, 37.71887 ], [ -4.97815, 37.71317 ], [ -4.98181, 37.71903 ], [ -4.99611, 37.70834 ], [ -5.01577, 37.71068 ], [ -4.99982, 37.70659 ], [ -4.98725, 37.68984 ], [ -4.98453, 37.67895 ], [ -4.97155, 37.67238 ], [ -4.95377, 37.65244 ], [ -4.958, 37.62208 ], [ -4.94786, 37.61513 ], [ -4.94015, 37.62124 ], [ -4.93171, 37.61733 ] ] } },
{ "type": "Feature", "properties": { "CMUN": "14018", "NMUN": "Carpio, El", "NPRO": "Córdoba", "CPRO": "14", "stroke": "#aaaaaa", "stroke-width": 0.7, "stroke-opacity": 0.45 }, "geometry": { "type": "LineString", "coordinates": [ [ -4.4589, 37.90161 ], [ -4.44843, 37.90155 ], [ -4.44342, 37.91014 ], [ -4.4516, 37.92914 ], [ -4.46568, 37.93582 ], [ -4.47042, 37.9456 ], [ -4.47031, 37.96145 ], [ -4.4809, 37.97078 ], [ -4.49825, 37.97583 ], [ -4.50646, 37.98366 ], [ -4.51284, 37.9888 ], [ -4.52493, 37.98578 ], [ -4.51308, 37.97883 ], [ -4.51317, 37.96536 ], [ -4.52612, 37.96321 ], [ -4.51951, 37.93362 ], [ -4.52531, 37.92716 ], [ -4.5233, 37.9133 ], [ -4.51532, 37.89703 ], [ -4.48987, 37.89831 ], [ -4.46393, 37.89341 ], [ -4.46215, 37.90159 ], [ -4.46154, 37.90163 ], [ -4.4589, 37.90161 ] ] } },
{ "type": "Feature", "properties": { "CMUN": "14019", "NMUN": "Castro del Río", "NPRO": "Córdoba", "CPRO": "14", "stroke": "#aaaaaa", "stroke-width": 0.7, "stroke-opacity": 0.45 }, "geometry": { "type": "LineString", "coordinates": [ [ -4.40725, 37.67648 ], [ -4.39745, 37.68956 ], [ -4.39786, 37.70597 ], [ -4.3888, 37.71832 ], [ -4.38742, 37.72964 ], [ -4.37633, 37.74522 ], [ -4.37705, 37.7578 ], [ -4.38352, 37.76611 ], [ -4.40448, 37.76562 ], [ -4.40962, 37.77568 ], [ -4.42209, 37.78421 ], [ -4.4376, 37.769 ], [ -4.45025, 37.76911 ], [ -4.47162, 37.76106 ], [ -4.51687, 37.76049 ], [ -4.54592, 37.74752 ], [ -4.55783, 37.72976 ], [ -4.54579, 37.71516 ], [ -4.53036, 37.71948 ], [ -4.5137, 37.71806 ], [ -4.51728, 37.71131 ], [ -4.50912, 37.7028 ], [ -4.5148, 37.68935 ], [ -4.51281, 37.67696 ], [ -4.53404, 37.66441 ], [ -4.53377, 37.65328 ], [ -4.5447, 37.63365 ], [ -4.56101, 37.61684 ], [ -4.56772, 37.6143 ], [ -4.59066, 37.62567 ], [ -4.59414, 37.6108 ], [ -4.57927, 37.60398 ], [ -4.57111, 37.58835 ], [ -4.52987, 37.56177 ], [ -4.52981, 37.55363 ], [ -4.51844, 37.54649 ], [ -4.50308, 37.56915 ], [ -4.51304, 37.58269 ], [ -4.5089, 37.59697 ], [ -4.4832, 37.61591 ], [ -4.47209, 37.61963 ], [ -4.4529, 37.6327 ], [ -4.4442, 37.64576 ], [ -4.41878, 37.6621 ], [ -4.40725, 37.67648 ] ] } },
{ "type": "Feature", "properties": { "CMUN": "14020", "NMUN": "Conquista", "NPRO": "Córdoba", "CPRO": "14", "stroke": "#aaaaaa", "stroke-width": 0.7, "stroke-opacity": 0.45 }, "geometry": { "type": "LineString", "coordinates": [ [ -4.49188, 38.44076 ], [ -4.50349, 38.4505 ], [ -4.51228, 38.43738 ], [ -4.5223, 38.42904 ], [ -4.52735, 38.41523 ], [ -4.53785, 38.40398 ], [ -4.5171, 38.38836 ], [ -4.50171, 38.38301 ], [ -4.49828, 38.3778 ], [ -4.4838, 38.37421 ], [ -4.47088, 38.3643 ], [ -4.45565, 38.37991 ], [ -4.45597, 38.38959 ], [ -4.44931, 38.40057 ], [ -4.46264, 38.41095 ], [ -4.47127, 38.42598 ], [ -4.49188, 38.44076 ] ] } },
{ "type": "Feature", "properties": { "CMUN": "14021", "NMUN": "Córdoba", "NPRO": "Córdoba", "CPRO": "14", "stroke": "#aaaaaa", "stroke-width": 0.7, "stroke-opacity": 0.45 }, "geometry": { "type": "LineString", "coordinates": [ [ -4.9986, 37.90983 ], [ -4.99002, 37.89769 ], [ -4.96722, 37.88505 ], [ -4.94262, 37.86124 ], [ -4.93784, 37.84578 ], [ -4.94511, 37.82855 ], [ -4.93121, 37.79976 ], [ -4.91937, 37.79579 ], [ -4.91412, 37.79378 ], [ -4.88, 37.79643 ], [ -4.87891, 37.77649 ], [ -4.89049, 37.77844 ], [ -4.91008, 37.77604 ], [ -4.9077, 37.75959 ], [ -4.94161, 37.73473 ], [ -4.91374, 37.72407 ], [ -4.90245, 37.71568 ], [ -4.8927, 37.71986 ], [ -4.87185, 37.71366 ], [ -4.86323, 37.7158 ], [ -4.85324, 37.73135 ], [ -4.83387, 37.72848 ], [ -4.80419, 37.72401 ], [ -4.79054, 37.72953 ], [ -4.78129, 37.72307 ], [ -4.75359, 37.73752 ], [ -4.74388, 37.73461 ], [ -4.73676, 37.74508 ], [ -4.71617, 37.74027 ], [ -4.71917, 37.73313 ], [ -4.71363, 37.71684 ], [ -4.69345, 37.69036 ], [ -4.66948, 37.69988 ], [ -4.66983, 37.68853 ], [ -4.65689, 37.66684 ], [ -4.64587, 37.67573 ], [ -4.62893, 37.67545 ], [ -4.61466, 37.6879 ], [ -4.60424, 37.67877 ], [ -4.58688, 37.68344 ], [ -4.58585, 37.69447 ], [ -4.57041, 37.68911 ], [ -4.56003, 37.70378 ], [ -4.56228, 37.70872 ], [ -4.54579, 37.71516 ], [ -4.55783, 37.72976 ], [ -4.54592, 37.74752 ], [ -4.51687, 37.76049 ], [ -4.47162, 37.76106 ], [ -4.45025, 37.76911 ], [ -4.4376, 37.769 ], [ -4.42209, 37.78421 ], [ -4.40962, 37.77568 ], [ -4.39461, 37.77892 ], [ -4.3955, 37.79854 ], [ -4.39209, 37.80149 ], [ -4.39972, 37.82418 ], [ -4.38667, 37.81629 ], [ -4.35742, 37.81864 ], [ -4.3573, 37.8308 ], [ -4.34922, 37.84387 ], [ -4.35803, 37.84951 ], [ -4.35169, 37.86173 ], [ -4.37094, 37.86578 ], [ -4.41271, 37.84545 ], [ -4.4589, 37.90161 ], [ -4.46154, 37.90163 ], [ -4.46215, 37.90159 ], [ -4.46393, 37.89341 ], [ -4.48987, 37.89831 ], [ -4.51532, 37.89703 ], [ -4.53403, 37.90413 ], [ -4.5365, 37.91011 ], [ -4.58057, 37.91112 ], [ -4.578, 37.93141 ], [ -4.5858, 37.93845 ], [ -4.57124, 37.94351 ], [ -4.58894, 37.95432 ], [ -4.60086, 37.9567 ], [ -4.6011, 37.98878 ], [ -4.5936, 38.0021 ], [ -4.62013, 38.02081 ], [ -4.63157, 38.02499 ], [ -4.64608, 38.02357 ], [ -4.65253, 38.03244 ], [ -4.67156, 38.02687 ], [ -4.67575, 38.01543 ], [ -4.66927, 37.99177 ], [ -4.65539, 37.99275 ], [ -4.65616, 37.98174 ], [ -4.66941, 37.97475 ], [ -4.70661, 37.98427 ], [ -4.72415, 37.9945 ], [ -4.7434, 37.99958 ], [ -4.76521, 38.00231 ], [ -4.79448, 38.02237 ], [ -4.80285, 38.00251 ], [ -4.81742, 38.00129 ], [ -4.82174, 37.98586 ], [ -4.84181, 37.98905 ], [ -4.85569, 37.98741 ], [ -4.88342, 37.97137 ], [ -4.91288, 37.96786 ], [ -4.92265, 37.9692 ], [ -4.94205, 37.96056 ], [ -4.95367, 37.95929 ], [ -4.96381, 37.95071 ], [ -4.97835, 37.94631 ], [ -4.98718, 37.93594 ], [ -4.9904, 37.92212 ], [ -4.9986, 37.90983 ] ] } },
{ "type": "Feature", "properties": { "CMUN": "14022", "NMUN": "Doña Mencía", "NPRO": "Córdoba", "CPRO": "14", "stroke": "#aaaaaa", "stroke-width": 0.7, "stroke-opacity": 0.45 }, "geometry": { "type": "LineString", "coordinates": [ [ -4.38822, 37.5393 ], [ -4.37543, 37.52487 ], [ -4.35333, 37.53746 ], [ -4.34943, 37.56232 ], [ -4.35931, 37.56923 ], [ -4.35884, 37.57893 ], [ -4.37302, 37.57671 ], [ -4.38201, 37.57979 ], [ -4.38822, 37.5393 ] ] } },
{ "type": "Feature", "properties": { "CMUN": "14023", "NMUN": "Dos Torres", "NPRO": "Córdoba", "CPRO": "14", "stroke": "#aaaaaa", "stroke-width": 0.7, "stroke-opacity": 0.45 }, "geometry": { "type": "LineString", "coordinates": [ [ -4.92828, 38.41598 ], [ -4.91996, 38.4225 ], [ -4.8974, 38.42989 ], [ -4.88142, 38.42647 ], [ -4.88004, 38.4193 ], [ -4.85938, 38.42006 ], [ -4.86238, 38.40807 ], [ -4.85023, 38.41021 ], [ -4.84461, 38.40445 ], [ -4.81428, 38.39032 ], [ -4.80911, 38.39405 ], [ -4.80444, 38.41146 ], [ -4.79425, 38.4153 ], [ -4.78852, 38.42448 ], [ -4.80334, 38.43405 ], [ -4.81278, 38.43048 ], [ -4.82218, 38.44438 ], [ -4.82249, 38.45441 ], [ -4.8108, 38.463 ], [ -4.79808, 38.47797 ], [ -4.78696, 38.49122 ], [ -4.80796, 38.48419 ], [ -4.8162, 38.47513 ], [ -4.83102, 38.48217 ], [ -4.8264, 38.48953 ], [ -4.83525, 38.49988 ], [ -4.82907, 38.51116 ], [ -4.80401, 38.54205 ], [ -4.77267, 38.53437 ], [ -4.73779, 38.55259 ], [ -4.73341, 38.57464 ], [ -4.741, 38.5776 ], [ -4.75164, 38.56075 ], [ -4.76805, 38.56853 ], [ -4.77194, 38.57714 ], [ -4.78251, 38.57327 ], [ -4.78255, 38.5642 ], [ -4.79641, 38.5667 ], [ -4.80247, 38.54719 ], [ -4.81982, 38.55465 ], [ -4.83296, 38.54291 ], [ -4.8221, 38.54189 ], [ -4.822, 38.53279 ], [ -4.83566, 38.51501 ], [ -4.85276, 38.51942 ], [ -4.854, 38.51314 ], [ -4.86639, 38.50291 ], [ -4.89103, 38.50604 ], [ -4.89865, 38.50204 ], [ -4.89854, 38.48083 ], [ -4.90853, 38.48571 ], [ -4.93118, 38.46883 ], [ -4.95118, 38.47368 ], [ -4.95132, 38.4291 ], [ -4.92828, 38.41598 ] ] } },
{ "type": "Feature", "properties": { "CMUN": "14024", "NMUN": "Encinas Reales", "NPRO": "Córdoba", "CPRO": "14", "stroke": "#aaaaaa", "stroke-width": 0.7, "stroke-opacity": 0.45 }, "geometry": { "type": "LineString", "coordinates": [ [ -4.41797, 37.2824 ], [ -4.42067, 37.29791 ], [ -4.44296, 37.29346 ], [ -4.46644, 37.29759 ], [ -4.47582, 37.31139 ], [ -4.48045, 37.29526 ], [ -4.49895, 37.29448 ], [ -4.50468, 37.30291 ], [ -4.515, 37.30616 ], [ -4.51578, 37.2881 ], [ -4.52284, 37.28134 ], [ -4.50597, 37.26271 ], [ -4.49215, 37.25101 ], [ -4.49117, 37.23858 ], [ -4.48049, 37.23866 ], [ -4.47171, 37.25158 ], [ -4.45678, 37.26189 ], [ -4.445, 37.27759 ], [ -4.43351, 37.27395 ], [ -4.41797, 37.2824 ] ] } },
{ "type": "Feature", "properties": { "CMUN": "14025", "NMUN": "Espejo", "NPRO": "Córdoba", "CPRO": "14", "stroke": "#aaaaaa", "stroke-width": 0.7, "stroke-opacity": 0.45 }, "geometry": { "type": "LineString", "coordinates": [ [ -4.59066, 37.62567 ], [ -4.56772, 37.6143 ], [ -4.56101, 37.61684 ], [ -4.5447, 37.63365 ], [ -4.53377, 37.65328 ], [ -4.53404, 37.66441 ], [ -4.51281, 37.67696 ], [ -4.5148, 37.68935 ], [ -4.50912, 37.7028 ], [ -4.51728, 37.71131 ], [ -4.5137, 37.71806 ], [ -4.53036, 37.71948 ], [ -4.54579, 37.71516 ], [ -4.56228, 37.70872 ], [ -4.56003, 37.70378 ], [ -4.57041, 37.68911 ], [ -4.58585, 37.69447 ], [ -4.58688, 37.68344 ], [ -4.60424, 37.67877 ], [ -4.59642, 37.66747 ], [ -4.5938, 37.64787 ], [ -4.598, 37.63924 ], [ -4.59554, 37.62796 ], [ -4.59066, 37.62567 ] ] } },
{ "type": "Feature", "properties": { "CMUN": "14026", "NMUN": "Espiel", "NPRO": "Córdoba", "CPRO": "14", "stroke": "#aaaaaa", "stroke-width": 0.7, "stroke-opacity": 0.45 }, "geometry": { "type": "LineString", "coordinates": [ [ -4.90565, 38.15852 ], [ -4.92719, 38.17792 ], [ -4.93285, 38.18668 ], [ -4.93897, 38.20052 ], [ -4.97497, 38.22317 ], [ -4.98562, 38.24071 ], [ -4.9862, 38.25835 ], [ -4.9987, 38.27085 ], [ -5.01703, 38.27353 ], [ -5.02542, 38.27806 ], [ -5.05204, 38.2834 ], [ -5.08595, 38.25417 ], [ -5.09848, 38.25002 ], [ -5.10375, 38.24246 ], [ -5.09676, 38.22987 ], [ -5.09371, 38.21437 ], [ -5.10491, 38.19717 ], [ -5.11106, 38.16789 ], [ -5.12196, 38.14488 ], [ -5.12197, 38.13642 ], [ -5.13143, 38.12817 ], [ -5.14243, 38.10499 ], [ -5.14326, 38.08771 ], [ -5.1594, 38.07107 ], [ -5.1645, 38.05924 ], [ -5.17233, 38.05898 ], [ -5.18189, 38.04981 ], [ -5.19366, 38.04667 ], [ -5.21571, 38.05544 ], [ -5.22369, 38.05559 ], [ -5.24719, 38.04756 ], [ -5.25245, 38.06657 ], [ -5.24607, 38.07859 ], [ -5.25767, 38.09861 ], [ -5.27199, 38.10322 ], [ -5.26996, 38.10887 ], [ -5.2784, 38.11863 ], [ -5.29263, 38.10854 ], [ -5.30749, 38.08758 ], [ -5.31794, 38.07774 ], [ -5.30984, 38.06229 ], [ -5.31831, 38.04333 ], [ -5.31583, 38.02864 ], [ -5.30576, 38.00987 ], [ -5.29072, 38.00927 ], [ -5.28833, 37.99756 ], [ -5.27072, 37.9924 ], [ -5.26309, 37.98618 ], [ -5.2327, 37.97585 ], [ -5.23508, 37.99416 ], [ -5.2223, 38.00672 ], [ -5.22077, 38.01646 ], [ -5.20009, 38.02673 ], [ -5.19271, 38.02365 ], [ -5.17088, 38.03197 ], [ -5.15999, 38.02875 ], [ -5.15211, 38.04323 ], [ -5.1416, 38.04223 ], [ -5.137, 38.04915 ], [ -5.136, 38.06359 ], [ -5.12663, 38.07213 ], [ -5.10947, 38.07325 ], [ -5.10243, 38.08069 ], [ -5.05986, 38.08129 ], [ -5.04613, 38.08708 ], [ -5.04124, 38.09675 ], [ -5.01643, 38.09883 ], [ -4.99997, 38.08983 ], [ -4.98136, 38.08708 ], [ -4.93355, 38.08848 ], [ -4.92789, 38.0856 ], [ -4.89671, 38.08107 ], [ -4.88635, 38.08212 ], [ -4.87076, 38.07621 ], [ -4.85156, 38.0771 ], [ -4.88968, 38.11557 ], [ -4.89707, 38.12532 ], [ -4.91289, 38.12893 ], [ -4.9289, 38.13613 ], [ -4.92243, 38.14831 ], [ -4.90673, 38.15191 ], [ -4.90565, 38.15852 ] ] } },
{ "type": "Feature", "properties": { "CMUN": "14027", "NMUN": "Fernán-Núñez", "NPRO": "Córdoba", "CPRO": "14", "stroke": "#aaaaaa", "stroke-width": 0.7, "stroke-opacity": 0.45 }, "geometry": { "type": "LineString", "coordinates": [ [ -4.72338, 37.65778 ], [ -4.70314, 37.66337 ], [ -4.69352, 37.67456 ], [ -4.70183, 37.68081 ], [ -4.69345, 37.69036 ], [ -4.71363, 37.71684 ], [ -4.72663, 37.70889 ], [ -4.73447, 37.71136 ], [ -4.75754, 37.70245 ], [ -4.77149, 37.69006 ], [ -4.77044, 37.67905 ], [ -4.74697, 37.67285 ], [ -4.74706, 37.66334 ], [ -4.72338, 37.65778 ] ] } },
{ "type": "Feature", "properties": { "CMUN": "14028", "NMUN": "Fuente la Lancha", "NPRO": "Córdoba", "CPRO": "14", "stroke": "#aaaaaa", "stroke-width": 0.7, "stroke-opacity": 0.45 }, "geometry": { "type": "LineString", "coordinates": [ [ -5.03167, 38.42237 ], [ -5.04704, 38.43706 ], [ -5.0675, 38.43573 ], [ -5.06506, 38.42702 ], [ -5.05156, 38.41554 ], [ -5.05721, 38.40241 ], [ -5.0405, 38.39743 ], [ -5.03011, 38.40502 ], [ -5.04446, 38.41378 ], [ -5.03167, 38.42237 ] ] } },
{ "type": "Feature", "properties": { "CMUN": "14029", "NMUN": "Fuente Obejuna", "NPRO": "Córdoba", "CPRO": "14", "stroke": "#aaaaaa", "stroke-width": 0.7, "stroke-opacity": 0.45 }, "geometry": { "type": "LineString", "coordinates": [ [ -5.29801, 38.26144 ], [ -5.28775, 38.28053 ], [ -5.28845, 38.32002 ], [ -5.39097, 38.35537 ], [ -5.40985, 38.35835 ], [ -5.4254, 38.36571 ], [ -5.44129, 38.37001 ], [ -5.45778, 38.37814 ], [ -5.49262, 38.38968 ], [ -5.51366, 38.41009 ], [ -5.51592, 38.43404 ], [ -5.52277, 38.4602 ], [ -5.55347, 38.44496 ], [ -5.56814, 38.43339 ], [ -5.5727, 38.42327 ], [ -5.58428, 38.40097 ], [ -5.58507, 38.38584 ], [ -5.56678, 38.3772 ], [ -5.57322, 38.3315 ], [ -5.56768, 38.32348 ], [ -5.55553, 38.31773 ], [ -5.55278, 38.30449 ], [ -5.54462, 38.29339 ], [ -5.54448, 38.28308 ], [ -5.52596, 38.26412 ], [ -5.53004, 38.25519 ], [ -5.52378, 38.2492 ], [ -5.52434, 38.22261 ], [ -5.52099, 38.20722 ], [ -5.53871, 38.2006 ], [ -5.54034, 38.18503 ], [ -5.5389, 38.16166 ], [ -5.52571, 38.16255 ], [ -5.50027, 38.15365 ], [ -5.48466, 38.15345 ], [ -5.46917, 38.1447 ], [ -5.45262, 38.14564 ], [ -5.42927, 38.15194 ], [ -5.41101, 38.13667 ], [ -5.38504, 38.13349 ], [ -5.35581, 38.12551 ], [ -5.33475, 38.13226 ], [ -5.31836, 38.12491 ], [ -5.3034, 38.1315 ], [ -5.2932, 38.13012 ], [ -5.2784, 38.11863 ], [ -5.27669, 38.13004 ], [ -5.2705, 38.13511 ], [ -5.27476, 38.1523 ], [ -5.2676, 38.18754 ], [ -5.29156, 38.19725 ], [ -5.29078, 38.21068 ], [ -5.29999, 38.2259 ], [ -5.30322, 38.25182 ], [ -5.29801, 38.26144 ] ] } },
{ "type": "Feature", "properties": { "CMUN": "14030", "NMUN": "Fuente Palmera", "NPRO": "Córdoba", "CPRO": "14", "stroke": "#aaaaaa", "stroke-width": 0.7, "stroke-opacity": 0.45 }, "geometry": { "type": "MultiLineString", "coordinates": [ [ [ -5.15105, 37.69125 ], [ -5.15429, 37.68199 ], [ -5.14395, 37.67851 ], [ -5.11954, 37.68446 ], [ -5.11235, 37.67999 ], [ -5.11349, 37.68873 ], [ -5.12971, 37.69875 ], [ -5.13433, 37.69713 ], [ -5.15105, 37.69125 ] ], [ [ -5.11484, 37.70199 ], [ -5.10751, 37.69968 ], [ -5.09345, 37.67499 ], [ -5.09757, 37.67077 ], [ -5.08276, 37.66241 ], [ -5.08497, 37.64379 ], [ -5.04529, 37.62988 ], [ -5.0401, 37.62564 ], [ -5.04791, 37.60814 ], [ -5.03089, 37.61045 ], [ -5.03362, 37.62073 ], [ -5.0265, 37.63516 ], [ -5.03425, 37.63852 ], [ -5.0457, 37.63208 ], [ -5.05379, 37.64237 ], [ -5.08334, 37.64784 ], [ -5.08147, 37.66061 ], [ -5.08315, 37.6701 ], [ -5.09153, 37.68089 ], [ -5.08905, 37.69466 ], [ -5.07258, 37.7077 ], [ -5.04775, 37.71819 ], [ -5.06172, 37.72962 ], [ -5.06636, 37.74354 ], [ -5.03272, 37.75732 ], [ -5.03104, 37.77384 ], [ -5.04113, 37.78705 ], [ -5.05065, 37.78105 ], [ -5.07002, 37.77906 ], [ -5.06707, 37.75057 ], [ -5.06986, 37.73666 ], [ -5.08054, 37.73837 ], [ -5.09387, 37.75599 ], [ -5.10379, 37.7598 ], [ -5.11567, 37.77018 ], [ -5.13062, 37.76758 ], [ -5.14163, 37.78266 ], [ -5.15489, 37.77489 ], [ -5.13917, 37.77386 ], [ -5.13332, 37.75966 ], [ -5.14339, 37.74107 ], [ -5.14284, 37.72313 ], [ -5.13066, 37.71961 ], [ -5.11297, 37.70816 ], [ -5.11484, 37.70199 ] ], [ [ -5.04004, 37.76407 ], [ -5.0514, 37.75857 ], [ -5.05773, 37.76809 ], [ -5.04002, 37.77315 ], [ -5.04004, 37.76407 ] ] ] } },
{ "type": "Feature", "properties": { "CMUN": "14031", "NMUN": "Fuente-Tójar", "NPRO": "Córdoba", "CPRO": "14", "stroke": "#aaaaaa", "stroke-width": 0.7, "stroke-opacity": 0.45 }, "geometry": { "type": "LineString", "coordinates": [ [ -4.09517, 37.50993 ], [ -4.0992, 37.51467 ], [ -4.0991, 37.53067 ], [ -4.10918, 37.53325 ], [ -4.11397, 37.5467 ], [ -4.12275, 37.5549 ], [ -4.12557, 37.54951 ], [ -4.16168, 37.5168 ], [ -4.16639, 37.5001 ], [ -4.13332, 37.49635 ], [ -4.11204, 37.50148 ], [ -4.09517, 37.50993 ] ] } },
{ "type": "Feature", "properties": { "CMUN": "14032", "NMUN": "Granjuela, La", "NPRO": "Córdoba", "CPRO": "14", "stroke": "#aaaaaa", "stroke-width": 0.7, "stroke-opacity": 0.45 }, "geometry": { "type": "LineString", "coordinates": [ [ -5.29913, 38.37926 ], [ -5.31262, 38.38043 ], [ -5.3318, 38.39285 ], [ -5.35345, 38.38827 ], [ -5.37596, 38.39149 ], [ -5.41197, 38.36821 ], [ -5.4254, 38.36571 ], [ -5.40985, 38.35835 ], [ -5.39097, 38.35537 ], [ -5.28845, 38.32002 ], [ -5.27702, 38.33657 ], [ -5.28133, 38.36041 ], [ -5.29913, 38.37926 ] ] } },
{ "type": "Feature", "properties": { "CMUN": "14033", "NMUN": "Guadalcázar", "NPRO": "Córdoba", "CPRO": "14", "stroke": "#aaaaaa", "stroke-width": 0.7, "stroke-opacity": 0.45 }, "geometry": { "type": "LineString", "coordinates": [ [ -4.94161, 37.73473 ], [ -4.9077, 37.75959 ], [ -4.91008, 37.77604 ], [ -4.89049, 37.77844 ], [ -4.87891, 37.77649 ], [ -4.88, 37.79643 ], [ -4.91412, 37.79378 ], [ -4.91937, 37.79579 ], [ -4.92712, 37.78532 ], [ -4.94516, 37.77678 ], [ -4.95824, 37.77782 ], [ -4.97493, 37.78659 ], [ -4.99153, 37.78606 ], [ -4.98777, 37.7721 ], [ -4.99664, 37.75651 ], [ -5.02517, 37.73863 ], [ -5.03272, 37.75732 ], [ -5.06636, 37.74354 ], [ -5.06172, 37.72962 ], [ -5.04775, 37.71819 ], [ -5.01577, 37.71068 ], [ -4.99611, 37.70834 ], [ -4.98181, 37.71903 ], [ -4.98474, 37.72352 ], [ -4.96867, 37.73276 ], [ -4.96069, 37.72972 ], [ -4.94474, 37.72071 ], [ -4.94161, 37.73473 ] ] } },
{ "type": "Feature", "properties": { "CMUN": "14034", "NMUN": "Guijo, El", "NPRO": "Córdoba", "CPRO": "14", "stroke": "#aaaaaa", "stroke-width": 0.7, "stroke-opacity": 0.45 }, "geometry": { "type": "LineString", "coordinates": [ [ -4.66723, 38.54777 ], [ -4.69414, 38.54897 ], [ -4.70541, 38.55649 ], [ -4.70112, 38.56244 ], [ -4.70838, 38.57239 ], [ -4.71934, 38.57101 ], [ -4.73341, 38.57464 ], [ -4.73779, 38.55259 ], [ -4.77267, 38.53437 ], [ -4.80401, 38.54205 ], [ -4.82907, 38.51116 ], [ -4.83525, 38.49988 ], [ -4.8264, 38.48953 ], [ -4.83102, 38.48217 ], [ -4.8162, 38.47513 ], [ -4.80796, 38.48419 ], [ -4.78696, 38.49122 ], [ -4.77304, 38.49792 ], [ -4.71753, 38.50793 ], [ -4.70615, 38.51424 ], [ -4.6676, 38.54542 ], [ -4.66723, 38.54777 ] ] } },
{ "type": "Feature", "properties": { "CMUN": "14035", "NMUN": "Hinojosa del Duque", "NPRO": "Córdoba", "CPRO": "14", "stroke": "#aaaaaa", "stroke-width": 0.7, "stroke-opacity": 0.45 }, "geometry": { "type": "LineString", "coordinates": [ [ -5.0405, 38.39743 ], [ -5.05721, 38.40241 ], [ -5.05156, 38.41554 ], [ -5.06506, 38.42702 ], [ -5.0675, 38.43573 ], [ -5.04704, 38.43706 ], [ -5.03167, 38.42237 ], [ -5.01309, 38.42383 ], [ -5.00839, 38.43291 ], [ -4.99695, 38.42782 ], [ -4.98522, 38.43793 ], [ -4.99241, 38.44251 ], [ -5.00013, 38.46556 ], [ -5.01748, 38.48084 ], [ -5.017, 38.48467 ], [ -5.0159, 38.49396 ], [ -5.04405, 38.49808 ], [ -5.07539, 38.50949 ], [ -5.08257, 38.52332 ], [ -5.09232, 38.53239 ], [ -5.11813, 38.53086 ], [ -5.13551, 38.53774 ], [ -5.1626, 38.53511 ], [ -5.16721, 38.51976 ], [ -5.21154, 38.52433 ], [ -5.23218, 38.54469 ], [ -5.26519, 38.53935 ], [ -5.28392, 38.54248 ], [ -5.30822, 38.56054 ], [ -5.32727, 38.57172 ], [ -5.33941, 38.57519 ], [ -5.34859, 38.56933 ], [ -5.36969, 38.57934 ], [ -5.37569, 38.56826 ], [ -5.38981, 38.56217 ], [ -5.39149, 38.54887 ], [ -5.38468, 38.53921 ], [ -5.3711, 38.52373 ], [ -5.35197, 38.50655 ], [ -5.3461, 38.48752 ], [ -5.3206, 38.44938 ], [ -5.31911, 38.42941 ], [ -5.31375, 38.42143 ], [ -5.29913, 38.37926 ], [ -5.28133, 38.36041 ], [ -5.23619, 38.35553 ], [ -5.22567, 38.35245 ], [ -5.22035, 38.35902 ], [ -5.19333, 38.35648 ], [ -5.16239, 38.3413 ], [ -5.16048, 38.35431 ], [ -5.14435, 38.3767 ], [ -5.11291, 38.392 ], [ -5.11429, 38.37292 ], [ -5.11167, 38.36671 ], [ -5.09804, 38.35682 ], [ -5.08401, 38.34073 ], [ -5.06549, 38.32935 ], [ -5.04513, 38.31998 ], [ -5.03691, 38.32166 ], [ -5.00805, 38.34757 ], [ -5.03871, 38.34815 ], [ -5.05724, 38.3536 ], [ -5.06392, 38.35949 ], [ -5.04919, 38.37605 ], [ -5.0405, 38.39743 ] ] } },
{ "type": "Feature", "properties": { "CMUN": "14036", "NMUN": "Hornachuelos", "NPRO": "Córdoba", "CPRO": "14", "stroke": "#aaaaaa", "stroke-width": 0.7, "stroke-opacity": 0.45 }, "geometry": { "type": "LineString", "coordinates": [ [ -5.15489, 37.77489 ], [ -5.16495, 37.77351 ], [ -5.18457, 37.78813 ], [ -5.18993, 37.80604 ], [ -5.17733, 37.81977 ], [ -5.17136, 37.83304 ], [ -5.17372, 37.86405 ], [ -5.17957, 37.8748 ], [ -5.17338, 37.89257 ], [ -5.15579, 37.90392 ], [ -5.12863, 37.91165 ], [ -5.11895, 37.91813 ], [ -5.10429, 37.92105 ], [ -5.10995, 37.93603 ], [ -5.13014, 37.95469 ], [ -5.15126, 37.96576 ], [ -5.16517, 37.96913 ], [ -5.17729, 37.98132 ], [ -5.19975, 37.97734 ], [ -5.2327, 37.97585 ], [ -5.26309, 37.98618 ], [ -5.27072, 37.9924 ], [ -5.28833, 37.99756 ], [ -5.29072, 38.00927 ], [ -5.30576, 38.00987 ], [ -5.31583, 38.02864 ], [ -5.31831, 38.04333 ], [ -5.30984, 38.06229 ], [ -5.31794, 38.07774 ], [ -5.30749, 38.08758 ], [ -5.29263, 38.10854 ], [ -5.2784, 38.11863 ], [ -5.2784, 38.11863 ], [ -5.2932, 38.13012 ], [ -5.3034, 38.1315 ], [ -5.31836, 38.12491 ], [ -5.33475, 38.13226 ], [ -5.35581, 38.12551 ], [ -5.38504, 38.13349 ], [ -5.41101, 38.13667 ], [ -5.42927, 38.15194 ], [ -5.45262, 38.14564 ], [ -5.46917, 38.1447 ], [ -5.48466, 38.15345 ], [ -5.50027, 38.15365 ], [ -5.52571, 38.16255 ], [ -5.5389, 38.16166 ], [ -5.54848, 38.16117 ], [ -5.55676, 38.15022 ], [ -5.57399, 38.15066 ], [ -5.58564, 38.14036 ], [ -5.58479, 38.13171 ], [ -5.58168, 38.11547 ], [ -5.55735, 38.10796 ], [ -5.53991, 38.09422 ], [ -5.53958, 38.08215 ], [ -5.52521, 38.07328 ], [ -5.52283, 38.06512 ], [ -5.49608, 38.04286 ], [ -5.48903, 38.02894 ], [ -5.49371, 38.00012 ], [ -5.48239, 37.99005 ], [ -5.47502, 37.97639 ], [ -5.4207, 37.94783 ], [ -5.41438, 37.94156 ], [ -5.42179, 37.92818 ], [ -5.41724, 37.9212 ], [ -5.41417, 37.89847 ], [ -5.42097, 37.893 ], [ -5.40846, 37.8661 ], [ -5.38905, 37.85836 ], [ -5.38143, 37.85162 ], [ -5.36845, 37.85013 ], [ -5.35098, 37.84347 ], [ -5.33977, 37.83353 ], [ -5.34747, 37.81278 ], [ -5.35004, 37.79471 ], [ -5.32945, 37.78192 ], [ -5.30975, 37.77359 ], [ -5.31826, 37.75721 ], [ -5.31289, 37.75288 ], [ -5.30772, 37.73689 ], [ -5.28453, 37.73659 ], [ -5.26832, 37.7388 ], [ -5.25993, 37.72597 ], [ -5.23556, 37.72483 ], [ -5.20576, 37.7388 ], [ -5.19085, 37.72358 ], [ -5.13433, 37.69713 ], [ -5.12971, 37.69875 ], [ -5.11484, 37.70199 ], [ -5.11297, 37.70816 ], [ -5.13066, 37.71961 ], [ -5.14284, 37.72313 ], [ -5.14339, 37.74107 ], [ -5.13332, 37.75966 ], [ -5.13917, 37.77386 ], [ -5.15489, 37.77489 ] ] } },
{ "type": "Feature", "properties": { "CMUN": "14037", "NMUN": "Iznájar", "NPRO": "Córdoba", "CPRO": "14", "stroke": "#aaaaaa", "stroke-width": 0.7, "stroke-opacity": 0.45 }, "geometry": { "type": "LineString", "coordinates": [ [ -4.32762, 37.18433 ], [ -4.3237, 37.19009 ], [ -4.29557, 37.19939 ], [ -4.26345, 37.22749 ], [ -4.25531, 37.22956 ], [ -4.25869, 37.25153 ], [ -4.26325, 37.26038 ], [ -4.24813, 37.26912 ], [ -4.23651, 37.29722 ], [ -4.2352, 37.31192 ], [ -4.23912, 37.32768 ], [ -4.25469, 37.32313 ], [ -4.26893, 37.32907 ], [ -4.27776, 37.34098 ], [ -4.29328, 37.33194 ], [ -4.30921, 37.33206 ], [ -4.32629, 37.32231 ], [ -4.32988, 37.31402 ], [ -4.34204, 37.31063 ], [ -4.34583, 37.27539 ], [ -4.35382, 37.27265 ], [ -4.36645, 37.28414 ], [ -4.38341, 37.27741 ], [ -4.37772, 37.27035 ], [ -4.37744, 37.24177 ], [ -4.38501, 37.23826 ], [ -4.36923, 37.21465 ], [ -4.34508, 37.21405 ], [ -4.32615, 37.20258 ], [ -4.33226, 37.19146 ], [ -4.32762, 37.18433 ] ] } },
{ "type": "Feature", "properties": { "CMUN": "14038", "NMUN": "Lucena", "NPRO": "Córdoba", "CPRO": "14", "stroke": "#aaaaaa", "stroke-width": 0.7, "stroke-opacity": 0.45 }, "geometry": { "type": "LineString", "coordinates": [ [ -4.66806, 37.3236 ], [ -4.68407, 37.31536 ], [ -4.65901, 37.30508 ], [ -4.67853, 37.29706 ], [ -4.67634, 37.29056 ], [ -4.66211, 37.28374 ], [ -4.654, 37.27185 ], [ -4.65335, 37.25583 ], [ -4.64533, 37.24685 ], [ -4.62949, 37.25455 ], [ -4.61708, 37.2562 ], [ -4.6189, 37.26199 ], [ -4.60197, 37.26622 ], [ -4.59857, 37.27096 ], [ -4.57872, 37.27675 ], [ -4.55642, 37.2897 ], [ -4.53744, 37.28926 ], [ -4.52284, 37.28134 ], [ -4.51578, 37.2881 ], [ -4.515, 37.30616 ], [ -4.50468, 37.30291 ], [ -4.49895, 37.29448 ], [ -4.48045, 37.29526 ], [ -4.47582, 37.31139 ], [ -4.46644, 37.29759 ], [ -4.44296, 37.29346 ], [ -4.42067, 37.29791 ], [ -4.41716, 37.31957 ], [ -4.42137, 37.35616 ], [ -4.42834, 37.37401 ], [ -4.42123, 37.38736 ], [ -4.41885, 37.40703 ], [ -4.42185, 37.41124 ], [ -4.43642, 37.42035 ], [ -4.45481, 37.43807 ], [ -4.47512, 37.44514 ], [ -4.51275, 37.45026 ], [ -4.54828, 37.46382 ], [ -4.5562, 37.44411 ], [ -4.59829, 37.43214 ], [ -4.61339, 37.42988 ], [ -4.62446, 37.41692 ], [ -4.62942, 37.40429 ], [ -4.63938, 37.37941 ], [ -4.64243, 37.35728 ], [ -4.6561, 37.33495 ], [ -4.66806, 37.3236 ] ] } },
{ "type": "Feature", "properties": { "CMUN": "14039", "NMUN": "Luque", "NPRO": "Córdoba", "CPRO": "14", "stroke": "#aaaaaa", "stroke-width": 0.7, "stroke-opacity": 0.45 }, "geometry": { "type": "LineString", "coordinates": [ [ -4.16002, 37.57451 ], [ -4.16314, 37.59931 ], [ -4.1781, 37.61302 ], [ -4.18722, 37.61652 ], [ -4.21032, 37.61559 ], [ -4.21818, 37.62654 ], [ -4.24835, 37.61563 ], [ -4.25147, 37.60874 ], [ -4.29333, 37.59238 ], [ -4.30014, 37.58094 ], [ -4.32317, 37.57057 ], [ -4.31725, 37.56011 ], [ -4.30535, 37.55808 ], [ -4.29986, 37.54738 ], [ -4.29335, 37.5241 ], [ -4.29695, 37.51556 ], [ -4.31819, 37.49403 ], [ -4.29927, 37.4917 ], [ -4.27288, 37.48501 ], [ -4.26283, 37.48598 ], [ -4.2612, 37.49383 ], [ -4.25082, 37.50105 ], [ -4.22252, 37.5076 ], [ -4.20219, 37.51585 ], [ -4.1886, 37.50933 ], [ -4.17629, 37.5126 ], [ -4.17221, 37.52927 ], [ -4.18017, 37.53739 ], [ -4.17485, 37.54372 ], [ -4.1837, 37.55086 ], [ -4.18209, 37.55921 ], [ -4.16249, 37.56444 ], [ -4.16002, 37.57451 ] ] } },
{ "type": "Feature", "properties": { "CMUN": "14040", "NMUN": "Montalbán de Córdoba", "NPRO": "Córdoba", "CPRO": "14", "stroke": "#aaaaaa", "stroke-width": 0.7, "stroke-opacity": 0.45 }, "geometry": { "type": "LineString", "coordinates": [ [ -4.78171, 37.4995 ], [ -4.74156, 37.50292 ], [ -4.731, 37.50857 ], [ -4.72485, 37.53068 ], [ -4.73235, 37.54429 ], [ -4.74681, 37.56056 ], [ -4.73177, 37.56685 ], [ -4.73229, 37.57769 ], [ -4.72656, 37.58334 ], [ -4.72797, 37.5941 ], [ -4.7349, 37.60153 ], [ -4.74392, 37.59591 ], [ -4.75381, 37.59867 ], [ -4.78085, 37.58956 ], [ -4.78234, 37.57165 ], [ -4.75034, 37.55629 ], [ -4.7574, 37.52871 ], [ -4.76645, 37.52124 ], [ -4.78171, 37.4995 ] ] } },
{ "type": "Feature", "properties": { "CMUN": "14041", "NMUN": "Montemayor", "NPRO": "Córdoba", "CPRO": "14", "stroke": "#aaaaaa", "stroke-width": 0.7, "stroke-opacity": 0.45 }, "geometry": { "type": "LineString", "coordinates": [ [ -4.59554, 37.62796 ], [ -4.598, 37.63924 ], [ -4.5938, 37.64787 ], [ -4.59642, 37.66747 ], [ -4.60424, 37.67877 ], [ -4.61466, 37.6879 ], [ -4.62893, 37.67545 ], [ -4.64587, 37.67573 ], [ -4.65689, 37.66684 ], [ -4.66983, 37.68853 ], [ -4.66948, 37.69988 ], [ -4.69345, 37.69036 ], [ -4.70183, 37.68081 ], [ -4.69352, 37.67456 ], [ -4.70314, 37.66337 ], [ -4.72338, 37.65778 ], [ -4.71305, 37.63996 ], [ -4.71042, 37.62847 ], [ -4.69804, 37.62428 ], [ -4.69408, 37.61455 ], [ -4.68074, 37.62285 ], [ -4.67628, 37.6305 ], [ -4.64608, 37.63671 ], [ -4.62523, 37.6343 ], [ -4.59554, 37.62796 ] ] } },
{ "type": "Feature", "properties": { "CMUN": "14042", "NMUN": "Montilla", "NPRO": "Córdoba", "CPRO": "14", "stroke": "#aaaaaa", "stroke-width": 0.7, "stroke-opacity": 0.45 }, "geometry": { "type": "LineString", "coordinates": [ [ -4.52981, 37.55363 ], [ -4.52987, 37.56177 ], [ -4.57111, 37.58835 ], [ -4.57927, 37.60398 ], [ -4.59414, 37.6108 ], [ -4.59066, 37.62567 ], [ -4.59554, 37.62796 ], [ -4.62523, 37.6343 ], [ -4.64608, 37.63671 ], [ -4.67628, 37.6305 ], [ -4.68074, 37.62285 ], [ -4.69408, 37.61455 ], [ -4.7085, 37.61405 ], [ -4.7349, 37.60153 ], [ -4.72797, 37.5941 ], [ -4.72656, 37.58334 ], [ -4.73229, 37.57769 ], [ -4.73177, 37.56685 ], [ -4.74681, 37.56056 ], [ -4.73235, 37.54429 ], [ -4.72485, 37.53068 ], [ -4.71134, 37.53583 ], [ -4.69895, 37.52199 ], [ -4.68379, 37.52209 ], [ -4.67829, 37.53537 ], [ -4.6643, 37.54261 ], [ -4.65884, 37.53469 ], [ -4.62624, 37.53579 ], [ -4.59804, 37.52133 ], [ -4.59785, 37.51391 ], [ -4.58447, 37.50596 ], [ -4.55728, 37.5203 ], [ -4.54611, 37.53008 ], [ -4.52981, 37.55363 ] ] } },
{ "type": "Feature", "properties": { "CMUN": "14043", "NMUN": "Montoro", "NPRO": "Córdoba", "CPRO": "14", "stroke": "#aaaaaa", "stroke-width": 0.7, "stroke-opacity": 0.45 }, "geometry": { "type": "LineString", "coordinates": [ [ -4.32858, 37.96764 ], [ -4.33159, 37.98021 ], [ -4.31494, 37.98237 ], [ -4.32377, 38.00864 ], [ -4.3037, 38.0063 ], [ -4.29982, 37.99622 ], [ -4.28445, 38.00383 ], [ -4.28225, 38.02281 ], [ -4.25996, 38.02223 ], [ -4.2688, 38.0388 ], [ -4.2506, 38.0389 ], [ -4.24009, 38.04703 ], [ -4.25175, 38.05067 ], [ -4.25233, 38.06209 ], [ -4.246, 38.0696 ], [ -4.2359, 38.06972 ], [ -4.21414, 38.0945 ], [ -4.22155, 38.10225 ], [ -4.21733, 38.11105 ], [ -4.20515, 38.10765 ], [ -4.19315, 38.12753 ], [ -4.17496, 38.13174 ], [ -4.16355, 38.14461 ], [ -4.16661, 38.17382 ], [ -4.16786, 38.18079 ], [ -4.1894, 38.19886 ], [ -4.18978, 38.20583 ], [ -4.20074, 38.21307 ], [ -4.20921, 38.20244 ], [ -4.21779, 38.20148 ], [ -4.23278, 38.18308 ], [ -4.25082, 38.17753 ], [ -4.26667, 38.17632 ], [ -4.28844, 38.18425 ], [ -4.30364, 38.19775 ], [ -4.30939, 38.19095 ], [ -4.30136, 38.18426 ], [ -4.29886, 38.16588 ], [ -4.31947, 38.1787 ], [ -4.33169, 38.18264 ], [ -4.35212, 38.1796 ], [ -4.36056, 38.15763 ], [ -4.38148, 38.17132 ], [ -4.40633, 38.16997 ], [ -4.40315, 38.18087 ], [ -4.41438, 38.18801 ], [ -4.43214, 38.20901 ], [ -4.42917, 38.21742 ], [ -4.44293, 38.21968 ], [ -4.44988, 38.23169 ], [ -4.46109, 38.23796 ], [ -4.48325, 38.23871 ], [ -4.49721, 38.24269 ], [ -4.5116, 38.25344 ], [ -4.54383, 38.22898 ], [ -4.53491, 38.212 ], [ -4.52179, 38.19818 ], [ -4.52182, 38.17611 ], [ -4.51197, 38.1596 ], [ -4.52702, 38.14034 ], [ -4.54057, 38.13778 ], [ -4.53925, 38.1267 ], [ -4.5269, 38.1188 ], [ -4.51338, 38.11772 ], [ -4.49614, 38.10633 ], [ -4.49332, 38.09566 ], [ -4.48014, 38.08308 ], [ -4.47397, 38.06438 ], [ -4.46123, 38.05035 ], [ -4.45707, 38.01419 ], [ -4.44151, 38.00193 ], [ -4.44443, 37.98117 ], [ -4.45456, 37.9846 ], [ -4.44934, 37.97616 ], [ -4.43762, 37.98396 ], [ -4.41916, 37.97115 ], [ -4.41338, 37.95529 ], [ -4.40129, 37.95543 ], [ -4.38885, 37.94363 ], [ -4.37723, 37.93976 ], [ -4.36656, 37.94814 ], [ -4.35076, 37.94532 ], [ -4.34464, 37.95762 ], [ -4.32858, 37.96764 ] ] } },
{ "type": "Feature", "properties": { "CMUN": "14044", "NMUN": "Monturque", "NPRO": "Córdoba", "CPRO": "14", "stroke": "#aaaaaa", "stroke-width": 0.7, "stroke-opacity": 0.45 }, "geometry": { "type": "LineString", "coordinates": [ [ -4.54828, 37.46382 ], [ -4.56245, 37.47379 ], [ -4.56359, 37.48424 ], [ -4.55728, 37.5203 ], [ -4.58447, 37.50596 ], [ -4.59785, 37.51391 ], [ -4.60049, 37.50396 ], [ -4.62044, 37.48642 ], [ -4.61136, 37.47937 ], [ -4.59391, 37.45407 ], [ -4.59829, 37.43214 ], [ -4.5562, 37.44411 ], [ -4.54828, 37.46382 ] ] } },
{ "type": "Feature", "properties": { "CMUN": "14045", "NMUN": "Moriles", "NPRO": "Córdoba", "CPRO": "14", "stroke": "#aaaaaa", "stroke-width": 0.7, "stroke-opacity": 0.45 }, "geometry": { "type": "LineString", "coordinates": [ [ -4.62942, 37.40429 ], [ -4.62446, 37.41692 ], [ -4.61339, 37.42988 ], [ -4.59829, 37.43214 ], [ -4.59391, 37.45407 ], [ -4.60546, 37.45435 ], [ -4.60943, 37.4653 ], [ -4.61964, 37.46425 ], [ -4.61557, 37.45066 ], [ -4.62641, 37.4451 ], [ -4.63762, 37.43206 ], [ -4.65763, 37.42344 ], [ -4.65393, 37.4006 ], [ -4.66317, 37.38674 ], [ -4.65451, 37.38216 ], [ -4.64837, 37.39355 ], [ -4.62942, 37.40429 ] ] } },
{ "type": "Feature", "properties": { "CMUN": "14046", "NMUN": "Nueva Carteya", "NPRO": "Córdoba", "CPRO": "14", "stroke": "#aaaaaa", "stroke-width": 0.7, "stroke-opacity": 0.45 }, "geometry": { "type": "LineString", "coordinates": [ [ -4.40725, 37.67648 ], [ -4.41878, 37.6621 ], [ -4.4442, 37.64576 ], [ -4.4529, 37.6327 ], [ -4.47209, 37.61963 ], [ -4.4832, 37.61591 ], [ -4.5089, 37.59697 ], [ -4.51304, 37.58269 ], [ -4.50308, 37.56915 ], [ -4.4763, 37.56266 ], [ -4.46472, 37.56488 ], [ -4.4542, 37.55934 ], [ -4.42425, 37.55283 ], [ -4.41148, 37.55555 ], [ -4.40273, 37.57782 ], [ -4.39005, 37.58473 ], [ -4.40768, 37.59058 ], [ -4.41724, 37.59965 ], [ -4.42648, 37.61633 ], [ -4.42493, 37.63012 ], [ -4.40424, 37.64403 ], [ -4.39892, 37.66576 ], [ -4.40725, 37.67648 ] ] } },
{ "type": "Feature", "properties": { "CMUN": "14047", "NMUN": "Obejo", "NPRO": "Córdoba", "CPRO": "14", "stroke": "#aaaaaa", "stroke-width": 0.7, "stroke-opacity": 0.45 }, "geometry": { "type": "LineString", "coordinates": [ [ -4.73555, 38.13787 ], [ -4.74243, 38.13566 ], [ -4.76481, 38.15506 ], [ -4.79154, 38.15849 ], [ -4.81243, 38.15881 ], [ -4.84014, 38.14886 ], [ -4.85404, 38.14037 ], [ -4.83352, 38.11505 ], [ -4.843, 38.10996 ], [ -4.86061, 38.11243 ], [ -4.88221, 38.12402 ], [ -4.88968, 38.11557 ], [ -4.85156, 38.0771 ], [ -4.84189, 38.07344 ], [ -4.81598, 38.05619 ], [ -4.79217, 38.02814 ], [ -4.79448, 38.02237 ], [ -4.76521, 38.00231 ], [ -4.7434, 37.99958 ], [ -4.72415, 37.9945 ], [ -4.70661, 37.98427 ], [ -4.66941, 37.97475 ], [ -4.65616, 37.98174 ], [ -4.65539, 37.99275 ], [ -4.66927, 37.99177 ], [ -4.67575, 38.01543 ], [ -4.67156, 38.02687 ], [ -4.67436, 38.03847 ], [ -4.67166, 38.04912 ], [ -4.68614, 38.05995 ], [ -4.68889, 38.07482 ], [ -4.68016, 38.08855 ], [ -4.69808, 38.09666 ], [ -4.69667, 38.11896 ], [ -4.72096, 38.1207 ], [ -4.73555, 38.13787 ] ] } },
{ "type": "Feature", "properties": { "CMUN": "14048", "NMUN": "Palenciana", "NPRO": "Córdoba", "CPRO": "14", "stroke": "#aaaaaa", "stroke-width": 0.7, "stroke-opacity": 0.45 }, "geometry": { "type": "LineString", "coordinates": [ [ -4.59626, 37.22146 ], [ -4.56884, 37.23253 ], [ -4.56765, 37.24685 ], [ -4.58139, 37.25787 ], [ -4.57872, 37.27675 ], [ -4.59857, 37.27096 ], [ -4.60197, 37.26622 ], [ -4.6189, 37.26199 ], [ -4.61708, 37.2562 ], [ -4.61409, 37.2428 ], [ -4.60448, 37.23781 ], [ -4.59626, 37.22146 ] ] } },
{ "type": "Feature", "properties": { "CMUN": "14049", "NMUN": "Palma del Río", "NPRO": "Córdoba", "CPRO": "14", "stroke": "#aaaaaa", "stroke-width": 0.7, "stroke-opacity": 0.45 }, "geometry": { "type": "LineString", "coordinates": [ [ -5.17677, 37.68058 ], [ -5.15105, 37.69125 ], [ -5.13433, 37.69713 ], [ -5.19085, 37.72358 ], [ -5.20576, 37.7388 ], [ -5.23556, 37.72483 ], [ -5.25993, 37.72597 ], [ -5.26832, 37.7388 ], [ -5.28453, 37.73659 ], [ -5.30772, 37.73689 ], [ -5.30429, 37.72108 ], [ -5.31093, 37.70912 ], [ -5.3257, 37.69175 ], [ -5.33686, 37.70567 ], [ -5.36047, 37.69872 ], [ -5.37432, 37.6785 ], [ -5.38454, 37.68206 ], [ -5.3859, 37.69672 ], [ -5.40369, 37.69302 ], [ -5.41191, 37.68351 ], [ -5.41419, 37.67391 ], [ -5.40963, 37.65998 ], [ -5.39375, 37.65674 ], [ -5.41151, 37.64138 ], [ -5.40148, 37.63608 ], [ -5.39177, 37.62386 ], [ -5.38091, 37.61077 ], [ -5.35786, 37.60246 ], [ -5.35688, 37.5881 ], [ -5.34757, 37.58518 ], [ -5.34393, 37.59316 ], [ -5.32292, 37.61149 ], [ -5.31153, 37.61972 ], [ -5.27452, 37.62528 ], [ -5.24616, 37.6418 ], [ -5.20054, 37.66967 ], [ -5.17677, 37.68058 ] ] } },
{ "type": "Feature", "properties": { "CMUN": "14050", "NMUN": "Pedro Abad", "NPRO": "Córdoba", "CPRO": "14", "stroke": "#aaaaaa", "stroke-width": 0.7, "stroke-opacity": 0.45 }, "geometry": { "type": "LineString", "coordinates": [ [ -4.47042, 37.9456 ], [ -4.46272, 37.94845 ], [ -4.42468, 37.94901 ], [ -4.41338, 37.95529 ], [ -4.41916, 37.97115 ], [ -4.43762, 37.98396 ], [ -4.44934, 37.97616 ], [ -4.45456, 37.9846 ], [ -4.46753, 37.99437 ], [ -4.49175, 37.9907 ], [ -4.50646, 37.98366 ], [ -4.49825, 37.97583 ], [ -4.4809, 37.97078 ], [ -4.47031, 37.96145 ], [ -4.47042, 37.9456 ] ] } },
{ "type": "Feature", "properties": { "CMUN": "14051", "NMUN": "Pedroche", "NPRO": "Córdoba", "CPRO": "14", "stroke": "#aaaaaa", "stroke-width": 0.7, "stroke-opacity": 0.45 }, "geometry": { "type": "LineString", "coordinates": [ [ -4.71507, 38.33523 ], [ -4.69672, 38.34253 ], [ -4.68989, 38.3577 ], [ -4.68958, 38.37169 ], [ -4.67178, 38.38812 ], [ -4.66759, 38.38744 ], [ -4.67025, 38.40388 ], [ -4.70647, 38.41926 ], [ -4.70866, 38.42703 ], [ -4.69967, 38.44582 ], [ -4.67559, 38.44608 ], [ -4.67634, 38.4578 ], [ -4.69477, 38.46295 ], [ -4.72276, 38.47631 ], [ -4.72731, 38.48424 ], [ -4.7524, 38.48327 ], [ -4.76929, 38.48691 ], [ -4.77261, 38.47387 ], [ -4.78453, 38.47355 ], [ -4.79808, 38.47797 ], [ -4.8108, 38.463 ], [ -4.82249, 38.45441 ], [ -4.82218, 38.44438 ], [ -4.81278, 38.43048 ], [ -4.80334, 38.43405 ], [ -4.78852, 38.42448 ], [ -4.79425, 38.4153 ], [ -4.80444, 38.41146 ], [ -4.80911, 38.39405 ], [ -4.78189, 38.40051 ], [ -4.77382, 38.38798 ], [ -4.76453, 38.38161 ], [ -4.73393, 38.3908 ], [ -4.71774, 38.38286 ], [ -4.74534, 38.3513 ], [ -4.72658, 38.33809 ], [ -4.71507, 38.33523 ] ] } },
{ "type": "Feature", "properties": { "CMUN": "14052", "NMUN": "Peñarroya-Pueblonuevo", "NPRO": "Córdoba", "CPRO": "14", "stroke": "#aaaaaa", "stroke-width": 0.7, "stroke-opacity": 0.45 }, "geometry": { "type": "LineString", "coordinates": [ [ -5.29801, 38.26144 ], [ -5.27403, 38.25201 ], [ -5.2597, 38.26449 ], [ -5.24893, 38.27851 ], [ -5.2394, 38.30143 ], [ -5.22799, 38.29694 ], [ -5.2162, 38.31316 ], [ -5.21526, 38.32353 ], [ -5.20348, 38.33628 ], [ -5.20196, 38.34446 ], [ -5.18969, 38.34426 ], [ -5.19749, 38.32619 ], [ -5.16825, 38.31812 ], [ -5.16239, 38.3413 ], [ -5.19333, 38.35648 ], [ -5.22035, 38.35902 ], [ -5.22567, 38.35245 ], [ -5.23619, 38.35553 ], [ -5.28133, 38.36041 ], [ -5.27702, 38.33657 ], [ -5.28845, 38.32002 ], [ -5.28775, 38.28053 ], [ -5.29801, 38.26144 ] ] } },
{ "type": "Feature", "properties": { "CMUN": "14053", "NMUN": "Posadas", "NPRO": "Córdoba", "CPRO": "14", "stroke": "#aaaaaa", "stroke-width": 0.7, "stroke-opacity": 0.45 }, "geometry": { "type": "LineString", "coordinates": [ [ -5.15489, 37.77489 ], [ -5.14163, 37.78266 ], [ -5.13062, 37.76758 ], [ -5.11567, 37.77018 ], [ -5.10379, 37.7598 ], [ -5.09387, 37.75599 ], [ -5.08054, 37.73837 ], [ -5.06986, 37.73666 ], [ -5.06707, 37.75057 ], [ -5.07002, 37.77906 ], [ -5.06997, 37.80974 ], [ -5.06149, 37.8245 ], [ -5.06329, 37.85254 ], [ -5.06766, 37.86239 ], [ -5.06583, 37.87327 ], [ -5.06802, 37.91439 ], [ -5.07369, 37.92034 ], [ -5.10429, 37.92105 ], [ -5.11895, 37.91813 ], [ -5.12863, 37.91165 ], [ -5.15579, 37.90392 ], [ -5.17338, 37.89257 ], [ -5.17957, 37.8748 ], [ -5.17372, 37.86405 ], [ -5.17136, 37.83304 ], [ -5.17733, 37.81977 ], [ -5.18993, 37.80604 ], [ -5.18457, 37.78813 ], [ -5.16495, 37.77351 ], [ -5.15489, 37.77489 ] ] } },
{ "type": "Feature", "properties": { "CMUN": "14054", "NMUN": "Pozoblanco", "NPRO": "Córdoba", "CPRO": "14", "stroke": "#aaaaaa", "stroke-width": 0.7, "stroke-opacity": 0.45 }, "geometry": { "type": "LineString", "coordinates": [ [ -4.71507, 38.33523 ], [ -4.72658, 38.33809 ], [ -4.74534, 38.3513 ], [ -4.71774, 38.38286 ], [ -4.73393, 38.3908 ], [ -4.76453, 38.38161 ], [ -4.77382, 38.38798 ], [ -4.78189, 38.40051 ], [ -4.80911, 38.39405 ], [ -4.81428, 38.39032 ], [ -4.84461, 38.40445 ], [ -4.85023, 38.41021 ], [ -4.86238, 38.40807 ], [ -4.85832, 38.39344 ], [ -4.8868, 38.38526 ], [ -4.88118, 38.37424 ], [ -4.87131, 38.36824 ], [ -4.86899, 38.35712 ], [ -4.8576, 38.34231 ], [ -4.83183, 38.33004 ], [ -4.83148, 38.31893 ], [ -4.80864, 38.27788 ], [ -4.8039, 38.25359 ], [ -4.80926, 38.24862 ], [ -4.80492, 38.23777 ], [ -4.81362, 38.22451 ], [ -4.82648, 38.22597 ], [ -4.84599, 38.23382 ], [ -4.84435, 38.24652 ], [ -4.85865, 38.25468 ], [ -4.87901, 38.24539 ], [ -4.88816, 38.2335 ], [ -4.89029, 38.22221 ], [ -4.88242, 38.18994 ], [ -4.88772, 38.18123 ], [ -4.89882, 38.17662 ], [ -4.91009, 38.18489 ], [ -4.91861, 38.18257 ], [ -4.93285, 38.18668 ], [ -4.92719, 38.17792 ], [ -4.90565, 38.15852 ], [ -4.89347, 38.15631 ], [ -4.88184, 38.14765 ], [ -4.87785, 38.12774 ], [ -4.88221, 38.12402 ], [ -4.86061, 38.11243 ], [ -4.843, 38.10996 ], [ -4.83352, 38.11505 ], [ -4.85404, 38.14037 ], [ -4.84014, 38.14886 ], [ -4.81243, 38.15881 ], [ -4.79154, 38.15849 ], [ -4.76481, 38.15506 ], [ -4.74243, 38.13566 ], [ -4.73555, 38.13787 ], [ -4.74071, 38.17116 ], [ -4.73671, 38.18468 ], [ -4.73943, 38.19375 ], [ -4.72415, 38.21585 ], [ -4.71768, 38.23592 ], [ -4.71003, 38.24757 ], [ -4.69912, 38.25632 ], [ -4.70728, 38.26398 ], [ -4.70714, 38.27711 ], [ -4.71628, 38.28806 ], [ -4.71303, 38.31938 ], [ -4.71507, 38.33523 ] ] } },
{ "type": "Feature", "properties": { "CMUN": "14055", "NMUN": "Priego de Córdoba", "NPRO": "Córdoba", "CPRO": "14", "stroke": "#aaaaaa", "stroke-width": 0.7, "stroke-opacity": 0.45 }, "geometry": { "type": "LineString", "coordinates": [ [ -4.23912, 37.32768 ], [ -4.20933, 37.35247 ], [ -4.17234, 37.3484 ], [ -4.16197, 37.34194 ], [ -4.15784, 37.34225 ], [ -4.14569, 37.36169 ], [ -4.12648, 37.37875 ], [ -4.10235, 37.39012 ], [ -4.09823, 37.40012 ], [ -4.10635, 37.4111 ], [ -4.11435, 37.43549 ], [ -4.10491, 37.44965 ], [ -4.09857, 37.47151 ], [ -4.10216, 37.48217 ], [ -4.08735, 37.48593 ], [ -4.07444, 37.49304 ], [ -4.05988, 37.50564 ], [ -4.09517, 37.50993 ], [ -4.11204, 37.50148 ], [ -4.13332, 37.49635 ], [ -4.16639, 37.5001 ], [ -4.16168, 37.5168 ], [ -4.12557, 37.54951 ], [ -4.12275, 37.5549 ], [ -4.13935, 37.56018 ], [ -4.15293, 37.57386 ], [ -4.16002, 37.57451 ], [ -4.16249, 37.56444 ], [ -4.18209, 37.55921 ], [ -4.1837, 37.55086 ], [ -4.17485, 37.54372 ], [ -4.18017, 37.53739 ], [ -4.17221, 37.52927 ], [ -4.17629, 37.5126 ], [ -4.1886, 37.50933 ], [ -4.20219, 37.51585 ], [ -4.22252, 37.5076 ], [ -4.25082, 37.50105 ], [ -4.2612, 37.49383 ], [ -4.26283, 37.48598 ], [ -4.24596, 37.46101 ], [ -4.24174, 37.43795 ], [ -4.26599, 37.42059 ], [ -4.27278, 37.41148 ], [ -4.28465, 37.40678 ], [ -4.29023, 37.41714 ], [ -4.30981, 37.3986 ], [ -4.32597, 37.39031 ], [ -4.29282, 37.35411 ], [ -4.27776, 37.34098 ], [ -4.26893, 37.32907 ], [ -4.25469, 37.32313 ], [ -4.23912, 37.32768 ] ] } },
{ "type": "Feature", "properties": { "CMUN": "14056", "NMUN": "Puente Genil", "NPRO": "Córdoba", "CPRO": "14", "stroke": "#aaaaaa", "stroke-width": 0.7, "stroke-opacity": 0.45 }, "geometry": { "type": "LineString", "coordinates": [ [ -4.78223, 37.3285 ], [ -4.78009, 37.33541 ], [ -4.76487, 37.3379 ], [ -4.74873, 37.33091 ], [ -4.73009, 37.33531 ], [ -4.72535, 37.35176 ], [ -4.71961, 37.35828 ], [ -4.70353, 37.34827 ], [ -4.68632, 37.3522 ], [ -4.68047, 37.36015 ], [ -4.67711, 37.38572 ], [ -4.68298, 37.39523 ], [ -4.68326, 37.41316 ], [ -4.6922, 37.4273 ], [ -4.69355, 37.43823 ], [ -4.70665, 37.43907 ], [ -4.70406, 37.45004 ], [ -4.74291, 37.46007 ], [ -4.7514, 37.46873 ], [ -4.75997, 37.46574 ], [ -4.78043, 37.46676 ], [ -4.78718, 37.46409 ], [ -4.79853, 37.47297 ], [ -4.79199, 37.48265 ], [ -4.80426, 37.47789 ], [ -4.82872, 37.45373 ], [ -4.83683, 37.44116 ], [ -4.83764, 37.42324 ], [ -4.84981, 37.41066 ], [ -4.84339, 37.39948 ], [ -4.83073, 37.38985 ], [ -4.81727, 37.35468 ], [ -4.79993, 37.34449 ], [ -4.78223, 37.3285 ] ] } },
{ "type": "Feature", "properties": { "CMUN": "14057", "NMUN": "Rambla, La", "NPRO": "Córdoba", "CPRO": "14", "stroke": "#aaaaaa", "stroke-width": 0.7, "stroke-opacity": 0.45 }, "geometry": { "type": "MultiLineString", "coordinates": [ [ [ -4.7349, 37.60153 ], [ -4.7085, 37.61405 ], [ -4.69408, 37.61455 ], [ -4.69804, 37.62428 ], [ -4.71042, 37.62847 ], [ -4.71305, 37.63996 ], [ -4.72338, 37.65778 ], [ -4.74706, 37.66334 ], [ -4.74697, 37.67285 ], [ -4.77044, 37.67905 ], [ -4.77149, 37.69006 ], [ -4.75754, 37.70245 ], [ -4.73447, 37.71136 ], [ -4.72663, 37.70889 ], [ -4.71363, 37.71684 ], [ -4.71917, 37.73313 ], [ -4.71617, 37.74027 ], [ -4.73676, 37.74508 ], [ -4.74388, 37.73461 ], [ -4.75359, 37.73752 ], [ -4.78129, 37.72307 ], [ -4.79054, 37.72953 ], [ -4.80419, 37.72401 ], [ -4.83387, 37.72848 ], [ -4.83641, 37.68524 ], [ -4.84286, 37.68283 ], [ -4.84403, 37.66875 ], [ -4.83699, 37.66562 ], [ -4.82257, 37.67262 ], [ -4.80226, 37.67158 ], [ -4.79916, 37.65924 ], [ -4.82336, 37.64842 ], [ -4.83899, 37.66421 ], [ -4.85087, 37.66738 ], [ -4.8515, 37.65654 ], [ -4.864, 37.66033 ], [ -4.86423, 37.66624 ], [ -4.88236, 37.66764 ], [ -4.88739, 37.6586 ], [ -4.85676, 37.64804 ], [ -4.84076, 37.64983 ], [ -4.81512, 37.64023 ], [ -4.81939, 37.62801 ], [ -4.81019, 37.61 ], [ -4.78878, 37.60972 ], [ -4.78432, 37.5983 ], [ -4.78085, 37.58956 ], [ -4.75381, 37.59867 ], [ -4.74392, 37.59591 ], [ -4.7349, 37.60153 ] ], [ [ -4.94474, 37.72071 ], [ -4.91588, 37.70482 ], [ -4.90245, 37.71568 ], [ -4.91374, 37.72407 ], [ -4.94161, 37.73473 ], [ -4.94474, 37.72071 ] ], [ [ -4.96069, 37.72972 ], [ -4.96867, 37.73276 ], [ -4.98474, 37.72352 ], [ -4.98181, 37.71903 ], [ -4.97815, 37.71317 ], [ -4.96353, 37.71887 ], [ -4.96069, 37.72972 ] ] ] } },
{ "type": "Feature", "properties": { "CMUN": "14058", "NMUN": "Rute", "NPRO": "Córdoba", "CPRO": "14", "stroke": "#aaaaaa", "stroke-width": 0.7, "stroke-opacity": 0.45 }, "geometry": { "type": "LineString", "coordinates": [ [ -4.27776, 37.34098 ], [ -4.29282, 37.35411 ], [ -4.32597, 37.39031 ], [ -4.341, 37.41112 ], [ -4.36497, 37.41015 ], [ -4.37085, 37.40745 ], [ -4.39191, 37.41624 ], [ -4.40953, 37.41666 ], [ -4.42185, 37.41124 ], [ -4.41885, 37.40703 ], [ -4.42123, 37.38736 ], [ -4.42834, 37.37401 ], [ -4.42137, 37.35616 ], [ -4.41716, 37.31957 ], [ -4.42067, 37.29791 ], [ -4.41797, 37.2824 ], [ -4.41183, 37.27656 ], [ -4.39045, 37.27373 ], [ -4.38341, 37.27741 ], [ -4.36645, 37.28414 ], [ -4.35382, 37.27265 ], [ -4.34583, 37.27539 ], [ -4.34204, 37.31063 ], [ -4.32988, 37.31402 ], [ -4.32629, 37.32231 ], [ -4.30921, 37.33206 ], [ -4.29328, 37.33194 ], [ -4.27776, 37.34098 ] ] } },
{ "type": "Feature", "properties": { "CMUN": "14059", "NMUN": "San Sebastián de los Ballesteros", "NPRO": "Córdoba", "CPRO": "14", "stroke": "#aaaaaa", "stroke-width": 0.7, "stroke-opacity": 0.45 }, "geometry": { "type": "LineString", "coordinates": [ [ -4.84403, 37.66875 ], [ -4.85907, 37.67457 ], [ -4.86628, 37.6899 ], [ -4.87929, 37.68968 ], [ -4.8752, 37.68362 ], [ -4.86423, 37.66624 ], [ -4.864, 37.66033 ], [ -4.85087, 37.66738 ], [ -4.83899, 37.66421 ], [ -4.82336, 37.64842 ], [ -4.79916, 37.65924 ], [ -4.80226, 37.67158 ], [ -4.82257, 37.67262 ], [ -4.83699, 37.66562 ], [ -4.84403, 37.66875 ] ] } },
{ "type": "Feature", "properties": { "CMUN": "14060", "NMUN": "Santaella", "NPRO": "Córdoba", "CPRO": "14", "stroke": "#aaaaaa", "stroke-width": 0.7, "stroke-opacity": 0.45 }, "geometry": { "type": "LineString", "coordinates": [ [ -4.78085, 37.58956 ], [ -4.78432, 37.5983 ], [ -4.79122, 37.60231 ], [ -4.82099, 37.60581 ], [ -4.84411, 37.61121 ], [ -4.86372, 37.60721 ], [ -4.88491, 37.61055 ], [ -4.9034, 37.6084 ], [ -4.9252, 37.60109 ], [ -4.93429, 37.60086 ], [ -4.93033, 37.58983 ], [ -4.93499, 37.58302 ], [ -4.9303, 37.57568 ], [ -4.93738, 37.56983 ], [ -4.93151, 37.56304 ], [ -4.93199, 37.54624 ], [ -4.94167, 37.53386 ], [ -4.93111, 37.50558 ], [ -4.91628, 37.49215 ], [ -4.90323, 37.46655 ], [ -4.87533, 37.44975 ], [ -4.88474, 37.43798 ], [ -4.85433, 37.43939 ], [ -4.84019, 37.43486 ], [ -4.83764, 37.42324 ], [ -4.83683, 37.44116 ], [ -4.82872, 37.45373 ], [ -4.80426, 37.47789 ], [ -4.79199, 37.48265 ], [ -4.78171, 37.4995 ], [ -4.76645, 37.52124 ], [ -4.7574, 37.52871 ], [ -4.75034, 37.55629 ], [ -4.78234, 37.57165 ], [ -4.78085, 37.58956 ] ] } },
{ "type": "Feature", "properties": { "CMUN": "14061", "NMUN": "Santa Eufemia", "NPRO": "Córdoba", "CPRO": "14", "stroke": "#aaaaaa", "stroke-width": 0.7, "stroke-opacity": 0.45 }, "geometry": { "type": "LineString", "coordinates": [ [ -4.87697, 38.68609 ], [ -4.91877, 38.68609 ], [ -4.92378, 38.68198 ], [ -4.94419, 38.68184 ], [ -5.0046, 38.69509 ], [ -4.98701, 38.68638 ], [ -4.97296, 38.68302 ], [ -4.95206, 38.67001 ], [ -4.93475, 38.66337 ], [ -4.93866, 38.65755 ], [ -4.96745, 38.64917 ], [ -4.968, 38.62858 ], [ -4.98751, 38.62873 ], [ -5.0007, 38.61626 ], [ -5.00719, 38.60168 ], [ -4.99896, 38.59591 ], [ -4.98312, 38.5934 ], [ -4.98925, 38.56844 ], [ -4.98283, 38.55675 ], [ -4.97389, 38.55191 ], [ -4.94737, 38.55912 ], [ -4.92731, 38.55554 ], [ -4.91038, 38.5572 ], [ -4.90076, 38.56319 ], [ -4.88673, 38.5584 ], [ -4.88397, 38.54763 ], [ -4.84886, 38.55053 ], [ -4.83296, 38.54291 ], [ -4.81982, 38.55465 ], [ -4.80247, 38.54719 ], [ -4.79641, 38.5667 ], [ -4.78255, 38.5642 ], [ -4.78251, 38.57327 ], [ -4.77194, 38.57714 ], [ -4.76805, 38.56853 ], [ -4.75164, 38.56075 ], [ -4.741, 38.5776 ], [ -4.75522, 38.58551 ], [ -4.76852, 38.58674 ], [ -4.79007, 38.59719 ], [ -4.80042, 38.59487 ], [ -4.82273, 38.59708 ], [ -4.8352, 38.60752 ], [ -4.86017, 38.61398 ], [ -4.86733, 38.63278 ], [ -4.86709, 38.65973 ], [ -4.86888, 38.68093 ], [ -4.87697, 38.68609 ] ] } },
{ "type": "Feature", "properties": { "CMUN": "14062", "NMUN": "Torrecampo", "NPRO": "Córdoba", "CPRO": "14", "stroke": "#aaaaaa", "stroke-width": 0.7, "stroke-opacity": 0.45 }, "geometry": { "type": "LineString", "coordinates": [ [ -4.50349, 38.4505 ], [ -4.51269, 38.46385 ], [ -4.52073, 38.46262 ], [ -4.53531, 38.46999 ], [ -4.53954, 38.47987 ], [ -4.55737, 38.47647 ], [ -4.55945, 38.48244 ], [ -4.58442, 38.49321 ], [ -4.58816, 38.48674 ], [ -4.60902, 38.49502 ], [ -4.61901, 38.50824 ], [ -4.62428, 38.52412 ], [ -4.63327, 38.52514 ], [ -4.66723, 38.54777 ], [ -4.6676, 38.54542 ], [ -4.70615, 38.51424 ], [ -4.71753, 38.50793 ], [ -4.77304, 38.49792 ], [ -4.78696, 38.49122 ], [ -4.79808, 38.47797 ], [ -4.78453, 38.47355 ], [ -4.77261, 38.47387 ], [ -4.76929, 38.48691 ], [ -4.7524, 38.48327 ], [ -4.72731, 38.48424 ], [ -4.72276, 38.47631 ], [ -4.69477, 38.46295 ], [ -4.67634, 38.4578 ], [ -4.67559, 38.44608 ], [ -4.69967, 38.44582 ], [ -4.70866, 38.42703 ], [ -4.70647, 38.41926 ], [ -4.67025, 38.40388 ], [ -4.66759, 38.38744 ], [ -4.64228, 38.39171 ], [ -4.60343, 38.41161 ], [ -4.57707, 38.41653 ], [ -4.56378, 38.41617 ], [ -4.55408, 38.40832 ], [ -4.53785, 38.40398 ], [ -4.52735, 38.41523 ], [ -4.5223, 38.42904 ], [ -4.51228, 38.43738 ], [ -4.50349, 38.4505 ] ] } },
{ "type": "Feature", "properties": { "CMUN": "14063", "NMUN": "Valenzuela", "NPRO": "Córdoba", "CPRO": "14", "stroke": "#aaaaaa", "stroke-width": 0.7, "stroke-opacity": 0.45 }, "geometry": { "type": "LineString", "coordinates": [ [ -4.21162, 37.78274 ], [ -4.22534, 37.7866 ], [ -4.25903, 37.78869 ], [ -4.27931, 37.79406 ], [ -4.26662, 37.77984 ], [ -4.26663, 37.76874 ], [ -4.25769, 37.75971 ], [ -4.25444, 37.74922 ], [ -4.23471, 37.7389 ], [ -4.22841, 37.75571 ], [ -4.2175, 37.7671 ], [ -4.20745, 37.77004 ], [ -4.20658, 37.77873 ], [ -4.21162, 37.78274 ] ] } },
{ "type": "Feature", "properties": { "CMUN": "14064", "NMUN": "Valsequillo", "NPRO": "Córdoba", "CPRO": "14", "stroke": "#aaaaaa", "stroke-width": 0.7, "stroke-opacity": 0.45 }, "geometry": { "type": "LineString", "coordinates": [ [ -5.38468, 38.53921 ], [ -5.39616, 38.54591 ], [ -5.40656, 38.54388 ], [ -5.40463, 38.53549 ], [ -5.41603, 38.53021 ], [ -5.41354, 38.52407 ], [ -5.42024, 38.51244 ], [ -5.4294, 38.51334 ], [ -5.43497, 38.50422 ], [ -5.44482, 38.50492 ], [ -5.45053, 38.49823 ], [ -5.4479, 38.48327 ], [ -5.40402, 38.43502 ], [ -5.39325, 38.40105 ], [ -5.37596, 38.39149 ], [ -5.35345, 38.38827 ], [ -5.3318, 38.39285 ], [ -5.31262, 38.38043 ], [ -5.29913, 38.37926 ], [ -5.31375, 38.42143 ], [ -5.31911, 38.42941 ], [ -5.3206, 38.44938 ], [ -5.3461, 38.48752 ], [ -5.35197, 38.50655 ], [ -5.3711, 38.52373 ], [ -5.38468, 38.53921 ] ] } },
{ "type": "Feature", "properties": { "CMUN": "14065", "NMUN": "Victoria, La", "NPRO": "Córdoba", "CPRO": "14", "stroke": "#aaaaaa", "stroke-width": 0.7, "stroke-opacity": 0.45 }, "geometry": { "type": "MultiLineString", "coordinates": [ [ [ -4.85087, 37.66738 ], [ -4.864, 37.66033 ], [ -4.8515, 37.65654 ], [ -4.85087, 37.66738 ] ], [ [ -4.88236, 37.66764 ], [ -4.86423, 37.66624 ], [ -4.8752, 37.68362 ], [ -4.88236, 37.66764 ] ], [ [ -4.84403, 37.66875 ], [ -4.84286, 37.68283 ], [ -4.83641, 37.68524 ], [ -4.83387, 37.72848 ], [ -4.85324, 37.73135 ], [ -4.86323, 37.7158 ], [ -4.86472, 37.70867 ], [ -4.87974, 37.69962 ], [ -4.87929, 37.68968 ], [ -4.86628, 37.6899 ], [ -4.85907, 37.67457 ], [ -4.84403, 37.66875 ] ] ] } },
{ "type": "Feature", "properties": { "CMUN": "14066", "NMUN": "Villa del Río", "NPRO": "Córdoba", "CPRO": "14", "stroke": "#aaaaaa", "stroke-width": 0.7, "stroke-opacity": 0.45 }, "geometry": { "type": "LineString", "coordinates": [ [ -4.25991, 37.95776 ], [ -4.26468, 37.97427 ], [ -4.27762, 38.00011 ], [ -4.28445, 38.00383 ], [ -4.29982, 37.99622 ], [ -4.3037, 38.0063 ], [ -4.32377, 38.00864 ], [ -4.31494, 37.98237 ], [ -4.33159, 37.98021 ], [ -4.32858, 37.96764 ], [ -4.3194, 37.95419 ], [ -4.30331, 37.96664 ], [ -4.28986, 37.9637 ], [ -4.26598, 37.96416 ], [ -4.25991, 37.95776 ] ] } },
{ "type": "Feature", "properties": { "CMUN": "14067", "NMUN": "Villafranca de Córdoba", "NPRO": "Córdoba", "CPRO": "14", "stroke": "#aaaaaa", "stroke-width": 0.7, "stroke-opacity": 0.45 }, "geometry": { "type": "LineString", "coordinates": [ [ -4.51532, 37.89703 ], [ -4.5233, 37.9133 ], [ -4.52531, 37.92716 ], [ -4.51951, 37.93362 ], [ -4.52612, 37.96321 ], [ -4.51317, 37.96536 ], [ -4.51308, 37.97883 ], [ -4.52493, 37.98578 ], [ -4.54071, 37.99004 ], [ -4.55257, 37.98778 ], [ -4.58289, 38.00616 ], [ -4.5936, 38.0021 ], [ -4.6011, 37.98878 ], [ -4.60086, 37.9567 ], [ -4.58894, 37.95432 ], [ -4.57124, 37.94351 ], [ -4.5858, 37.93845 ], [ -4.578, 37.93141 ], [ -4.58057, 37.91112 ], [ -4.5365, 37.91011 ], [ -4.53403, 37.90413 ], [ -4.51532, 37.89703 ] ] } },
{ "type": "Feature", "properties": { "CMUN": "14068", "NMUN": "Villaharta", "NPRO": "Córdoba", "CPRO": "14", "stroke": "#aaaaaa", "stroke-width": 0.7, "stroke-opacity": 0.45 }, "geometry": { "type": "LineString", "coordinates": [ [ -4.88221, 38.12402 ], [ -4.87785, 38.12774 ], [ -4.88184, 38.14765 ], [ -4.89347, 38.15631 ], [ -4.90565, 38.15852 ], [ -4.90673, 38.15191 ], [ -4.92243, 38.14831 ], [ -4.9289, 38.13613 ], [ -4.91289, 38.12893 ], [ -4.89707, 38.12532 ], [ -4.88968, 38.11557 ], [ -4.88221, 38.12402 ] ] } },
{ "type": "Feature", "properties": { "CMUN": "14069", "NMUN": "Villanueva de Córdoba", "NPRO": "Córdoba", "CPRO": "14", "stroke": "#aaaaaa", "stroke-width": 0.7, "stroke-opacity": 0.45 }, "geometry": { "type": "LineString", "coordinates": [ [ -4.47088, 38.3643 ], [ -4.4838, 38.37421 ], [ -4.49828, 38.3778 ], [ -4.50171, 38.38301 ], [ -4.5171, 38.38836 ], [ -4.53785, 38.40398 ], [ -4.55408, 38.40832 ], [ -4.56378, 38.41617 ], [ -4.57707, 38.41653 ], [ -4.60343, 38.41161 ], [ -4.64228, 38.39171 ], [ -4.66759, 38.38744 ], [ -4.67178, 38.38812 ], [ -4.68958, 38.37169 ], [ -4.68989, 38.3577 ], [ -4.69672, 38.34253 ], [ -4.71507, 38.33523 ], [ -4.71303, 38.31938 ], [ -4.71628, 38.28806 ], [ -4.70714, 38.27711 ], [ -4.70728, 38.26398 ], [ -4.69912, 38.25632 ], [ -4.71003, 38.24757 ], [ -4.71768, 38.23592 ], [ -4.72415, 38.21585 ], [ -4.73943, 38.19375 ], [ -4.73671, 38.18468 ], [ -4.74071, 38.17116 ], [ -4.73555, 38.13787 ], [ -4.72096, 38.1207 ], [ -4.69667, 38.11896 ], [ -4.69808, 38.09666 ], [ -4.68016, 38.08855 ], [ -4.66687, 38.09284 ], [ -4.65453, 38.11369 ], [ -4.63552, 38.12092 ], [ -4.63255, 38.1396 ], [ -4.63741, 38.17518 ], [ -4.62577, 38.18584 ], [ -4.63767, 38.19156 ], [ -4.61908, 38.21157 ], [ -4.61203, 38.2077 ], [ -4.59336, 38.21034 ], [ -4.56712, 38.21992 ], [ -4.5538, 38.2401 ], [ -4.56107, 38.24638 ], [ -4.55974, 38.26287 ], [ -4.54937, 38.27101 ], [ -4.54989, 38.281 ], [ -4.54418, 38.29177 ], [ -4.52573, 38.30546 ], [ -4.51919, 38.32254 ], [ -4.51916, 38.33528 ], [ -4.50725, 38.33312 ], [ -4.49601, 38.33653 ], [ -4.4841, 38.35302 ], [ -4.4764, 38.35336 ], [ -4.47088, 38.3643 ] ] } },
{ "type": "Feature", "properties": { "CMUN": "14070", "NMUN": "Villanueva del Duque", "NPRO": "Córdoba", "CPRO": "14", "stroke": "#aaaaaa", "stroke-width": 0.7, "stroke-opacity": 0.45 }, "geometry": { "type": "LineString", "coordinates": [ [ -5.05204, 38.2834 ], [ -5.02542, 38.27806 ], [ -5.01703, 38.27353 ], [ -4.9987, 38.27085 ], [ -4.97269, 38.27772 ], [ -4.98125, 38.30367 ], [ -4.98157, 38.34501 ], [ -4.97492, 38.37441 ], [ -4.97682, 38.38532 ], [ -4.97394, 38.41656 ], [ -4.97513, 38.42812 ], [ -4.98522, 38.43793 ], [ -4.99695, 38.42782 ], [ -5.00839, 38.43291 ], [ -5.01309, 38.42383 ], [ -5.03167, 38.42237 ], [ -5.04446, 38.41378 ], [ -5.03011, 38.40502 ], [ -5.0405, 38.39743 ], [ -5.04919, 38.37605 ], [ -5.06392, 38.35949 ], [ -5.05724, 38.3536 ], [ -5.03871, 38.34815 ], [ -5.00805, 38.34757 ], [ -5.03691, 38.32166 ], [ -5.04513, 38.31998 ], [ -5.06549, 38.32935 ], [ -5.08401, 38.34073 ], [ -5.09804, 38.35682 ], [ -5.11167, 38.36671 ], [ -5.11429, 38.37292 ], [ -5.11291, 38.392 ], [ -5.14435, 38.3767 ], [ -5.16048, 38.35431 ], [ -5.16239, 38.3413 ], [ -5.11949, 38.33551 ], [ -5.09788, 38.32364 ], [ -5.09046, 38.3125 ], [ -5.05204, 38.2834 ] ] } },
{ "type": "Feature", "properties": { "CMUN": "14071", "NMUN": "Villanueva del Rey", "NPRO": "Córdoba", "CPRO": "14", "stroke": "#aaaaaa", "stroke-width": 0.7, "stroke-opacity": 0.45 }, "geometry": { "type": "LineString", "coordinates": [ [ -5.2784, 38.11863 ], [ -5.26996, 38.10887 ], [ -5.27199, 38.10322 ], [ -5.25767, 38.09861 ], [ -5.24607, 38.07859 ], [ -5.25245, 38.06657 ], [ -5.24719, 38.04756 ], [ -5.22369, 38.05559 ], [ -5.21571, 38.05544 ], [ -5.19366, 38.04667 ], [ -5.18189, 38.04981 ], [ -5.17233, 38.05898 ], [ -5.1645, 38.05924 ], [ -5.1594, 38.07107 ], [ -5.14326, 38.08771 ], [ -5.14243, 38.10499 ], [ -5.13143, 38.12817 ], [ -5.12197, 38.13642 ], [ -5.12196, 38.14488 ], [ -5.11106, 38.16789 ], [ -5.10491, 38.19717 ], [ -5.09371, 38.21437 ], [ -5.09676, 38.22987 ], [ -5.10375, 38.24246 ], [ -5.12278, 38.23651 ], [ -5.13817, 38.22858 ], [ -5.18695, 38.21579 ], [ -5.19905, 38.20855 ], [ -5.21949, 38.20406 ], [ -5.24024, 38.19068 ], [ -5.25247, 38.18595 ], [ -5.2676, 38.18754 ], [ -5.27476, 38.1523 ], [ -5.2705, 38.13511 ], [ -5.27669, 38.13004 ], [ -5.2784, 38.11863 ], [ -5.2784, 38.11863 ] ] } },
{ "type": "Feature", "properties": { "CMUN": "14072", "NMUN": "Villaralto", "NPRO": "Córdoba", "CPRO": "14", "stroke": "#aaaaaa", "stroke-width": 0.7, "stroke-opacity": 0.45 }, "geometry": { "type": "LineString", "coordinates": [ [ -4.95118, 38.47368 ], [ -4.96813, 38.47985 ], [ -4.97814, 38.47807 ], [ -5.017, 38.48467 ], [ -5.01748, 38.48084 ], [ -5.00013, 38.46556 ], [ -4.99241, 38.44251 ], [ -4.98522, 38.43793 ], [ -4.97513, 38.42812 ], [ -4.97394, 38.41656 ], [ -4.95132, 38.4291 ], [ -4.95118, 38.47368 ] ] } },
{ "type": "Feature", "properties": { "CMUN": "14073", "NMUN": "Villaviciosa de Córdoba", "NPRO": "Córdoba", "CPRO": "14", "stroke": "#aaaaaa", "stroke-width": 0.7, "stroke-opacity": 0.45 }, "geometry": { "type": "LineString", "coordinates": [ [ -4.79448, 38.02237 ], [ -4.79217, 38.02814 ], [ -4.81598, 38.05619 ], [ -4.84189, 38.07344 ], [ -4.85156, 38.0771 ], [ -4.87076, 38.07621 ], [ -4.88635, 38.08212 ], [ -4.89671, 38.08107 ], [ -4.92789, 38.0856 ], [ -4.93355, 38.08848 ], [ -4.98136, 38.08708 ], [ -4.99997, 38.08983 ], [ -5.01643, 38.09883 ], [ -5.04124, 38.09675 ], [ -5.04613, 38.08708 ], [ -5.05986, 38.08129 ], [ -5.10243, 38.08069 ], [ -5.10947, 38.07325 ], [ -5.12663, 38.07213 ], [ -5.136, 38.06359 ], [ -5.137, 38.04915 ], [ -5.1416, 38.04223 ], [ -5.15211, 38.04323 ], [ -5.15999, 38.02875 ], [ -5.17088, 38.03197 ], [ -5.19271, 38.02365 ], [ -5.20009, 38.02673 ], [ -5.22077, 38.01646 ], [ -5.2223, 38.00672 ], [ -5.23508, 37.99416 ], [ -5.2327, 37.97585 ], [ -5.19975, 37.97734 ], [ -5.17729, 37.98132 ], [ -5.16517, 37.96913 ], [ -5.15126, 37.96576 ], [ -5.13014, 37.95469 ], [ -5.10995, 37.93603 ], [ -5.10429, 37.92105 ], [ -5.08817, 37.93276 ], [ -5.05674, 37.92758 ], [ -5.02487, 37.92712 ], [ -4.9986, 37.90983 ], [ -4.9904, 37.92212 ], [ -4.98718, 37.93594 ], [ -4.97835, 37.94631 ], [ -4.96381, 37.95071 ], [ -4.95367, 37.95929 ], [ -4.94205, 37.96056 ], [ -4.92265, 37.9692 ], [ -4.91288, 37.96786 ], [ -4.88342, 37.97137 ], [ -4.85569, 37.98741 ], [ -4.84181, 37.98905 ], [ -4.82174, 37.98586 ], [ -4.81742, 38.00129 ], [ -4.80285, 38.00251 ], [ -4.79448, 38.02237 ] ] } },
{ "type": "Feature", "properties": { "CMUN": "14074", "NMUN": "Viso, El", "NPRO": "Córdoba", "CPRO": "14", "stroke": "#aaaaaa", "stroke-width": 0.7, "stroke-opacity": 0.45 }, "geometry": { "type": "LineString", "coordinates": [ [ -5.017, 38.48467 ], [ -4.97814, 38.47807 ], [ -4.96813, 38.47985 ], [ -4.95118, 38.47368 ], [ -4.93118, 38.46883 ], [ -4.90853, 38.48571 ], [ -4.89854, 38.48083 ], [ -4.89865, 38.50204 ], [ -4.89103, 38.50604 ], [ -4.86639, 38.50291 ], [ -4.854, 38.51314 ], [ -4.85276, 38.51942 ], [ -4.83566, 38.51501 ], [ -4.822, 38.53279 ], [ -4.8221, 38.54189 ], [ -4.83296, 38.54291 ], [ -4.84886, 38.55053 ], [ -4.88397, 38.54763 ], [ -4.88673, 38.5584 ], [ -4.90076, 38.56319 ], [ -4.91038, 38.5572 ], [ -4.92731, 38.55554 ], [ -4.94737, 38.55912 ], [ -4.97389, 38.55191 ], [ -4.98283, 38.55675 ], [ -4.98925, 38.56844 ], [ -4.98312, 38.5934 ], [ -4.99896, 38.59591 ], [ -5.00719, 38.60168 ], [ -5.0007, 38.61626 ], [ -4.98751, 38.62873 ], [ -4.968, 38.62858 ], [ -4.96745, 38.64917 ], [ -4.93866, 38.65755 ], [ -4.93475, 38.66337 ], [ -4.95206, 38.67001 ], [ -4.97296, 38.68302 ], [ -4.98701, 38.68638 ], [ -5.0046, 38.69509 ], [ -5.00202, 38.70818 ], [ -5.02428, 38.72611 ], [ -5.04695, 38.72909 ], [ -5.06162, 38.72432 ], [ -5.0752, 38.71692 ], [ -5.10079, 38.70772 ], [ -5.11842, 38.71603 ], [ -5.14254, 38.7138 ], [ -5.15276, 38.71633 ], [ -5.16942, 38.71307 ], [ -5.1845, 38.7197 ], [ -5.17548, 38.70053 ], [ -5.16801, 38.67732 ], [ -5.14829, 38.67844 ], [ -5.13494, 38.67391 ], [ -5.11926, 38.68159 ], [ -5.1022, 38.68631 ], [ -5.10077, 38.67395 ], [ -5.07544, 38.67565 ], [ -5.05212, 38.67408 ], [ -5.02987, 38.65693 ], [ -5.01933, 38.63792 ], [ -5.05793, 38.61935 ], [ -5.07524, 38.61509 ], [ -5.07465, 38.60702 ], [ -5.06123, 38.60795 ], [ -5.05362, 38.59514 ], [ -5.04225, 38.59488 ], [ -5.03043, 38.58873 ], [ -5.02693, 38.57244 ], [ -5.00891, 38.54959 ], [ -5.01004, 38.53618 ], [ -5.0063, 38.52578 ], [ -5.00643, 38.50167 ], [ -5.0159, 38.49396 ], [ -5.017, 38.48467 ] ] } },
{ "type": "Feature", "properties": { "CMUN": "14075", "NMUN": "Zuheros", "NPRO": "Córdoba", "CPRO": "14", "stroke": "#aaaaaa", "stroke-width": 0.7, "stroke-opacity": 0.45 }, "geometry": { "type": "LineString", "coordinates": [ [ -4.31819, 37.49403 ], [ -4.29695, 37.51556 ], [ -4.29335, 37.5241 ], [ -4.29986, 37.54738 ], [ -4.30535, 37.55808 ], [ -4.31725, 37.56011 ], [ -4.32317, 37.57057 ], [ -4.3416, 37.5672 ], [ -4.34943, 37.56232 ], [ -4.35333, 37.53746 ], [ -4.37543, 37.52487 ], [ -4.37729, 37.51471 ], [ -4.3497, 37.49122 ], [ -4.3297, 37.48934 ], [ -4.31819, 37.49403 ] ] } },
{ "type": "Feature", "properties": { "CMUN": "14901", "NMUN": "Fuente Carreteros", "NPRO": "Córdoba", "CPRO": "14", "stroke": "#aaaaaa", "stroke-width": 0.7, "stroke-opacity": 0.45 }, "geometry": { "type": "LineString", "coordinates": [ [ -5.11235, 37.67999 ], [ -5.11954, 37.68446 ], [ -5.14395, 37.67851 ], [ -5.15429, 37.68199 ], [ -5.15105, 37.69125 ], [ -5.17677, 37.68058 ], [ -5.16209, 37.67303 ], [ -5.15005, 37.66092 ], [ -5.13732, 37.66814 ], [ -5.11926, 37.66766 ], [ -5.11235, 37.67999 ] ] } },
{ "type": "Feature", "properties": { "CMUN": "14902", "NMUN": "Guijarrosa, La", "NPRO": "Córdoba", "CPRO": "14", "stroke": "#aaaaaa", "stroke-width": 0.7, "stroke-opacity": 0.45 }, "geometry": { "type": "LineString", "coordinates": [ [ -4.78432, 37.5983 ], [ -4.78878, 37.60972 ], [ -4.81019, 37.61 ], [ -4.81939, 37.62801 ], [ -4.81512, 37.64023 ], [ -4.84076, 37.64983 ], [ -4.85676, 37.64804 ], [ -4.88739, 37.6586 ], [ -4.89301, 37.64822 ], [ -4.90279, 37.64532 ], [ -4.91357, 37.63559 ], [ -4.92592, 37.6311 ], [ -4.93171, 37.61733 ], [ -4.93429, 37.60086 ], [ -4.9252, 37.60109 ], [ -4.9034, 37.6084 ], [ -4.88491, 37.61055 ], [ -4.86372, 37.60721 ], [ -4.84411, 37.61121 ], [ -4.82099, 37.60581 ], [ -4.79122, 37.60231 ], [ -4.78432, 37.5983 ] ] } },
{ "type": "Feature", "properties": { "CMUN": "18001", "NMUN": "Agrón", "NPRO": "Granada", "CPRO": "18", "stroke": "#aaaaaa", "stroke-width": 0.7, "stroke-opacity": 0.45 }, "geometry": { "type": "LineString", "coordinates": [ [ -3.82869, 37.03658 ], [ -3.84622, 37.03212 ], [ -3.85186, 37.04138 ], [ -3.86222, 37.04212 ], [ -3.87369, 37.03441 ], [ -3.87207, 37.02495 ], [ -3.85699, 37.00828 ], [ -3.83956, 37.00141 ], [ -3.82157, 37.00151 ], [ -3.81126, 36.99354 ], [ -3.77131, 36.98875 ], [ -3.77523, 36.99648 ], [ -3.76557, 37.01676 ], [ -3.79959, 37.01922 ], [ -3.81772, 37.01516 ], [ -3.82869, 37.03658 ] ] } },
{ "type": "Feature", "properties": { "CMUN": "18002", "NMUN": "Alamedilla", "NPRO": "Granada", "CPRO": "18", "stroke": "#aaaaaa", "stroke-width": 0.7, "stroke-opacity": 0.45 }, "geometry": { "type": "LineString", "coordinates": [ [ -3.15396, 37.62677 ], [ -3.17672, 37.64026 ], [ -3.18435, 37.63842 ], [ -3.21175, 37.63911 ], [ -3.23867, 37.63042 ], [ -3.26379, 37.62975 ], [ -3.28878, 37.60395 ], [ -3.29693, 37.58796 ], [ -3.30678, 37.5731 ], [ -3.31083, 37.54874 ], [ -3.298, 37.53762 ], [ -3.30247, 37.52587 ], [ -3.29532, 37.52124 ], [ -3.27288, 37.5363 ], [ -3.27145, 37.5452 ], [ -3.24811, 37.55209 ], [ -3.23975, 37.55147 ], [ -3.21527, 37.57281 ], [ -3.17858, 37.57439 ], [ -3.16515, 37.58062 ], [ -3.15957, 37.58789 ], [ -3.16854, 37.59214 ], [ -3.17731, 37.60699 ], [ -3.18841, 37.60931 ], [ -3.20961, 37.60819 ], [ -3.21311, 37.62087 ], [ -3.19762, 37.62592 ], [ -3.17858, 37.62648 ], [ -3.1636, 37.6238 ], [ -3.15396, 37.62677 ] ] } },
{ "type": "Feature", "properties": { "CMUN": "18003", "NMUN": "Albolote", "NPRO": "Granada", "CPRO": "18", "stroke": "#aaaaaa", "stroke-width": 0.7, "stroke-opacity": 0.45 }, "geometry": { "type": "LineString", "coordinates": [ [ -3.66146, 37.2102 ], [ -3.63862, 37.21937 ], [ -3.64835, 37.23806 ], [ -3.64063, 37.26333 ], [ -3.64717, 37.28128 ], [ -3.63846, 37.3011 ], [ -3.62762, 37.3169 ], [ -3.62929, 37.33605 ], [ -3.6196, 37.35754 ], [ -3.6393, 37.37977 ], [ -3.63467, 37.3921 ], [ -3.64763, 37.39967 ], [ -3.66449, 37.38336 ], [ -3.66267, 37.37211 ], [ -3.67283, 37.36515 ], [ -3.68381, 37.34373 ], [ -3.67458, 37.32079 ], [ -3.69788, 37.32026 ], [ -3.70637, 37.3162 ], [ -3.70517, 37.30528 ], [ -3.69084, 37.30259 ], [ -3.6725, 37.29273 ], [ -3.67622, 37.27596 ], [ -3.69691, 37.25464 ], [ -3.69562, 37.24511 ], [ -3.68688, 37.2428 ], [ -3.66146, 37.2102 ] ] } },
{ "type": "Feature", "properties": { "CMUN": "18004", "NMUN": "Albondón", "NPRO": "Granada", "CPRO": "18", "stroke": "#aaaaaa", "stroke-width": 0.7, "stroke-opacity": 0.45 }, "geometry": { "type": "LineString", "coordinates": [ [ -3.16959, 36.83471 ], [ -3.18356, 36.86715 ], [ -3.19271, 36.87832 ], [ -3.20467, 36.87636 ], [ -3.21902, 36.8691 ], [ -3.23036, 36.87194 ], [ -3.24223, 36.84731 ], [ -3.23211, 36.82929 ], [ -3.23892, 36.82196 ], [ -3.23456, 36.81418 ], [ -3.22928, 36.81115 ], [ -3.2081, 36.81263 ], [ -3.20037, 36.8105 ], [ -3.18427, 36.81528 ], [ -3.17917, 36.83439 ], [ -3.16959, 36.83471 ] ] } },
{ "type": "Feature", "properties": { "CMUN": "18005", "NMUN": "Albuñán", "NPRO": "Granada", "CPRO": "18", "stroke": "#aaaaaa", "stroke-width": 0.7, "stroke-opacity": 0.45 }, "geometry": { "type": "LineString", "coordinates": [ [ -3.1337, 37.25041 ], [ -3.14962, 37.26089 ], [ -3.14795, 37.25287 ], [ -3.15288, 37.20768 ], [ -3.13001, 37.22282 ], [ -3.11953, 37.23299 ], [ -3.12571, 37.23607 ], [ -3.1337, 37.25041 ] ] } },
{ "type": "Feature", "properties": { "CMUN": "18006", "NMUN": "Albuñol", "NPRO": "Granada", "CPRO": "18", "stroke": "#aaaaaa", "stroke-width": 0.7, "stroke-opacity": 0.45 }, "geometry": { "type": "LineString", "coordinates": [ [ -3.14019, 36.78778 ], [ -3.14146, 36.79079 ], [ -3.15634, 36.79532 ], [ -3.16764, 36.81782 ], [ -3.16959, 36.83471 ], [ -3.17917, 36.83439 ], [ -3.18427, 36.81528 ], [ -3.20037, 36.8105 ], [ -3.2081, 36.81263 ], [ -3.22928, 36.81115 ], [ -3.23456, 36.81418 ], [ -3.24126, 36.8094 ], [ -3.23411, 36.78609 ], [ -3.23744, 36.76975 ], [ -3.23335, 36.7501 ], [ -3.21213, 36.74522 ], [ -3.20342, 36.74985 ], [ -3.17435, 36.74885 ], [ -3.14459, 36.74501 ], [ -3.1287, 36.75089 ], [ -3.13685, 36.76643 ], [ -3.13424, 36.7815 ], [ -3.14019, 36.78778 ] ] } },
{ "type": "Feature", "properties": { "CMUN": "18007", "NMUN": "Albuñuelas", "NPRO": "Granada", "CPRO": "18", "stroke": "#aaaaaa", "stroke-width": 0.7, "stroke-opacity": 0.45 }, "geometry": { "type": "LineString", "coordinates": [ [ -3.6284, 36.99292 ], [ -3.6403, 36.99794 ], [ -3.65802, 36.99453 ], [ -3.6721, 36.98068 ], [ -3.6854, 36.98229 ], [ -3.69206, 36.98826 ], [ -3.70435, 36.98765 ], [ -3.70987, 36.97824 ], [ -3.72276, 36.96921 ], [ -3.74402, 36.9731 ], [ -3.74782, 36.96368 ], [ -3.75163, 36.93707 ], [ -3.75913, 36.91677 ], [ -3.75605, 36.90663 ], [ -3.7674, 36.88328 ], [ -3.76458, 36.8768 ], [ -3.74914, 36.87156 ], [ -3.73946, 36.8732 ], [ -3.72164, 36.86995 ], [ -3.70221, 36.8619 ], [ -3.68042, 36.87092 ], [ -3.68133, 36.88586 ], [ -3.66002, 36.89775 ], [ -3.63621, 36.89629 ], [ -3.61181, 36.89174 ], [ -3.60491, 36.90217 ], [ -3.60846, 36.9189 ], [ -3.60696, 36.93537 ], [ -3.62021, 36.94903 ], [ -3.6306, 36.95192 ], [ -3.63686, 36.96493 ], [ -3.63821, 36.9792 ], [ -3.6284, 36.99292 ] ] } },
{ "type": "Feature", "properties": { "CMUN": "18010", "NMUN": "Aldeire", "NPRO": "Granada", "CPRO": "18", "stroke": "#aaaaaa", "stroke-width": 0.7, "stroke-opacity": 0.45 }, "geometry": { "type": "MultiLineString", "coordinates": [ [ [ -3.04128, 37.10173 ], [ -3.04695, 37.11439 ], [ -3.04552, 37.1237 ], [ -3.04931, 37.13923 ], [ -3.0463, 37.14599 ], [ -3.05174, 37.15721 ], [ -3.05962, 37.15969 ], [ -3.06353, 37.17394 ], [ -3.07803, 37.17971 ], [ -3.09687, 37.21312 ], [ -3.10182, 37.18279 ], [ -3.09519, 37.16766 ], [ -3.09539, 37.15786 ], [ -3.10655, 37.15532 ], [ -3.12235, 37.12377 ], [ -3.11404, 37.09462 ], [ -3.1011, 37.10105 ], [ -3.07493, 37.09095 ], [ -3.05348, 37.09275 ], [ -3.04128, 37.10173 ] ], [ [ -3.02906, 37.26292 ], [ -3.05409, 37.25765 ], [ -3.07298, 37.24591 ], [ -3.08667, 37.24243 ], [ -3.08376, 37.22753 ], [ -3.07339, 37.20548 ], [ -3.06107, 37.20272 ], [ -3.05607, 37.21748 ], [ -3.03996, 37.2412 ], [ -3.02906, 37.26292 ] ] ] } },
{ "type": "Feature", "properties": { "CMUN": "18011", "NMUN": "Alfacar", "NPRO": "Granada", "CPRO": "18", "stroke": "#aaaaaa", "stroke-width": 0.7, "stroke-opacity": 0.45 }, "geometry": { "type": "LineString", "coordinates": [ [ -3.57109, 37.21839 ], [ -3.56258, 37.23388 ], [ -3.55092, 37.23732 ], [ -3.53954, 37.25251 ], [ -3.50752, 37.26351 ], [ -3.50644, 37.27592 ], [ -3.54798, 37.26352 ], [ -3.56658, 37.25225 ], [ -3.58785, 37.24318 ], [ -3.59668, 37.23832 ], [ -3.59145, 37.22738 ], [ -3.58515, 37.22093 ], [ -3.57109, 37.21839 ] ] } },
{ "type": "Feature", "properties": { "CMUN": "18012", "NMUN": "Algarinejo", "NPRO": "Granada", "CPRO": "18", "stroke": "#aaaaaa", "stroke-width": 0.7, "stroke-opacity": 0.45 }, "geometry": { "type": "LineString", "coordinates": [ [ -4.1075, 37.29283 ], [ -4.11165, 37.30081 ], [ -4.13258, 37.31574 ], [ -4.14584, 37.33519 ], [ -4.16197, 37.34194 ], [ -4.17234, 37.3484 ], [ -4.20933, 37.35247 ], [ -4.23912, 37.32768 ], [ -4.2352, 37.31192 ], [ -4.23651, 37.29722 ], [ -4.24813, 37.26912 ], [ -4.26325, 37.26038 ], [ -4.25869, 37.25153 ], [ -4.24747, 37.24808 ], [ -4.23387, 37.25142 ], [ -4.22389, 37.24559 ], [ -4.19839, 37.25704 ], [ -4.16751, 37.27419 ], [ -4.15476, 37.27876 ], [ -4.12804, 37.27824 ], [ -4.12765, 37.28286 ], [ -4.1075, 37.29283 ] ] } },
{ "type": "Feature", "properties": { "CMUN": "18013", "NMUN": "Alhama de Granada", "NPRO": "Granada", "CPRO": "18", "stroke": "#aaaaaa", "stroke-width": 0.7, "stroke-opacity": 0.45 }, "geometry": { "type": "MultiLineString", "coordinates": [ [ [ -4.13895, 36.95225 ], [ -4.11133, 36.94966 ], [ -4.09989, 36.95271 ], [ -4.09916, 36.94231 ], [ -4.092, 36.93325 ], [ -4.08162, 36.93002 ], [ -4.05377, 36.91497 ], [ -4.04906, 36.90617 ], [ -4.04258, 36.90325 ], [ -4.03563, 36.90484 ], [ -4.01562, 36.89893 ], [ -3.99921, 36.88983 ], [ -3.99098, 36.89142 ], [ -3.97078, 36.89205 ], [ -3.94645, 36.88495 ], [ -3.92952, 36.88288 ], [ -3.92243, 36.87372 ], [ -3.9186, 36.86808 ], [ -3.89128, 36.86657 ], [ -3.87576, 36.85301 ], [ -3.86103, 36.85104 ], [ -3.84233, 36.85821 ], [ -3.82717, 36.85553 ], [ -3.81532, 36.84685 ], [ -3.80955, 36.85829 ], [ -3.7956, 36.85794 ], [ -3.77996, 36.86704 ], [ -3.80501, 36.88303 ], [ -3.81949, 36.90733 ], [ -3.82929, 36.90874 ], [ -3.81653, 36.88964 ], [ -3.81917, 36.8835 ], [ -3.83925, 36.88946 ], [ -3.84923, 36.87521 ], [ -3.88684, 36.87768 ], [ -3.90395, 36.89103 ], [ -3.902, 36.90483 ], [ -3.90491, 36.91574 ], [ -3.94006, 36.9328 ], [ -3.92592, 36.94685 ], [ -3.92729, 36.95781 ], [ -3.91564, 36.96891 ], [ -3.91888, 36.98952 ], [ -3.92747, 37.00312 ], [ -3.88803, 37.02077 ], [ -3.87207, 37.02495 ], [ -3.88665, 37.03499 ], [ -3.90521, 37.0243 ], [ -3.92062, 37.02662 ], [ -3.93449, 37.0881 ], [ -3.93321, 37.09555 ], [ -3.94014, 37.11573 ], [ -3.95954, 37.13453 ], [ -3.95426, 37.14482 ], [ -3.96508, 37.15437 ], [ -3.96785, 37.1546 ], [ -3.97571, 37.14906 ], [ -3.98186, 37.12396 ], [ -3.99426, 37.11825 ], [ -4.01337, 37.09762 ], [ -4.02126, 37.10043 ], [ -4.0612, 37.08993 ], [ -4.08013, 37.08516 ], [ -4.1046, 37.07414 ], [ -4.11692, 37.07383 ], [ -4.13621, 37.06756 ], [ -4.17106, 37.05242 ], [ -4.18037, 37.05134 ], [ -4.1844, 37.03684 ], [ -4.18271, 37.02864 ], [ -4.17037, 37.02924 ], [ -4.15003, 37.0242 ], [ -4.13514, 37.01436 ], [ -4.12646, 37.0009 ], [ -4.11271, 36.99688 ], [ -4.08984, 36.98352 ], [ -4.09087, 36.97897 ], [ -4.10942, 36.97348 ], [ -4.13346, 36.95921 ], [ -4.13895, 36.95225 ] ], [ [ -3.98736, 37.08008 ], [ -3.9759, 37.0859 ], [ -3.96774, 37.07509 ], [ -3.95392, 37.07804 ], [ -3.94298, 37.06708 ], [ -3.94434, 37.05021 ], [ -3.97516, 37.04984 ], [ -3.98798, 37.04561 ], [ -4.00292, 37.05904 ], [ -4.00666, 37.07265 ], [ -3.98736, 37.08008 ] ], [ [ -3.89794, 37.09071 ], [ -3.90178, 37.11574 ], [ -3.90693, 37.12283 ], [ -3.91822, 37.12344 ], [ -3.92773, 37.11535 ], [ -3.92124, 37.09159 ], [ -3.89794, 37.09071 ] ] ] } },
{ "type": "Feature", "properties": { "CMUN": "18014", "NMUN": "Alhendín", "NPRO": "Granada", "CPRO": "18", "stroke": "#aaaaaa", "stroke-width": 0.7, "stroke-opacity": 0.45 }, "geometry": { "type": "LineString", "coordinates": [ [ -3.62416, 37.13374 ], [ -3.63061, 37.13772 ], [ -3.63761, 37.12817 ], [ -3.64557, 37.12035 ], [ -3.65952, 37.11972 ], [ -3.6688, 37.10906 ], [ -3.68738, 37.10904 ], [ -3.69485, 37.10363 ], [ -3.7043, 37.08672 ], [ -3.72757, 37.07616 ], [ -3.73144, 37.06253 ], [ -3.73122, 37.04839 ], [ -3.7399, 37.03643 ], [ -3.75498, 37.03435 ], [ -3.76557, 37.01676 ], [ -3.77523, 36.99648 ], [ -3.77131, 36.98875 ], [ -3.7615, 36.98396 ], [ -3.74878, 37.00784 ], [ -3.75164, 37.01652 ], [ -3.74635, 37.02456 ], [ -3.71891, 37.02751 ], [ -3.70972, 37.03541 ], [ -3.70005, 37.0345 ], [ -3.67632, 37.07654 ], [ -3.65973, 37.08569 ], [ -3.64616, 37.09948 ], [ -3.62311, 37.10813 ], [ -3.63448, 37.11995 ], [ -3.62416, 37.13374 ] ] } },
{ "type": "Feature", "properties": { "CMUN": "18015", "NMUN": "Alicún de Ortega", "NPRO": "Granada", "CPRO": "18", "stroke": "#aaaaaa", "stroke-width": 0.7, "stroke-opacity": 0.45 }, "geometry": { "type": "LineString", "coordinates": [ [ -3.14291, 37.62148 ], [ -3.15396, 37.62677 ], [ -3.1636, 37.6238 ], [ -3.17858, 37.62648 ], [ -3.19762, 37.62592 ], [ -3.21311, 37.62087 ], [ -3.20961, 37.60819 ], [ -3.18841, 37.60931 ], [ -3.17731, 37.60699 ], [ -3.16854, 37.59214 ], [ -3.15957, 37.58789 ], [ -3.1388, 37.58706 ], [ -3.11338, 37.59789 ], [ -3.11651, 37.60812 ], [ -3.14291, 37.62148 ] ] } },
{ "type": "Feature", "properties": { "CMUN": "18016", "NMUN": "Almegíjar", "NPRO": "Granada", "CPRO": "18", "stroke": "#aaaaaa", "stroke-width": 0.7, "stroke-opacity": 0.45 }, "geometry": { "type": "LineString", "coordinates": [ [ -3.29552, 36.92444 ], [ -3.29944, 36.91929 ], [ -3.31449, 36.91835 ], [ -3.32574, 36.91243 ], [ -3.3292, 36.89281 ], [ -3.33475, 36.88606 ], [ -3.30163, 36.89368 ], [ -3.28131, 36.8799 ], [ -3.25831, 36.87458 ], [ -3.24384, 36.87941 ], [ -3.24706, 36.8923 ], [ -3.25652, 36.90683 ], [ -3.25752, 36.9194 ], [ -3.26387, 36.92236 ], [ -3.27609, 36.94113 ], [ -3.28318, 36.92907 ], [ -3.29552, 36.92444 ] ] } },
{ "type": "Feature", "properties": { "CMUN": "18017", "NMUN": "Almuñécar", "NPRO": "Granada", "CPRO": "18", "stroke": "#aaaaaa", "stroke-width": 0.7, "stroke-opacity": 0.45 }, "geometry": { "type": "LineString", "coordinates": [ [ -3.77744, 36.73792 ], [ -3.76911, 36.72954 ], [ -3.75417, 36.73843 ], [ -3.73529, 36.7278 ], [ -3.71504, 36.73315 ], [ -3.69651, 36.7297 ], [ -3.67376, 36.73113 ], [ -3.65787, 36.74646 ], [ -3.63805, 36.7424 ], [ -3.63559, 36.74829 ], [ -3.66094, 36.76389 ], [ -3.67056, 36.77241 ], [ -3.69004, 36.77562 ], [ -3.68966, 36.78927 ], [ -3.68245, 36.80003 ], [ -3.70315, 36.79738 ], [ -3.71484, 36.80588 ], [ -3.7301, 36.81007 ], [ -3.75819, 36.82279 ], [ -3.79061, 36.82069 ], [ -3.7865, 36.81238 ], [ -3.76814, 36.80196 ], [ -3.76606, 36.78899 ], [ -3.78228, 36.76445 ], [ -3.77744, 36.73792 ] ] } },
{ "type": "Feature", "properties": { "CMUN": "18018", "NMUN": "Alquife", "NPRO": "Granada", "CPRO": "18", "stroke": "#aaaaaa", "stroke-width": 0.7, "stroke-opacity": 0.45 }, "geometry": { "type": "MultiLineString", "coordinates": [ [ [ -3.0952, 37.22582 ], [ -3.12067, 37.19277 ], [ -3.12916, 37.17504 ], [ -3.11383, 37.16659 ], [ -3.10655, 37.15532 ], [ -3.09539, 37.15786 ], [ -3.09519, 37.16766 ], [ -3.10182, 37.18279 ], [ -3.09687, 37.21312 ], [ -3.0952, 37.22582 ] ], [ [ -3.13406, 37.20201 ], [ -3.12769, 37.20581 ], [ -3.11302, 37.22447 ], [ -3.11607, 37.22638 ], [ -3.13406, 37.20201 ] ] ] } },
{ "type": "Feature", "properties": { "CMUN": "18020", "NMUN": "Arenas del Rey", "NPRO": "Granada", "CPRO": "18", "stroke": "#aaaaaa", "stroke-width": 0.7, "stroke-opacity": 0.45 }, "geometry": { "type": "LineString", "coordinates": [ [ -3.81126, 36.99354 ], [ -3.82157, 37.00151 ], [ -3.83956, 37.00141 ], [ -3.85699, 37.00828 ], [ -3.87207, 37.02495 ], [ -3.88803, 37.02077 ], [ -3.92747, 37.00312 ], [ -3.91888, 36.98952 ], [ -3.91564, 36.96891 ], [ -3.92729, 36.95781 ], [ -3.90891, 36.94133 ], [ -3.89575, 36.93847 ], [ -3.8975, 36.92069 ], [ -3.90491, 36.91574 ], [ -3.902, 36.90483 ], [ -3.90395, 36.89103 ], [ -3.88684, 36.87768 ], [ -3.84923, 36.87521 ], [ -3.83925, 36.88946 ], [ -3.81917, 36.8835 ], [ -3.81653, 36.88964 ], [ -3.82929, 36.90874 ], [ -3.82929, 36.90874 ], [ -3.85142, 36.9299 ], [ -3.87197, 36.96097 ], [ -3.86518, 36.97569 ], [ -3.83717, 36.97873 ], [ -3.82369, 36.98542 ], [ -3.81126, 36.99354 ] ] } },
{ "type": "Feature", "properties": { "CMUN": "18021", "NMUN": "Armilla", "NPRO": "Granada", "CPRO": "18", "stroke": "#aaaaaa", "stroke-width": 0.7, "stroke-opacity": 0.45 }, "geometry": { "type": "LineString", "coordinates": [ [ -3.63061, 37.13772 ], [ -3.62416, 37.13374 ], [ -3.60986, 37.13932 ], [ -3.60677, 37.1502 ], [ -3.61591, 37.16063 ], [ -3.63021, 37.16013 ], [ -3.62496, 37.15541 ], [ -3.63061, 37.13772 ] ] } },
{ "type": "Feature", "properties": { "CMUN": "18022", "NMUN": "Atarfe", "NPRO": "Granada", "CPRO": "18", "stroke": "#aaaaaa", "stroke-width": 0.7, "stroke-opacity": 0.45 }, "geometry": { "type": "LineString", "coordinates": [ [ -3.71298, 37.21109 ], [ -3.69851, 37.2024 ], [ -3.69011, 37.20809 ], [ -3.65716, 37.2041 ], [ -3.65268, 37.20671 ], [ -3.66146, 37.2102 ], [ -3.68688, 37.2428 ], [ -3.69562, 37.24511 ], [ -3.69691, 37.25464 ], [ -3.67622, 37.27596 ], [ -3.6725, 37.29273 ], [ -3.69084, 37.30259 ], [ -3.70517, 37.30528 ], [ -3.71206, 37.30286 ], [ -3.73293, 37.29525 ], [ -3.73945, 37.29608 ], [ -3.73735, 37.29243 ], [ -3.74839, 37.27166 ], [ -3.73433, 37.26621 ], [ -3.72659, 37.24747 ], [ -3.74053, 37.23313 ], [ -3.72196, 37.22213 ], [ -3.71099, 37.22659 ], [ -3.70528, 37.21407 ], [ -3.71298, 37.21109 ] ] } },
{ "type": "Feature", "properties": { "CMUN": "18023", "NMUN": "Baza", "NPRO": "Granada", "CPRO": "18", "stroke": "#aaaaaa", "stroke-width": 0.7, "stroke-opacity": 0.45 }, "geometry": { "type": "LineString", "coordinates": [ [ -2.65345, 37.33237 ], [ -2.66404, 37.33264 ], [ -2.68497, 37.32525 ], [ -2.73121, 37.32912 ], [ -2.74483, 37.34405 ], [ -2.75339, 37.37331 ], [ -2.75213, 37.39885 ], [ -2.76102, 37.4162 ], [ -2.76436, 37.4453 ], [ -2.76707, 37.45141 ], [ -2.7205, 37.48575 ], [ -2.69612, 37.49474 ], [ -2.68091, 37.49098 ], [ -2.651, 37.49131 ], [ -2.60211, 37.47233 ], [ -2.58518, 37.47042 ], [ -2.59523, 37.49791 ], [ -2.62178, 37.50627 ], [ -2.63118, 37.51224 ], [ -2.64326, 37.51097 ], [ -2.65635, 37.53089 ], [ -2.65176, 37.55617 ], [ -2.65504, 37.55867 ], [ -2.68648, 37.57018 ], [ -2.7168, 37.56882 ], [ -2.74219, 37.58285 ], [ -2.75373, 37.59715 ], [ -2.79741, 37.60391 ], [ -2.7838, 37.61683 ], [ -2.79468, 37.61984 ], [ -2.80683, 37.62948 ], [ -2.82186, 37.63263 ], [ -2.82995, 37.64457 ], [ -2.82121, 37.61075 ], [ -2.80285, 37.58882 ], [ -2.7953, 37.58341 ], [ -2.79825, 37.56222 ], [ -2.80584, 37.55049 ], [ -2.80819, 37.53938 ], [ -2.80085, 37.52605 ], [ -2.81967, 37.50556 ], [ -2.84587, 37.49737 ], [ -2.86632, 37.49437 ], [ -2.8692, 37.47974 ], [ -2.92252, 37.4497 ], [ -2.93863, 37.47876 ], [ -2.93724, 37.45701 ], [ -2.93994, 37.44021 ], [ -2.93059, 37.42727 ], [ -2.91663, 37.39923 ], [ -2.8915, 37.39024 ], [ -2.89915, 37.38026 ], [ -2.89886, 37.36792 ], [ -2.89034, 37.36354 ], [ -2.86253, 37.36419 ], [ -2.85309, 37.36887 ], [ -2.8362, 37.36355 ], [ -2.83349, 37.35099 ], [ -2.83974, 37.34263 ], [ -2.83226, 37.32529 ], [ -2.85127, 37.31349 ], [ -2.86198, 37.31286 ], [ -2.85485, 37.29729 ], [ -2.84006, 37.29237 ], [ -2.83037, 37.28009 ], [ -2.81711, 37.27235 ], [ -2.79449, 37.26336 ], [ -2.779, 37.26266 ], [ -2.77559, 37.24559 ], [ -2.75903, 37.22671 ], [ -2.73999, 37.22876 ], [ -2.73302, 37.23732 ], [ -2.72532, 37.23114 ], [ -2.71425, 37.23159 ], [ -2.70494, 37.22278 ], [ -2.68171, 37.21703 ], [ -2.66837, 37.21678 ], [ -2.66012, 37.21199 ], [ -2.65763, 37.22892 ], [ -2.66629, 37.23809 ], [ -2.66751, 37.24952 ], [ -2.66171, 37.26668 ], [ -2.66443, 37.2869 ], [ -2.65174, 37.30899 ], [ -2.65345, 37.33237 ] ] } },
{ "type": "Feature", "properties": { "CMUN": "18024", "NMUN": "Beas de Granada", "NPRO": "Granada", "CPRO": "18", "stroke": "#aaaaaa", "stroke-width": 0.7, "stroke-opacity": 0.45 }, "geometry": { "type": "LineString", "coordinates": [ [ -3.4821, 37.202 ], [ -3.47343, 37.21426 ], [ -3.45172, 37.22189 ], [ -3.44033, 37.23344 ], [ -3.43818, 37.24799 ], [ -3.43109, 37.26519 ], [ -3.4299, 37.27591 ], [ -3.43714, 37.27118 ], [ -3.45789, 37.26766 ], [ -3.46355, 37.25381 ], [ -3.47504, 37.2496 ], [ -3.48077, 37.23527 ], [ -3.49192, 37.22528 ], [ -3.50995, 37.21707 ], [ -3.49789, 37.20512 ], [ -3.4821, 37.202 ] ] } },
{ "type": "Feature", "properties": { "CMUN": "18025", "NMUN": "Beas de Guadix", "NPRO": "Granada", "CPRO": "18", "stroke": "#aaaaaa", "stroke-width": 0.7, "stroke-opacity": 0.45 }, "geometry": { "type": "LineString", "coordinates": [ [ -3.17466, 37.29381 ], [ -3.18575, 37.28769 ], [ -3.19287, 37.29405 ], [ -3.20322, 37.29466 ], [ -3.21437, 37.2874 ], [ -3.22645, 37.28773 ], [ -3.23556, 37.29004 ], [ -3.24778, 37.27631 ], [ -3.24811, 37.26063 ], [ -3.23644, 37.26239 ], [ -3.22262, 37.25739 ], [ -3.21656, 37.25508 ], [ -3.21286, 37.26167 ], [ -3.19079, 37.26893 ], [ -3.1718, 37.29163 ], [ -3.17466, 37.29381 ] ] } },
{ "type": "Feature", "properties": { "CMUN": "18027", "NMUN": "Benalúa", "NPRO": "Granada", "CPRO": "18", "stroke": "#aaaaaa", "stroke-width": 0.7, "stroke-opacity": 0.45 }, "geometry": { "type": "LineString", "coordinates": [ [ -3.16953, 37.34108 ], [ -3.14639, 37.34533 ], [ -3.14235, 37.34946 ], [ -3.15599, 37.3718 ], [ -3.17337, 37.37167 ], [ -3.18414, 37.3615 ], [ -3.18519, 37.35435 ], [ -3.16953, 37.34108 ] ] } },
{ "type": "Feature", "properties": { "CMUN": "18028", "NMUN": "Benalúa de las Villas", "NPRO": "Granada", "CPRO": "18", "stroke": "#aaaaaa", "stroke-width": 0.7, "stroke-opacity": 0.45 }, "geometry": { "type": "MultiLineString", "coordinates": [ [ [ -3.70145, 37.44815 ], [ -3.70052, 37.43743 ], [ -3.68385, 37.41811 ], [ -3.65975, 37.41891 ], [ -3.64542, 37.42298 ], [ -3.64673, 37.4362 ], [ -3.63149, 37.43758 ], [ -3.63932, 37.44944 ], [ -3.64933, 37.45636 ], [ -3.66232, 37.45947 ], [ -3.66331, 37.47258 ], [ -3.68391, 37.46974 ], [ -3.70145, 37.44815 ] ], [ [ -3.66585, 37.44355 ], [ -3.67599, 37.44187 ], [ -3.68229, 37.44999 ], [ -3.66315, 37.45196 ], [ -3.66585, 37.44355 ] ] ] } },
{ "type": "Feature", "properties": { "CMUN": "18029", "NMUN": "Benamaurel", "NPRO": "Granada", "CPRO": "18", "stroke": "#aaaaaa", "stroke-width": 0.7, "stroke-opacity": 0.45 }, "geometry": { "type": "LineString", "coordinates": [ [ -2.65504, 37.55867 ], [ -2.66694, 37.58202 ], [ -2.66524, 37.5909 ], [ -2.64729, 37.59479 ], [ -2.63514, 37.60446 ], [ -2.63428, 37.62296 ], [ -2.61741, 37.62305 ], [ -2.61174, 37.62938 ], [ -2.62052, 37.63631 ], [ -2.63092, 37.66552 ], [ -2.66124, 37.66833 ], [ -2.67334, 37.67148 ], [ -2.69589, 37.68233 ], [ -2.71138, 37.69401 ], [ -2.72441, 37.70768 ], [ -2.73322, 37.70818 ], [ -2.74073, 37.71579 ], [ -2.76384, 37.70921 ], [ -2.74823, 37.70453 ], [ -2.74188, 37.69796 ], [ -2.73822, 37.68368 ], [ -2.72706, 37.67445 ], [ -2.7279, 37.65978 ], [ -2.7397, 37.65476 ], [ -2.74734, 37.64081 ], [ -2.7443, 37.63625 ], [ -2.75239, 37.62339 ], [ -2.7838, 37.61683 ], [ -2.79741, 37.60391 ], [ -2.75373, 37.59715 ], [ -2.74219, 37.58285 ], [ -2.7168, 37.56882 ], [ -2.68648, 37.57018 ], [ -2.65504, 37.55867 ] ] } },
{ "type": "Feature", "properties": { "CMUN": "18030", "NMUN": "Bérchules", "NPRO": "Granada", "CPRO": "18", "stroke": "#aaaaaa", "stroke-width": 0.7, "stroke-opacity": 0.45 }, "geometry": { "type": "LineString", "coordinates": [ [ -3.15963, 37.09215 ], [ -3.17829, 37.09277 ], [ -3.20039, 37.0905 ], [ -3.21194, 37.07767 ], [ -3.22281, 37.04855 ], [ -3.22269, 37.0336 ], [ -3.23759, 37.00285 ], [ -3.2377, 36.99473 ], [ -3.22558, 36.98494 ], [ -3.20695, 36.95244 ], [ -3.19926, 36.94687 ], [ -3.1776, 36.96728 ], [ -3.17385, 36.97375 ], [ -3.17403, 36.99187 ], [ -3.17906, 37.00837 ], [ -3.17188, 37.01856 ], [ -3.16713, 37.03541 ], [ -3.16661, 37.05983 ], [ -3.16206, 37.06808 ], [ -3.15963, 37.09215 ] ] } },
{ "type": "Feature", "properties": { "CMUN": "18032", "NMUN": "Bubión", "NPRO": "Granada", "CPRO": "18", "stroke": "#aaaaaa", "stroke-width": 0.7, "stroke-opacity": 0.45 }, "geometry": { "type": "MultiLineString", "coordinates": [ [ [ -3.38138, 36.96415 ], [ -3.37752, 36.95273 ], [ -3.36375, 36.95284 ], [ -3.34999, 36.94045 ], [ -3.33178, 36.95563 ], [ -3.33281, 36.97593 ], [ -3.33478, 36.96905 ], [ -3.3552, 36.95526 ], [ -3.36295, 36.95481 ], [ -3.38138, 36.96415 ] ], [ [ -3.40631, 37.01604 ], [ -3.39041, 37.00973 ], [ -3.38273, 37.01121 ], [ -3.36842, 36.99291 ], [ -3.37797, 36.98493 ], [ -3.37999, 36.96473 ], [ -3.37598, 36.9764 ], [ -3.35878, 36.99198 ], [ -3.36779, 37.00231 ], [ -3.37212, 37.01655 ], [ -3.38501, 37.02593 ], [ -3.38551, 37.03366 ], [ -3.39464, 37.03804 ], [ -3.40081, 37.03321 ], [ -3.40631, 37.01604 ] ] ] } },
{ "type": "Feature", "properties": { "CMUN": "18033", "NMUN": "Busquístar", "NPRO": "Granada", "CPRO": "18", "stroke": "#aaaaaa", "stroke-width": 0.7, "stroke-opacity": 0.45 }, "geometry": { "type": "LineString", "coordinates": [ [ -3.2495, 36.97717 ], [ -3.27092, 36.98018 ], [ -3.2799, 36.99268 ], [ -3.29261, 36.98949 ], [ -3.28535, 36.97798 ], [ -3.28693, 36.96365 ], [ -3.30545, 36.93674 ], [ -3.29552, 36.92444 ], [ -3.28318, 36.92907 ], [ -3.27609, 36.94113 ], [ -3.2648, 36.94823 ], [ -3.25053, 36.96956 ], [ -3.2495, 36.97717 ] ] } },
{ "type": "Feature", "properties": { "CMUN": "18034", "NMUN": "Cacín", "NPRO": "Granada", "CPRO": "18", "stroke": "#aaaaaa", "stroke-width": 0.7, "stroke-opacity": 0.45 }, "geometry": { "type": "LineString", "coordinates": [ [ -3.93841, 37.14236 ], [ -3.95533, 37.15219 ], [ -3.96508, 37.15437 ], [ -3.95426, 37.14482 ], [ -3.95954, 37.13453 ], [ -3.94014, 37.11573 ], [ -3.93321, 37.09555 ], [ -3.93449, 37.0881 ], [ -3.92062, 37.02662 ], [ -3.90521, 37.0243 ], [ -3.88665, 37.03499 ], [ -3.87207, 37.02495 ], [ -3.87369, 37.03441 ], [ -3.8749, 37.04875 ], [ -3.88158, 37.05661 ], [ -3.88488, 37.06965 ], [ -3.89794, 37.09071 ], [ -3.92124, 37.09159 ], [ -3.92773, 37.11535 ], [ -3.91822, 37.12344 ], [ -3.93841, 37.14236 ] ] } },
{ "type": "Feature", "properties": { "CMUN": "18035", "NMUN": "Cádiar", "NPRO": "Granada", "CPRO": "18", "stroke": "#aaaaaa", "stroke-width": 0.7, "stroke-opacity": 0.45 }, "geometry": { "type": "LineString", "coordinates": [ [ -3.10832, 36.9487 ], [ -3.11816, 36.96391 ], [ -3.12607, 36.96903 ], [ -3.1338, 36.96226 ], [ -3.14527, 36.96311 ], [ -3.15661, 36.95287 ], [ -3.17385, 36.97375 ], [ -3.1776, 36.96728 ], [ -3.19926, 36.94687 ], [ -3.20305, 36.92431 ], [ -3.2063, 36.92021 ], [ -3.19662, 36.89768 ], [ -3.18796, 36.88742 ], [ -3.19271, 36.87832 ], [ -3.18216, 36.87772 ], [ -3.15038, 36.88686 ], [ -3.14413, 36.89135 ], [ -3.14827, 36.90553 ], [ -3.15409, 36.9186 ], [ -3.15466, 36.93332 ], [ -3.13585, 36.93363 ], [ -3.10832, 36.9487 ] ] } },
{ "type": "Feature", "properties": { "CMUN": "18036", "NMUN": "Cájar", "NPRO": "Granada", "CPRO": "18", "stroke": "#aaaaaa", "stroke-width": 0.7, "stroke-opacity": 0.45 }, "geometry": { "type": "LineString", "coordinates": [ [ -3.5538, 37.11318 ], [ -3.56459, 37.12673 ], [ -3.56983, 37.14008 ], [ -3.57842, 37.14082 ], [ -3.58163, 37.13506 ], [ -3.56797, 37.12251 ], [ -3.56755, 37.12221 ], [ -3.5538, 37.11318 ] ] } },
{ "type": "Feature", "properties": { "CMUN": "18037", "NMUN": "Calicasas", "NPRO": "Granada", "CPRO": "18", "stroke": "#aaaaaa", "stroke-width": 0.7, "stroke-opacity": 0.45 }, "geometry": { "type": "LineString", "coordinates": [ [ -3.60556, 37.27757 ], [ -3.61267, 37.28982 ], [ -3.62027, 37.29213 ], [ -3.6258, 37.30203 ], [ -3.63846, 37.3011 ], [ -3.64717, 37.28128 ], [ -3.64063, 37.26333 ], [ -3.62605, 37.26295 ], [ -3.60988, 37.26507 ], [ -3.60556, 37.27757 ] ] } },
{ "type": "Feature", "properties": { "CMUN": "18038", "NMUN": "Campotéjar", "NPRO": "Granada", "CPRO": "18", "stroke": "#aaaaaa", "stroke-width": 0.7, "stroke-opacity": 0.45 }, "geometry": { "type": "LineString", "coordinates": [ [ -3.56828, 37.53315 ], [ -3.57985, 37.54207 ], [ -3.58289, 37.55387 ], [ -3.59999, 37.54734 ], [ -3.62707, 37.52854 ], [ -3.60802, 37.52749 ], [ -3.59942, 37.52039 ], [ -3.61434, 37.51177 ], [ -3.62384, 37.49942 ], [ -3.63764, 37.49648 ], [ -3.63908, 37.4856 ], [ -3.63292, 37.47908 ], [ -3.63317, 37.46661 ], [ -3.61769, 37.46549 ], [ -3.59625, 37.47574 ], [ -3.58752, 37.47599 ], [ -3.58562, 37.48362 ], [ -3.56777, 37.49073 ], [ -3.57269, 37.49984 ], [ -3.56693, 37.51099 ], [ -3.56828, 37.53315 ] ] } },
{ "type": "Feature", "properties": { "CMUN": "18039", "NMUN": "Caniles", "NPRO": "Granada", "CPRO": "18", "stroke": "#aaaaaa", "stroke-width": 0.7, "stroke-opacity": 0.45 }, "geometry": { "type": "LineString", "coordinates": [ [ -2.60821, 37.41107 ], [ -2.59679, 37.42102 ], [ -2.57761, 37.42887 ], [ -2.57121, 37.44266 ], [ -2.57661, 37.44758 ], [ -2.58518, 37.47042 ], [ -2.60211, 37.47233 ], [ -2.651, 37.49131 ], [ -2.68091, 37.49098 ], [ -2.69612, 37.49474 ], [ -2.7205, 37.48575 ], [ -2.76707, 37.45141 ], [ -2.76436, 37.4453 ], [ -2.76102, 37.4162 ], [ -2.75213, 37.39885 ], [ -2.75339, 37.37331 ], [ -2.74483, 37.34405 ], [ -2.73121, 37.32912 ], [ -2.68497, 37.32525 ], [ -2.66404, 37.33264 ], [ -2.65345, 37.33237 ], [ -2.6546, 37.34061 ], [ -2.63729, 37.34333 ], [ -2.63529, 37.36547 ], [ -2.64202, 37.37337 ], [ -2.63562, 37.39421 ], [ -2.60821, 37.41107 ] ] } },
{ "type": "Feature", "properties": { "CMUN": "18040", "NMUN": "Cáñar", "NPRO": "Granada", "CPRO": "18", "stroke": "#aaaaaa", "stroke-width": 0.7, "stroke-opacity": 0.45 }, "geometry": { "type": "LineString", "coordinates": [ [ -3.40631, 37.01604 ], [ -3.41257, 37.01223 ], [ -3.43181, 36.98027 ], [ -3.43933, 36.96271 ], [ -3.45766, 36.94165 ], [ -3.45274, 36.92782 ], [ -3.44642, 36.92747 ], [ -3.43157, 36.91641 ], [ -3.41737, 36.92459 ], [ -3.41398, 36.93244 ], [ -3.41302, 36.93531 ], [ -3.41212, 36.95394 ], [ -3.40196, 36.99706 ], [ -3.39729, 37.00091 ], [ -3.40631, 37.01604 ] ] } },
{ "type": "Feature", "properties": { "CMUN": "18042", "NMUN": "Capileira", "NPRO": "Granada", "CPRO": "18", "stroke": "#aaaaaa", "stroke-width": 0.7, "stroke-opacity": 0.45 }, "geometry": { "type": "LineString", "coordinates": [ [ -3.31156, 37.05338 ], [ -3.32726, 37.05785 ], [ -3.34931, 37.0538 ], [ -3.36568, 37.05603 ], [ -3.38306, 37.04311 ], [ -3.39267, 37.04056 ], [ -3.39464, 37.03804 ], [ -3.38551, 37.03366 ], [ -3.38501, 37.02593 ], [ -3.37212, 37.01655 ], [ -3.36779, 37.00231 ], [ -3.35878, 36.99198 ], [ -3.37598, 36.9764 ], [ -3.37999, 36.96473 ], [ -3.38138, 36.96415 ], [ -3.36295, 36.95481 ], [ -3.3552, 36.95526 ], [ -3.33478, 36.96905 ], [ -3.33281, 36.97593 ], [ -3.32587, 36.98019 ], [ -3.31445, 36.99226 ], [ -3.30473, 37.01123 ], [ -3.29945, 37.03418 ], [ -3.31203, 37.04442 ], [ -3.31156, 37.05338 ] ] } },
{ "type": "Feature", "properties": { "CMUN": "18043", "NMUN": "Carataunas", "NPRO": "Granada", "CPRO": "18", "stroke": "#aaaaaa", "stroke-width": 0.7, "stroke-opacity": 0.45 }, "geometry": { "type": "LineString", "coordinates": [ [ -3.38083, 36.92376 ], [ -3.40813, 36.92567 ], [ -3.41302, 36.93531 ], [ -3.41398, 36.93244 ], [ -3.41538, 36.92794 ], [ -3.40509, 36.91186 ], [ -3.38663, 36.90742 ], [ -3.38315, 36.9136 ], [ -3.36818, 36.91266 ], [ -3.38012, 36.91737 ], [ -3.38083, 36.92376 ] ] } },
{ "type": "Feature", "properties": { "CMUN": "18044", "NMUN": "Cástaras", "NPRO": "Granada", "CPRO": "18", "stroke": "#aaaaaa", "stroke-width": 0.7, "stroke-opacity": 0.45 }, "geometry": { "type": "LineString", "coordinates": [ [ -3.21825, 36.94113 ], [ -3.23958, 36.93889 ], [ -3.25053, 36.96956 ], [ -3.2648, 36.94823 ], [ -3.27609, 36.94113 ], [ -3.26387, 36.92236 ], [ -3.25752, 36.9194 ], [ -3.25652, 36.90683 ], [ -3.24706, 36.8923 ], [ -3.24384, 36.87941 ], [ -3.23036, 36.87194 ], [ -3.21902, 36.8691 ], [ -3.20467, 36.87636 ], [ -3.21921, 36.89618 ], [ -3.23359, 36.90896 ], [ -3.2277, 36.91609 ], [ -3.21825, 36.94113 ] ] } },
{ "type": "Feature", "properties": { "CMUN": "18045", "NMUN": "Castilléjar", "NPRO": "Granada", "CPRO": "18", "stroke": "#aaaaaa", "stroke-width": 0.7, "stroke-opacity": 0.45 }, "geometry": { "type": "LineString", "coordinates": [ [ -2.62466, 37.76124 ], [ -2.62232, 37.77222 ], [ -2.62653, 37.78342 ], [ -2.65239, 37.7882 ], [ -2.66366, 37.79679 ], [ -2.70203, 37.80482 ], [ -2.69958, 37.81513 ], [ -2.7137, 37.81457 ], [ -2.71376, 37.795 ], [ -2.72458, 37.77381 ], [ -2.73825, 37.75217 ], [ -2.75123, 37.73798 ], [ -2.76384, 37.70921 ], [ -2.74073, 37.71579 ], [ -2.73322, 37.70818 ], [ -2.72441, 37.70768 ], [ -2.71138, 37.69401 ], [ -2.69589, 37.68233 ], [ -2.67334, 37.67148 ], [ -2.66124, 37.66833 ], [ -2.63092, 37.66552 ], [ -2.62982, 37.66618 ], [ -2.63114, 37.68489 ], [ -2.61811, 37.69599 ], [ -2.61366, 37.71422 ], [ -2.62044, 37.73388 ], [ -2.62466, 37.76124 ] ] } },
{ "type": "Feature", "properties": { "CMUN": "18046", "NMUN": "Castril", "NPRO": "Granada", "CPRO": "18", "stroke": "#aaaaaa", "stroke-width": 0.7, "stroke-opacity": 0.45 }, "geometry": { "type": "LineString", "coordinates": [ [ -2.76384, 37.70921 ], [ -2.75123, 37.73798 ], [ -2.73825, 37.75217 ], [ -2.72458, 37.77381 ], [ -2.71376, 37.795 ], [ -2.7137, 37.81457 ], [ -2.70826, 37.82597 ], [ -2.7109, 37.83292 ], [ -2.70549, 37.84638 ], [ -2.69558, 37.85492 ], [ -2.71436, 37.87238 ], [ -2.7225, 37.87243 ], [ -2.72896, 37.88315 ], [ -2.7195, 37.90595 ], [ -2.69541, 37.92438 ], [ -2.6843, 37.93877 ], [ -2.69506, 37.96695 ], [ -2.69145, 37.97281 ], [ -2.72286, 37.96246 ], [ -2.7313, 37.94885 ], [ -2.74432, 37.93491 ], [ -2.76616, 37.9205 ], [ -2.77431, 37.92558 ], [ -2.78372, 37.91856 ], [ -2.79546, 37.90279 ], [ -2.79949, 37.89004 ], [ -2.81784, 37.87178 ], [ -2.82197, 37.84791 ], [ -2.83958, 37.82867 ], [ -2.84059, 37.8214 ], [ -2.85529, 37.81101 ], [ -2.87271, 37.79203 ], [ -2.88029, 37.75995 ], [ -2.86016, 37.74839 ], [ -2.84475, 37.75341 ], [ -2.83538, 37.7443 ], [ -2.82833, 37.748 ], [ -2.81322, 37.73243 ], [ -2.80754, 37.72289 ], [ -2.78958, 37.71463 ], [ -2.76384, 37.70921 ] ] } },
{ "type": "Feature", "properties": { "CMUN": "18047", "NMUN": "Cenes de la Vega", "NPRO": "Granada", "CPRO": "18", "stroke": "#aaaaaa", "stroke-width": 0.7, "stroke-opacity": 0.45 }, "geometry": { "type": "LineString", "coordinates": [ [ -3.51922, 37.14446 ], [ -3.53079, 37.16028 ], [ -3.5233, 37.16916 ], [ -3.53764, 37.17137 ], [ -3.54616, 37.16798 ], [ -3.55002, 37.15895 ], [ -3.55998, 37.15748 ], [ -3.55073, 37.14767 ], [ -3.52682, 37.14053 ], [ -3.51922, 37.14446 ] ] } },
{ "type": "Feature", "properties": { "CMUN": "18048", "NMUN": "Cijuela", "NPRO": "Granada", "CPRO": "18", "stroke": "#aaaaaa", "stroke-width": 0.7, "stroke-opacity": 0.45 }, "geometry": { "type": "LineString", "coordinates": [ [ -3.81046, 37.15774 ], [ -3.80469, 37.17627 ], [ -3.80149, 37.20635 ], [ -3.82573, 37.20438 ], [ -3.82318, 37.18072 ], [ -3.82689, 37.17111 ], [ -3.85238, 37.16381 ], [ -3.86011, 37.16827 ], [ -3.85849, 37.15798 ], [ -3.86155, 37.14674 ], [ -3.81298, 37.14678 ], [ -3.81046, 37.15774 ] ] } },
{ "type": "Feature", "properties": { "CMUN": "18049", "NMUN": "Cogollos de Guadix", "NPRO": "Granada", "CPRO": "18", "stroke": "#aaaaaa", "stroke-width": 0.7, "stroke-opacity": 0.45 }, "geometry": { "type": "LineString", "coordinates": [ [ -3.14962, 37.26089 ], [ -3.17321, 37.26713 ], [ -3.19704, 37.24233 ], [ -3.2121, 37.23862 ], [ -3.20929, 37.22256 ], [ -3.20174, 37.21213 ], [ -3.19695, 37.19723 ], [ -3.17626, 37.19772 ], [ -3.15288, 37.20768 ], [ -3.14795, 37.25287 ], [ -3.14962, 37.26089 ] ] } },
{ "type": "Feature", "properties": { "CMUN": "18050", "NMUN": "Cogollos de la Vega", "NPRO": "Granada", "CPRO": "18", "stroke": "#aaaaaa", "stroke-width": 0.7, "stroke-opacity": 0.45 }, "geometry": { "type": "LineString", "coordinates": [ [ -3.58095, 37.26714 ], [ -3.53718, 37.28003 ], [ -3.50558, 37.28073 ], [ -3.50851, 37.2915 ], [ -3.50209, 37.30002 ], [ -3.49088, 37.30544 ], [ -3.48545, 37.32159 ], [ -3.48929, 37.32699 ], [ -3.50189, 37.32397 ], [ -3.51483, 37.32652 ], [ -3.53739, 37.31362 ], [ -3.55989, 37.3138 ], [ -3.58514, 37.30803 ], [ -3.61288, 37.32284 ], [ -3.62762, 37.3169 ], [ -3.63846, 37.3011 ], [ -3.6258, 37.30203 ], [ -3.62027, 37.29213 ], [ -3.61267, 37.28982 ], [ -3.60556, 37.27757 ], [ -3.58095, 37.26714 ] ] } },
{ "type": "Feature", "properties": { "CMUN": "18051", "NMUN": "Colomera", "NPRO": "Granada", "CPRO": "18", "stroke": "#aaaaaa", "stroke-width": 0.7, "stroke-opacity": 0.45 }, "geometry": { "type": "MultiLineString", "coordinates": [ [ [ -3.64673, 37.4362 ], [ -3.64542, 37.42298 ], [ -3.65975, 37.41891 ], [ -3.68385, 37.41811 ], [ -3.70052, 37.43743 ], [ -3.70145, 37.44815 ], [ -3.70507, 37.44396 ], [ -3.73131, 37.44202 ], [ -3.7376, 37.43448 ], [ -3.75469, 37.44084 ], [ -3.75708, 37.4487 ], [ -3.76953, 37.45165 ], [ -3.76684, 37.4322 ], [ -3.78259, 37.42843 ], [ -3.77274, 37.40871 ], [ -3.76369, 37.39684 ], [ -3.75772, 37.37199 ], [ -3.75701, 37.3556 ], [ -3.74557, 37.34647 ], [ -3.73031, 37.32058 ], [ -3.72566, 37.30687 ], [ -3.71206, 37.30286 ], [ -3.70517, 37.30528 ], [ -3.70637, 37.3162 ], [ -3.69788, 37.32026 ], [ -3.67458, 37.32079 ], [ -3.68381, 37.34373 ], [ -3.67283, 37.36515 ], [ -3.66267, 37.37211 ], [ -3.66449, 37.38336 ], [ -3.64763, 37.39967 ], [ -3.63693, 37.40202 ], [ -3.6381, 37.42031 ], [ -3.64673, 37.4362 ] ], [ [ -3.66585, 37.44355 ], [ -3.66315, 37.45196 ], [ -3.68229, 37.44999 ], [ -3.67599, 37.44187 ], [ -3.66585, 37.44355 ] ] ] } },
{ "type": "Feature", "properties": { "CMUN": "18053", "NMUN": "Cortes de Baza", "NPRO": "Granada", "CPRO": "18", "stroke": "#aaaaaa", "stroke-width": 0.7, "stroke-opacity": 0.45 }, "geometry": { "type": "LineString", "coordinates": [ [ -2.88029, 37.75995 ], [ -2.89006, 37.76146 ], [ -2.9044, 37.74888 ], [ -2.90243, 37.73895 ], [ -2.907, 37.72748 ], [ -2.90072, 37.72316 ], [ -2.9041, 37.70989 ], [ -2.89891, 37.68479 ], [ -2.88404, 37.68132 ], [ -2.87504, 37.68838 ], [ -2.86229, 37.6827 ], [ -2.85483, 37.66747 ], [ -2.82995, 37.64457 ], [ -2.82186, 37.63263 ], [ -2.80683, 37.62948 ], [ -2.79468, 37.61984 ], [ -2.7838, 37.61683 ], [ -2.75239, 37.62339 ], [ -2.7443, 37.63625 ], [ -2.74734, 37.64081 ], [ -2.7397, 37.65476 ], [ -2.7279, 37.65978 ], [ -2.72706, 37.67445 ], [ -2.73822, 37.68368 ], [ -2.74188, 37.69796 ], [ -2.74823, 37.70453 ], [ -2.76384, 37.70921 ], [ -2.78958, 37.71463 ], [ -2.80754, 37.72289 ], [ -2.81322, 37.73243 ], [ -2.82833, 37.748 ], [ -2.83538, 37.7443 ], [ -2.84475, 37.75341 ], [ -2.86016, 37.74839 ], [ -2.88029, 37.75995 ] ] } },
{ "type": "Feature", "properties": { "CMUN": "18054", "NMUN": "Cortes y Graena", "NPRO": "Granada", "CPRO": "18", "stroke": "#aaaaaa", "stroke-width": 0.7, "stroke-opacity": 0.45 }, "geometry": { "type": "LineString", "coordinates": [ [ -3.20105, 37.31019 ], [ -3.20735, 37.32721 ], [ -3.23303, 37.33079 ], [ -3.26631, 37.32287 ], [ -3.26424, 37.31571 ], [ -3.24769, 37.30981 ], [ -3.2523, 37.28293 ], [ -3.26057, 37.26957 ], [ -3.25906, 37.25386 ], [ -3.25117, 37.24342 ], [ -3.24811, 37.26063 ], [ -3.24778, 37.27631 ], [ -3.23556, 37.29004 ], [ -3.22645, 37.28773 ], [ -3.21379, 37.29269 ], [ -3.20105, 37.31019 ] ] } },
{ "type": "Feature", "properties": { "CMUN": "18056", "NMUN": "Cúllar", "NPRO": "Granada", "CPRO": "18", "stroke": "#aaaaaa", "stroke-width": 0.7, "stroke-opacity": 0.45 }, "geometry": { "type": "LineString", "coordinates": [ [ -2.39127, 37.63248 ], [ -2.40278, 37.63596 ], [ -2.41106, 37.62881 ], [ -2.43058, 37.63443 ], [ -2.46629, 37.63837 ], [ -2.47567, 37.64326 ], [ -2.49809, 37.64884 ], [ -2.50699, 37.65511 ], [ -2.5209, 37.65578 ], [ -2.5522, 37.66525 ], [ -2.56537, 37.67135 ], [ -2.59441, 37.67149 ], [ -2.61396, 37.66676 ], [ -2.62982, 37.66618 ], [ -2.63092, 37.66552 ], [ -2.62052, 37.63631 ], [ -2.61174, 37.62938 ], [ -2.61741, 37.62305 ], [ -2.63428, 37.62296 ], [ -2.63514, 37.60446 ], [ -2.64729, 37.59479 ], [ -2.66524, 37.5909 ], [ -2.66694, 37.58202 ], [ -2.65504, 37.55867 ], [ -2.65176, 37.55617 ], [ -2.65635, 37.53089 ], [ -2.64326, 37.51097 ], [ -2.63118, 37.51224 ], [ -2.62178, 37.50627 ], [ -2.59523, 37.49791 ], [ -2.58518, 37.47042 ], [ -2.57661, 37.44758 ], [ -2.57121, 37.44266 ], [ -2.55102, 37.45573 ], [ -2.53505, 37.46204 ], [ -2.51442, 37.47791 ], [ -2.50309, 37.48351 ], [ -2.4741, 37.48347 ], [ -2.45752, 37.49083 ], [ -2.45937, 37.50221 ], [ -2.45632, 37.50943 ], [ -2.43428, 37.50947 ], [ -2.41604, 37.51597 ], [ -2.40295, 37.51556 ], [ -2.38115, 37.52292 ], [ -2.36264, 37.52003 ], [ -2.35573, 37.54699 ], [ -2.3743, 37.55735 ], [ -2.36746, 37.56304 ], [ -2.36981, 37.58101 ], [ -2.36789, 37.59157 ], [ -2.37598, 37.61226 ], [ -2.38879, 37.618 ], [ -2.39127, 37.63248 ] ] } },
{ "type": "Feature", "properties": { "CMUN": "18057", "NMUN": "Cúllar Vega", "NPRO": "Granada", "CPRO": "18", "stroke": "#aaaaaa", "stroke-width": 0.7, "stroke-opacity": 0.45 }, "geometry": { "type": "LineString", "coordinates": [ [ -3.70417, 37.15942 ], [ -3.69489, 37.15519 ], [ -3.6864, 37.15918 ], [ -3.65796, 37.14852 ], [ -3.66032, 37.16299 ], [ -3.67802, 37.16583 ], [ -3.70417, 37.15942 ] ] } },
{ "type": "Feature", "properties": { "CMUN": "18059", "NMUN": "Chauchina", "NPRO": "Granada", "CPRO": "18", "stroke": "#aaaaaa", "stroke-width": 0.7, "stroke-opacity": 0.45 }, "geometry": { "type": "LineString", "coordinates": [ [ -3.77806, 37.15174 ], [ -3.77087, 37.16709 ], [ -3.77414, 37.17204 ], [ -3.76776, 37.19803 ], [ -3.7547, 37.21034 ], [ -3.77098, 37.20658 ], [ -3.77852, 37.20925 ], [ -3.80149, 37.20635 ], [ -3.80469, 37.17627 ], [ -3.81046, 37.15774 ], [ -3.7964, 37.14938 ], [ -3.78482, 37.13714 ], [ -3.77806, 37.15174 ] ] } },
{ "type": "Feature", "properties": { "CMUN": "18061", "NMUN": "Chimeneas", "NPRO": "Granada", "CPRO": "18", "stroke": "#aaaaaa", "stroke-width": 0.7, "stroke-opacity": 0.45 }, "geometry": { "type": "LineString", "coordinates": [ [ -3.85849, 37.15798 ], [ -3.86956, 37.15654 ], [ -3.8973, 37.15919 ], [ -3.93841, 37.14236 ], [ -3.91822, 37.12344 ], [ -3.90693, 37.12283 ], [ -3.90178, 37.11574 ], [ -3.89794, 37.09071 ], [ -3.88488, 37.06965 ], [ -3.86212, 37.07509 ], [ -3.8619, 37.08458 ], [ -3.84573, 37.09821 ], [ -3.83281, 37.09682 ], [ -3.82052, 37.08859 ], [ -3.78888, 37.10377 ], [ -3.78008, 37.0948 ], [ -3.76614, 37.09417 ], [ -3.76111, 37.10145 ], [ -3.76628, 37.10837 ], [ -3.7799, 37.11524 ], [ -3.77015, 37.12308 ], [ -3.75702, 37.11805 ], [ -3.74766, 37.1346 ], [ -3.75653, 37.14669 ], [ -3.77806, 37.15174 ], [ -3.78482, 37.13714 ], [ -3.7964, 37.14938 ], [ -3.81046, 37.15774 ], [ -3.81298, 37.14678 ], [ -3.86155, 37.14674 ], [ -3.85849, 37.15798 ] ] } },
{ "type": "Feature", "properties": { "CMUN": "18062", "NMUN": "Churriana de la Vega", "NPRO": "Granada", "CPRO": "18", "stroke": "#aaaaaa", "stroke-width": 0.7, "stroke-opacity": 0.45 }, "geometry": { "type": "LineString", "coordinates": [ [ -3.63761, 37.12817 ], [ -3.63061, 37.13772 ], [ -3.62496, 37.15541 ], [ -3.63021, 37.16013 ], [ -3.65497, 37.16473 ], [ -3.66032, 37.16299 ], [ -3.65796, 37.14852 ], [ -3.64681, 37.14074 ], [ -3.63761, 37.12817 ] ] } },
{ "type": "Feature", "properties": { "CMUN": "18063", "NMUN": "Darro", "NPRO": "Granada", "CPRO": "18", "stroke": "#aaaaaa", "stroke-width": 0.7, "stroke-opacity": 0.45 }, "geometry": { "type": "LineString", "coordinates": [ [ -3.24994, 37.39618 ], [ -3.27893, 37.39312 ], [ -3.28927, 37.3967 ], [ -3.3174, 37.39236 ], [ -3.32273, 37.38885 ], [ -3.3246, 37.38135 ], [ -3.34093, 37.38723 ], [ -3.34395, 37.38397 ], [ -3.34992, 37.36194 ], [ -3.32513, 37.36584 ], [ -3.32166, 37.3566 ], [ -3.31292, 37.34415 ], [ -3.30244, 37.33932 ], [ -3.28549, 37.34082 ], [ -3.27469, 37.32694 ], [ -3.26631, 37.32287 ], [ -3.23303, 37.33079 ], [ -3.2484, 37.34105 ], [ -3.26153, 37.35666 ], [ -3.23516, 37.36175 ], [ -3.24079, 37.38242 ], [ -3.24994, 37.39618 ] ] } },
{ "type": "Feature", "properties": { "CMUN": "18064", "NMUN": "Dehesas de Guadix", "NPRO": "Granada", "CPRO": "18", "stroke": "#aaaaaa", "stroke-width": 0.7, "stroke-opacity": 0.45 }, "geometry": { "type": "MultiLineString", "coordinates": [ [ [ -2.97818, 37.60275 ], [ -2.99566, 37.60312 ], [ -3.00821, 37.60796 ], [ -3.02438, 37.6115 ], [ -3.03347, 37.61697 ], [ -3.05157, 37.61821 ], [ -3.05762, 37.60692 ], [ -3.09169, 37.59656 ], [ -3.09973, 37.60549 ], [ -3.11651, 37.60812 ], [ -3.11338, 37.59789 ], [ -3.1388, 37.58706 ], [ -3.15957, 37.58789 ], [ -3.15684, 37.57793 ], [ -3.11088, 37.56628 ], [ -3.10424, 37.56944 ], [ -3.0869, 37.56083 ], [ -3.07219, 37.56128 ], [ -3.06328, 37.57957 ], [ -3.05334, 37.57992 ], [ -3.02794, 37.58911 ], [ -3.01417, 37.58589 ], [ -3.00566, 37.57154 ], [ -2.99812, 37.56826 ], [ -2.98881, 37.57777 ], [ -2.96279, 37.58116 ], [ -2.97476, 37.59062 ], [ -2.97818, 37.60275 ] ], [ [ -3.14291, 37.62148 ], [ -3.14783, 37.62592 ], [ -3.17206, 37.64287 ], [ -3.21575, 37.64419 ], [ -3.22637, 37.63917 ], [ -3.26249, 37.63921 ], [ -3.26379, 37.62975 ], [ -3.23867, 37.63042 ], [ -3.21175, 37.63911 ], [ -3.18435, 37.63842 ], [ -3.17672, 37.64026 ], [ -3.15396, 37.62677 ], [ -3.14291, 37.62148 ] ] ] } },
{ "type": "Feature", "properties": { "CMUN": "18065", "NMUN": "Dehesas Viejas", "NPRO": "Granada", "CPRO": "18", "stroke": "#aaaaaa", "stroke-width": 0.7, "stroke-opacity": 0.45 }, "geometry": { "type": "LineString", "coordinates": [ [ -3.54402, 37.4726 ], [ -3.53086, 37.47872 ], [ -3.55453, 37.50758 ], [ -3.56693, 37.51099 ], [ -3.57269, 37.49984 ], [ -3.56777, 37.49073 ], [ -3.58562, 37.48362 ], [ -3.58752, 37.47599 ], [ -3.57008, 37.46723 ], [ -3.55507, 37.46809 ], [ -3.54402, 37.4726 ] ] } },
{ "type": "Feature", "properties": { "CMUN": "18066", "NMUN": "Deifontes", "NPRO": "Granada", "CPRO": "18", "stroke": "#aaaaaa", "stroke-width": 0.7, "stroke-opacity": 0.45 }, "geometry": { "type": "LineString", "coordinates": [ [ -3.55989, 37.3138 ], [ -3.55726, 37.32905 ], [ -3.54995, 37.3413 ], [ -3.57077, 37.34936 ], [ -3.56745, 37.37189 ], [ -3.57646, 37.37611 ], [ -3.58504, 37.37143 ], [ -3.59705, 37.37634 ], [ -3.61565, 37.38902 ], [ -3.61171, 37.36767 ], [ -3.61792, 37.36091 ], [ -3.63467, 37.3921 ], [ -3.6393, 37.37977 ], [ -3.6196, 37.35754 ], [ -3.62929, 37.33605 ], [ -3.62762, 37.3169 ], [ -3.61288, 37.32284 ], [ -3.58514, 37.30803 ], [ -3.55989, 37.3138 ] ] } },
{ "type": "Feature", "properties": { "CMUN": "18067", "NMUN": "Diezma", "NPRO": "Granada", "CPRO": "18", "stroke": "#aaaaaa", "stroke-width": 0.7, "stroke-opacity": 0.45 }, "geometry": { "type": "LineString", "coordinates": [ [ -3.32166, 37.3566 ], [ -3.32513, 37.36584 ], [ -3.34992, 37.36194 ], [ -3.37697, 37.35721 ], [ -3.38771, 37.34171 ], [ -3.39436, 37.30931 ], [ -3.38368, 37.29629 ], [ -3.38381, 37.28122 ], [ -3.37503, 37.28463 ], [ -3.36833, 37.29862 ], [ -3.33367, 37.29901 ], [ -3.31507, 37.31166 ], [ -3.28924, 37.31223 ], [ -3.28718, 37.32381 ], [ -3.3118, 37.32732 ], [ -3.33768, 37.33343 ], [ -3.34545, 37.3535 ], [ -3.32166, 37.3566 ] ] } },
{ "type": "Feature", "properties": { "CMUN": "18068", "NMUN": "Dílar", "NPRO": "Granada", "CPRO": "18", "stroke": "#aaaaaa", "stroke-width": 0.7, "stroke-opacity": 0.45 }, "geometry": { "type": "LineString", "coordinates": [ [ -3.54506, 37.07601 ], [ -3.59304, 37.08211 ], [ -3.6098, 37.08874 ], [ -3.65067, 37.05536 ], [ -3.64858, 37.04944 ], [ -3.61982, 37.04549 ], [ -3.59367, 37.0396 ], [ -3.582, 37.0438 ], [ -3.56572, 37.04033 ], [ -3.54648, 37.04851 ], [ -3.50451, 37.05312 ], [ -3.4805, 37.04499 ], [ -3.45636, 37.05395 ], [ -3.43076, 37.05591 ], [ -3.41923, 37.05263 ], [ -3.4168, 37.04422 ], [ -3.40517, 37.03975 ], [ -3.39267, 37.04056 ], [ -3.38306, 37.04311 ], [ -3.36568, 37.05603 ], [ -3.36568, 37.05603 ], [ -3.38926, 37.06391 ], [ -3.39901, 37.07147 ], [ -3.41878, 37.07649 ], [ -3.43174, 37.07523 ], [ -3.4554, 37.07899 ], [ -3.46588, 37.07118 ], [ -3.48288, 37.07817 ], [ -3.53242, 37.08174 ], [ -3.54506, 37.07601 ] ] } },
{ "type": "Feature", "properties": { "CMUN": "18069", "NMUN": "Dólar", "NPRO": "Granada", "CPRO": "18", "stroke": "#aaaaaa", "stroke-width": 0.7, "stroke-opacity": 0.45 }, "geometry": { "type": "MultiLineString", "coordinates": [ [ [ -3.01501, 37.11328 ], [ -3.00394, 37.09711 ], [ -2.99649, 37.09572 ], [ -2.99603, 37.10874 ], [ -2.98821, 37.11752 ], [ -2.99277, 37.14182 ], [ -2.98161, 37.14331 ], [ -2.97542, 37.15876 ], [ -2.96751, 37.16958 ], [ -2.97177, 37.18469 ], [ -2.96936, 37.19697 ], [ -2.9788, 37.20309 ], [ -2.97523, 37.2172 ], [ -2.98107, 37.22499 ], [ -2.99599, 37.22652 ], [ -3.01682, 37.19578 ], [ -3.01532, 37.16378 ], [ -3.02038, 37.15987 ], [ -3.0209, 37.14562 ], [ -3.0118, 37.12075 ], [ -3.01501, 37.11328 ] ], [ [ -2.98602, 37.23359 ], [ -2.97231, 37.22246 ], [ -2.96233, 37.22825 ], [ -2.95199, 37.24434 ], [ -2.92698, 37.26132 ], [ -2.92673, 37.26774 ], [ -2.94481, 37.27518 ], [ -2.95613, 37.26796 ], [ -2.96171, 37.272 ], [ -2.9768, 37.27176 ], [ -2.98012, 37.24003 ], [ -2.98602, 37.23359 ] ], [ [ -2.86943, 37.24556 ], [ -2.85911, 37.25048 ], [ -2.85114, 37.27612 ], [ -2.83037, 37.28009 ], [ -2.84006, 37.29237 ], [ -2.85485, 37.29729 ], [ -2.86198, 37.31286 ], [ -2.86729, 37.30336 ], [ -2.87211, 37.29253 ], [ -2.89224, 37.28104 ], [ -2.90452, 37.26448 ], [ -2.89862, 37.25385 ], [ -2.88746, 37.25798 ], [ -2.87749, 37.25576 ], [ -2.86943, 37.24556 ] ] ] } },
{ "type": "Feature", "properties": { "CMUN": "18070", "NMUN": "Dúdar", "NPRO": "Granada", "CPRO": "18", "stroke": "#aaaaaa", "stroke-width": 0.7, "stroke-opacity": 0.45 }, "geometry": { "type": "LineString", "coordinates": [ [ -3.4821, 37.202 ], [ -3.49789, 37.20512 ], [ -3.50335, 37.19759 ], [ -3.49709, 37.18952 ], [ -3.5113, 37.18193 ], [ -3.49396, 37.16895 ], [ -3.47499, 37.16989 ], [ -3.47065, 37.17314 ], [ -3.48095, 37.18964 ], [ -3.4821, 37.202 ] ] } },
{ "type": "Feature", "properties": { "CMUN": "18071", "NMUN": "Dúrcal", "NPRO": "Granada", "CPRO": "18", "stroke": "#aaaaaa", "stroke-width": 0.7, "stroke-opacity": 0.45 }, "geometry": { "type": "LineString", "coordinates": [ [ -3.57348, 36.96497 ], [ -3.55829, 36.97849 ], [ -3.53733, 36.99008 ], [ -3.53136, 37.00008 ], [ -3.49674, 37.01216 ], [ -3.48536, 37.01127 ], [ -3.47407, 37.01813 ], [ -3.43962, 37.01191 ], [ -3.43094, 37.02333 ], [ -3.41527, 37.03021 ], [ -3.40517, 37.03975 ], [ -3.4168, 37.04422 ], [ -3.41923, 37.05263 ], [ -3.43076, 37.05591 ], [ -3.45636, 37.05395 ], [ -3.4805, 37.04499 ], [ -3.50451, 37.05312 ], [ -3.54648, 37.04851 ], [ -3.56572, 37.04033 ], [ -3.57265, 37.0333 ], [ -3.57417, 37.02183 ], [ -3.60099, 37.00751 ], [ -3.60323, 37.0001 ], [ -3.58653, 36.99729 ], [ -3.58119, 36.99167 ], [ -3.58697, 36.98262 ], [ -3.58518, 36.97298 ], [ -3.57348, 36.96497 ] ] } },
{ "type": "Feature", "properties": { "CMUN": "18072", "NMUN": "Escúzar", "NPRO": "Granada", "CPRO": "18", "stroke": "#aaaaaa", "stroke-width": 0.7, "stroke-opacity": 0.45 }, "geometry": { "type": "LineString", "coordinates": [ [ -3.72757, 37.07616 ], [ -3.74297, 37.08174 ], [ -3.75297, 37.08963 ], [ -3.77297, 37.08344 ], [ -3.77923, 37.09136 ], [ -3.77819, 37.08147 ], [ -3.80538, 37.07318 ], [ -3.80888, 37.04938 ], [ -3.82869, 37.03658 ], [ -3.81772, 37.01516 ], [ -3.79959, 37.01922 ], [ -3.76557, 37.01676 ], [ -3.75498, 37.03435 ], [ -3.7399, 37.03643 ], [ -3.73122, 37.04839 ], [ -3.73144, 37.06253 ], [ -3.72757, 37.07616 ] ] } },
{ "type": "Feature", "properties": { "CMUN": "18074", "NMUN": "Ferreira", "NPRO": "Granada", "CPRO": "18", "stroke": "#aaaaaa", "stroke-width": 0.7, "stroke-opacity": 0.45 }, "geometry": { "type": "MultiLineString", "coordinates": [ [ [ -3.02958, 37.11325 ], [ -3.01501, 37.11328 ], [ -3.0118, 37.12075 ], [ -3.0209, 37.14562 ], [ -3.02038, 37.15987 ], [ -3.01532, 37.16378 ], [ -3.01682, 37.19578 ], [ -2.99599, 37.22652 ], [ -3.01202, 37.2359 ], [ -3.02859, 37.21914 ], [ -3.0411, 37.21061 ], [ -3.05452, 37.19344 ], [ -3.04534, 37.1783 ], [ -3.05174, 37.15721 ], [ -3.0463, 37.14599 ], [ -3.04931, 37.13923 ], [ -3.04552, 37.1237 ], [ -3.04695, 37.11439 ], [ -3.04128, 37.10173 ], [ -3.02958, 37.11325 ] ], [ [ -2.98602, 37.23359 ], [ -2.98012, 37.24003 ], [ -2.9768, 37.27176 ], [ -2.98044, 37.27179 ], [ -2.99263, 37.25055 ], [ -3.00639, 37.24114 ], [ -2.98602, 37.23359 ] ] ] } },
{ "type": "Feature", "properties": { "CMUN": "18076", "NMUN": "Fonelas", "NPRO": "Granada", "CPRO": "18", "stroke": "#aaaaaa", "stroke-width": 0.7, "stroke-opacity": 0.45 }, "geometry": { "type": "LineString", "coordinates": [ [ -3.12619, 37.46499 ], [ -3.13854, 37.47169 ], [ -3.14118, 37.4869 ], [ -3.1502, 37.49017 ], [ -3.16345, 37.48685 ], [ -3.18198, 37.47276 ], [ -3.19552, 37.45576 ], [ -3.23127, 37.45229 ], [ -3.23461, 37.44628 ], [ -3.21844, 37.44044 ], [ -3.22955, 37.43433 ], [ -3.22332, 37.40774 ], [ -3.23501, 37.39685 ], [ -3.209, 37.39086 ], [ -3.19561, 37.38224 ], [ -3.18429, 37.38418 ], [ -3.18414, 37.3615 ], [ -3.17337, 37.37167 ], [ -3.15599, 37.3718 ], [ -3.13872, 37.37613 ], [ -3.1332, 37.384 ], [ -3.11662, 37.36868 ], [ -3.10551, 37.36553 ], [ -3.10369, 37.39129 ], [ -3.12655, 37.43174 ], [ -3.13834, 37.44698 ], [ -3.12619, 37.46499 ] ] } },
{ "type": "Feature", "properties": { "CMUN": "18077", "NMUN": "Fornes", "NPRO": "Granada", "CPRO": "18", "stroke": "#aaaaaa", "stroke-width": 0.7, "stroke-opacity": 0.45 }, "geometry": { "type": "LineString", "coordinates": [ [ -3.82929, 36.90874 ], [ -3.82289, 36.9208 ], [ -3.8404, 36.93684 ], [ -3.84979, 36.952 ], [ -3.84809, 36.9612 ], [ -3.82921, 36.96774 ], [ -3.82369, 36.98542 ], [ -3.83717, 36.97873 ], [ -3.86518, 36.97569 ], [ -3.87197, 36.96097 ], [ -3.85142, 36.9299 ], [ -3.82929, 36.90874 ] ] } },
{ "type": "Feature", "properties": { "CMUN": "18078", "NMUN": "Freila", "NPRO": "Granada", "CPRO": "18", "stroke": "#aaaaaa", "stroke-width": 0.7, "stroke-opacity": 0.45 }, "geometry": { "type": "LineString", "coordinates": [ [ -2.96279, 37.58116 ], [ -2.98881, 37.57777 ], [ -2.99812, 37.56826 ], [ -3.01101, 37.56036 ], [ -3.01406, 37.55093 ], [ -2.99909, 37.54604 ], [ -2.97068, 37.54162 ], [ -2.96345, 37.56052 ], [ -2.94961, 37.55192 ], [ -2.94111, 37.52673 ], [ -2.93738, 37.49953 ], [ -2.93863, 37.47876 ], [ -2.92252, 37.4497 ], [ -2.8692, 37.47974 ], [ -2.86632, 37.49437 ], [ -2.8781, 37.50126 ], [ -2.88768, 37.52208 ], [ -2.89349, 37.5424 ], [ -2.89303, 37.55969 ], [ -2.90703, 37.56785 ], [ -2.92185, 37.5667 ], [ -2.93808, 37.57032 ], [ -2.94702, 37.55931 ], [ -2.96279, 37.58116 ] ] } },
{ "type": "Feature", "properties": { "CMUN": "18079", "NMUN": "Fuente Vaqueros", "NPRO": "Granada", "CPRO": "18", "stroke": "#aaaaaa", "stroke-width": 0.7, "stroke-opacity": 0.45 }, "geometry": { "type": "LineString", "coordinates": [ [ -3.80149, 37.20635 ], [ -3.77852, 37.20925 ], [ -3.77098, 37.20658 ], [ -3.7547, 37.21034 ], [ -3.74735, 37.2161 ], [ -3.72418, 37.21649 ], [ -3.73913, 37.22257 ], [ -3.77273, 37.22903 ], [ -3.79197, 37.23805 ], [ -3.80772, 37.23209 ], [ -3.82251, 37.2093 ], [ -3.8342, 37.2008 ], [ -3.82573, 37.20438 ], [ -3.80149, 37.20635 ] ] } },
{ "type": "Feature", "properties": { "CMUN": "18082", "NMUN": "Galera", "NPRO": "Granada", "CPRO": "18", "stroke": "#aaaaaa", "stroke-width": 0.7, "stroke-opacity": 0.45 }, "geometry": { "type": "LineString", "coordinates": [ [ -2.5054, 37.76446 ], [ -2.51484, 37.77096 ], [ -2.53208, 37.77039 ], [ -2.54677, 37.77463 ], [ -2.60278, 37.77331 ], [ -2.62466, 37.76124 ], [ -2.62044, 37.73388 ], [ -2.61366, 37.71422 ], [ -2.61811, 37.69599 ], [ -2.63114, 37.68489 ], [ -2.62982, 37.66618 ], [ -2.61396, 37.66676 ], [ -2.59441, 37.67149 ], [ -2.56537, 37.67135 ], [ -2.5522, 37.66525 ], [ -2.5209, 37.65578 ], [ -2.50699, 37.65511 ], [ -2.49859, 37.66211 ], [ -2.50768, 37.69327 ], [ -2.51934, 37.72108 ], [ -2.52042, 37.7331 ], [ -2.51, 37.73986 ], [ -2.50124, 37.75731 ], [ -2.5054, 37.76446 ] ] } },
{ "type": "Feature", "properties": { "CMUN": "18083", "NMUN": "Gobernador", "NPRO": "Granada", "CPRO": "18", "stroke": "#aaaaaa", "stroke-width": 0.7, "stroke-opacity": 0.45 }, "geometry": { "type": "LineString", "coordinates": [ [ -3.2682, 37.45586 ], [ -3.24651, 37.45218 ], [ -3.25521, 37.46227 ], [ -3.26086, 37.47791 ], [ -3.29659, 37.48567 ], [ -3.30645, 37.49609 ], [ -3.32347, 37.50715 ], [ -3.32347, 37.50715 ], [ -3.33901, 37.49569 ], [ -3.34281, 37.47683 ], [ -3.34169, 37.46383 ], [ -3.32964, 37.46191 ], [ -3.30538, 37.46456 ], [ -3.29554, 37.47205 ], [ -3.2682, 37.45586 ] ] } },
{ "type": "Feature", "properties": { "CMUN": "18084", "NMUN": "Gójar", "NPRO": "Granada", "CPRO": "18", "stroke": "#aaaaaa", "stroke-width": 0.7, "stroke-opacity": 0.45 }, "geometry": { "type": "LineString", "coordinates": [ [ -3.57435, 37.096 ], [ -3.58727, 37.09958 ], [ -3.60012, 37.11665 ], [ -3.62222, 37.10706 ], [ -3.6098, 37.08874 ], [ -3.59304, 37.08211 ], [ -3.54506, 37.07601 ], [ -3.57414, 37.09598 ], [ -3.57435, 37.096 ] ] } },
{ "type": "Feature", "properties": { "CMUN": "18085", "NMUN": "Gor", "NPRO": "Granada", "CPRO": "18", "stroke": "#aaaaaa", "stroke-width": 0.7, "stroke-opacity": 0.45 }, "geometry": { "type": "LineString", "coordinates": [ [ -2.93994, 37.44021 ], [ -2.96277, 37.44532 ], [ -2.97324, 37.44173 ], [ -2.991, 37.44882 ], [ -3.01954, 37.44479 ], [ -3.02284, 37.44342 ], [ -3.03649, 37.43706 ], [ -3.04803, 37.42521 ], [ -3.04144, 37.40787 ], [ -3.04179, 37.39424 ], [ -3.02176, 37.34487 ], [ -3.00681, 37.33461 ], [ -2.99848, 37.32305 ], [ -2.98315, 37.32425 ], [ -2.96281, 37.32396 ], [ -2.94949, 37.31643 ], [ -2.91667, 37.3232 ], [ -2.89539, 37.31195 ], [ -2.86729, 37.30336 ], [ -2.86198, 37.31286 ], [ -2.85127, 37.31349 ], [ -2.83226, 37.32529 ], [ -2.83974, 37.34263 ], [ -2.83349, 37.35099 ], [ -2.8362, 37.36355 ], [ -2.85309, 37.36887 ], [ -2.86253, 37.36419 ], [ -2.89034, 37.36354 ], [ -2.89886, 37.36792 ], [ -2.89915, 37.38026 ], [ -2.8915, 37.39024 ], [ -2.91663, 37.39923 ], [ -2.93059, 37.42727 ], [ -2.93994, 37.44021 ] ] } },
{ "type": "Feature", "properties": { "CMUN": "18086", "NMUN": "Gorafe", "NPRO": "Granada", "CPRO": "18", "stroke": "#aaaaaa", "stroke-width": 0.7, "stroke-opacity": 0.45 }, "geometry": { "type": "LineString", "coordinates": [ [ -2.99812, 37.56826 ], [ -3.00566, 37.57154 ], [ -3.01417, 37.58589 ], [ -3.02794, 37.58911 ], [ -3.05334, 37.57992 ], [ -3.06328, 37.57957 ], [ -3.05566, 37.57392 ], [ -3.03796, 37.56887 ], [ -3.05328, 37.55513 ], [ -3.05664, 37.52781 ], [ -3.0608, 37.52028 ], [ -3.08879, 37.52402 ], [ -3.1039, 37.51662 ], [ -3.09984, 37.5065 ], [ -3.0825, 37.49157 ], [ -3.07855, 37.48114 ], [ -3.0556, 37.47517 ], [ -3.03552, 37.46057 ], [ -3.02284, 37.44342 ], [ -3.01954, 37.44479 ], [ -3.03448, 37.47451 ], [ -3.0183, 37.48234 ], [ -3.00811, 37.49162 ], [ -2.98988, 37.48279 ], [ -2.97793, 37.5052 ], [ -3.00665, 37.533 ], [ -2.99909, 37.54604 ], [ -3.01406, 37.55093 ], [ -3.01101, 37.56036 ], [ -2.99812, 37.56826 ] ] } },
{ "type": "Feature", "properties": { "CMUN": "18087", "NMUN": "Granada", "NPRO": "Granada", "CPRO": "18", "stroke": "#aaaaaa", "stroke-width": 0.7, "stroke-opacity": 0.45 }, "geometry": { "type": "LineString", "coordinates": [ [ -3.63021, 37.16013 ], [ -3.61591, 37.16063 ], [ -3.60677, 37.1502 ], [ -3.60986, 37.13932 ], [ -3.6088, 37.13827 ], [ -3.57842, 37.14082 ], [ -3.57571, 37.1543 ], [ -3.55998, 37.15748 ], [ -3.55002, 37.15895 ], [ -3.54616, 37.16798 ], [ -3.53764, 37.17137 ], [ -3.5233, 37.16916 ], [ -3.5113, 37.18193 ], [ -3.49709, 37.18952 ], [ -3.50335, 37.19759 ], [ -3.49789, 37.20512 ], [ -3.50995, 37.21707 ], [ -3.5166, 37.20936 ], [ -3.53394, 37.21697 ], [ -3.55638, 37.22469 ], [ -3.56784, 37.2096 ], [ -3.57686, 37.2104 ], [ -3.59173, 37.20845 ], [ -3.60289, 37.21489 ], [ -3.62409, 37.21012 ], [ -3.6349, 37.20046 ], [ -3.64827, 37.19882 ], [ -3.65268, 37.20671 ], [ -3.65716, 37.2041 ], [ -3.69011, 37.20809 ], [ -3.69851, 37.2024 ], [ -3.6988, 37.18826 ], [ -3.68114, 37.18189 ], [ -3.67272, 37.18365 ], [ -3.65307, 37.17453 ], [ -3.65497, 37.16473 ], [ -3.63021, 37.16013 ] ] } },
{ "type": "Feature", "properties": { "CMUN": "18088", "NMUN": "Guadahortuna", "NPRO": "Granada", "CPRO": "18", "stroke": "#aaaaaa", "stroke-width": 0.7, "stroke-opacity": 0.45 }, "geometry": { "type": "LineString", "coordinates": [ [ -3.32347, 37.50715 ], [ -3.30247, 37.52587 ], [ -3.298, 37.53762 ], [ -3.31083, 37.54874 ], [ -3.30678, 37.5731 ], [ -3.29693, 37.58796 ], [ -3.33132, 37.58183 ], [ -3.34482, 37.57562 ], [ -3.35732, 37.57637 ], [ -3.36657, 37.56761 ], [ -3.3993, 37.56405 ], [ -3.43688, 37.57389 ], [ -3.43623, 37.56378 ], [ -3.44643, 37.55573 ], [ -3.46879, 37.55405 ], [ -3.47548, 37.5409 ], [ -3.47203, 37.53105 ], [ -3.46111, 37.5286 ], [ -3.47026, 37.51111 ], [ -3.45764, 37.50011 ], [ -3.46351, 37.47925 ], [ -3.47006, 37.47268 ], [ -3.45885, 37.45961 ], [ -3.44816, 37.46119 ], [ -3.4355, 37.46958 ], [ -3.42673, 37.46424 ], [ -3.41634, 37.47723 ], [ -3.40011, 37.49023 ], [ -3.39735, 37.50484 ], [ -3.37451, 37.50338 ], [ -3.37507, 37.51095 ], [ -3.36183, 37.51078 ], [ -3.35394, 37.51566 ], [ -3.34382, 37.5108 ], [ -3.33364, 37.51411 ], [ -3.32347, 37.50715 ], [ -3.32347, 37.50715 ] ] } },
{ "type": "Feature", "properties": { "CMUN": "18089", "NMUN": "Guadix", "NPRO": "Granada", "CPRO": "18", "stroke": "#aaaaaa", "stroke-width": 0.7, "stroke-opacity": 0.45 }, "geometry": { "type": "MultiLineString", "coordinates": [ [ [ -3.19561, 37.38224 ], [ -3.209, 37.39086 ], [ -3.23501, 37.39685 ], [ -3.24994, 37.39618 ], [ -3.24079, 37.38242 ], [ -3.23516, 37.36175 ], [ -3.26153, 37.35666 ], [ -3.2484, 37.34105 ], [ -3.23801, 37.34394 ], [ -3.21109, 37.34455 ], [ -3.19627, 37.36188 ], [ -3.19213, 37.37507 ], [ -3.19561, 37.38224 ] ], [ [ -3.2121, 37.23862 ], [ -3.19704, 37.24233 ], [ -3.17321, 37.26713 ], [ -3.14962, 37.26089 ], [ -3.1337, 37.25041 ], [ -3.1244, 37.26608 ], [ -3.12681, 37.27225 ], [ -3.11402, 37.27664 ], [ -3.09263, 37.27861 ], [ -3.0772, 37.29092 ], [ -3.07006, 37.29082 ], [ -3.0535, 37.299 ], [ -3.03408, 37.30226 ], [ -2.99866, 37.3214 ], [ -2.98315, 37.32425 ], [ -2.99848, 37.32305 ], [ -3.00681, 37.33461 ], [ -3.02176, 37.34487 ], [ -3.04179, 37.39424 ], [ -3.04144, 37.40787 ], [ -3.04803, 37.42521 ], [ -3.03649, 37.43706 ], [ -3.02284, 37.44342 ], [ -3.03552, 37.46057 ], [ -3.0556, 37.47517 ], [ -3.07855, 37.48114 ], [ -3.0825, 37.49157 ], [ -3.09984, 37.5065 ], [ -3.10747, 37.50368 ], [ -3.11851, 37.48502 ], [ -3.11289, 37.47745 ], [ -3.12619, 37.46499 ], [ -3.13834, 37.44698 ], [ -3.12655, 37.43174 ], [ -3.10369, 37.39129 ], [ -3.10551, 37.36553 ], [ -3.11662, 37.36868 ], [ -3.1332, 37.384 ], [ -3.13872, 37.37613 ], [ -3.15599, 37.3718 ], [ -3.14235, 37.34946 ], [ -3.14639, 37.34533 ], [ -3.16953, 37.34108 ], [ -3.1787, 37.3295 ], [ -3.17519, 37.31675 ], [ -3.17921, 37.3032 ], [ -3.17466, 37.29381 ], [ -3.1718, 37.29163 ], [ -3.19079, 37.26893 ], [ -3.21286, 37.26167 ], [ -3.21656, 37.25508 ], [ -3.2121, 37.23862 ] ], [ [ -2.93994, 37.44021 ], [ -2.93724, 37.45701 ], [ -2.93863, 37.47876 ], [ -2.93738, 37.49953 ], [ -2.94111, 37.52673 ], [ -2.94961, 37.55192 ], [ -2.96345, 37.56052 ], [ -2.97068, 37.54162 ], [ -2.99909, 37.54604 ], [ -3.00665, 37.533 ], [ -2.97793, 37.5052 ], [ -2.98988, 37.48279 ], [ -3.00811, 37.49162 ], [ -3.0183, 37.48234 ], [ -3.03448, 37.47451 ], [ -3.01954, 37.44479 ], [ -2.991, 37.44882 ], [ -2.97324, 37.44173 ], [ -2.96277, 37.44532 ], [ -2.93994, 37.44021 ] ] ] } },
{ "type": "Feature", "properties": { "CMUN": "18093", "NMUN": "Gualchos", "NPRO": "Granada", "CPRO": "18", "stroke": "#aaaaaa", "stroke-width": 0.7, "stroke-opacity": 0.45 }, "geometry": { "type": "LineString", "coordinates": [ [ -3.41118, 36.70299 ], [ -3.38864, 36.71115 ], [ -3.37314, 36.71205 ], [ -3.3502, 36.72946 ], [ -3.36027, 36.73434 ], [ -3.37567, 36.76113 ], [ -3.39184, 36.77262 ], [ -3.40081, 36.77414 ], [ -3.41975, 36.76867 ], [ -3.41799, 36.73964 ], [ -3.41022, 36.72603 ], [ -3.41723, 36.71119 ], [ -3.41118, 36.70299 ] ] } },
{ "type": "Feature", "properties": { "CMUN": "18094", "NMUN": "Güéjar Sierra", "NPRO": "Granada", "CPRO": "18", "stroke": "#aaaaaa", "stroke-width": 0.7, "stroke-opacity": 0.45 }, "geometry": { "type": "LineString", "coordinates": [ [ -3.25774, 37.11469 ], [ -3.25307, 37.12383 ], [ -3.24992, 37.14175 ], [ -3.28243, 37.16885 ], [ -3.28337, 37.1986 ], [ -3.29918, 37.2095 ], [ -3.32061, 37.21655 ], [ -3.33922, 37.23032 ], [ -3.35216, 37.22913 ], [ -3.36717, 37.21761 ], [ -3.42213, 37.20459 ], [ -3.4516, 37.17955 ], [ -3.47065, 37.17314 ], [ -3.47499, 37.16989 ], [ -3.49003, 37.13995 ], [ -3.45954, 37.13252 ], [ -3.43917, 37.11902 ], [ -3.42973, 37.12035 ], [ -3.41486, 37.11234 ], [ -3.40574, 37.11159 ], [ -3.38613, 37.09586 ], [ -3.376, 37.07935 ], [ -3.37539, 37.06857 ], [ -3.36568, 37.05603 ], [ -3.36568, 37.05603 ], [ -3.34931, 37.0538 ], [ -3.32726, 37.05785 ], [ -3.31156, 37.05338 ], [ -3.30226, 37.06718 ], [ -3.2887, 37.08069 ], [ -3.28631, 37.09742 ], [ -3.27861, 37.1012 ], [ -3.27064, 37.11435 ], [ -3.25774, 37.11469 ] ] } },
{ "type": "Feature", "properties": { "CMUN": "18095", "NMUN": "Güevéjar", "NPRO": "Granada", "CPRO": "18", "stroke": "#aaaaaa", "stroke-width": 0.7, "stroke-opacity": 0.45 }, "geometry": { "type": "LineString", "coordinates": [ [ -3.58785, 37.24318 ], [ -3.59315, 37.24727 ], [ -3.58095, 37.26714 ], [ -3.60556, 37.27757 ], [ -3.60988, 37.26507 ], [ -3.62605, 37.26295 ], [ -3.6115, 37.24662 ], [ -3.61229, 37.243 ], [ -3.60726, 37.23654 ], [ -3.59668, 37.23832 ], [ -3.58785, 37.24318 ] ] } },
{ "type": "Feature", "properties": { "CMUN": "18096", "NMUN": "Huélago", "NPRO": "Granada", "CPRO": "18", "stroke": "#aaaaaa", "stroke-width": 0.7, "stroke-opacity": 0.45 }, "geometry": { "type": "LineString", "coordinates": [ [ -3.23461, 37.44628 ], [ -3.23928, 37.43899 ], [ -3.26407, 37.44064 ], [ -3.2659, 37.43571 ], [ -3.284, 37.43677 ], [ -3.28921, 37.42052 ], [ -3.29992, 37.42171 ], [ -3.30698, 37.41601 ], [ -3.31575, 37.39734 ], [ -3.32273, 37.38885 ], [ -3.3174, 37.39236 ], [ -3.28927, 37.3967 ], [ -3.27893, 37.39312 ], [ -3.24994, 37.39618 ], [ -3.23501, 37.39685 ], [ -3.22332, 37.40774 ], [ -3.22955, 37.43433 ], [ -3.21844, 37.44044 ], [ -3.23461, 37.44628 ] ] } },
{ "type": "Feature", "properties": { "CMUN": "18097", "NMUN": "Huéneja", "NPRO": "Granada", "CPRO": "18", "stroke": "#aaaaaa", "stroke-width": 0.7, "stroke-opacity": 0.45 }, "geometry": { "type": "LineString", "coordinates": [ [ -2.86943, 37.24556 ], [ -2.87749, 37.25576 ], [ -2.88746, 37.25798 ], [ -2.89862, 37.25385 ], [ -2.90452, 37.26448 ], [ -2.92698, 37.26132 ], [ -2.95199, 37.24434 ], [ -2.96233, 37.22825 ], [ -2.97231, 37.22246 ], [ -2.98602, 37.23359 ], [ -3.00639, 37.24114 ], [ -3.01202, 37.2359 ], [ -2.99599, 37.22652 ], [ -2.98107, 37.22499 ], [ -2.97523, 37.2172 ], [ -2.9788, 37.20309 ], [ -2.96936, 37.19697 ], [ -2.97177, 37.18469 ], [ -2.96751, 37.16958 ], [ -2.97542, 37.15876 ], [ -2.98161, 37.14331 ], [ -2.99277, 37.14182 ], [ -2.98821, 37.11752 ], [ -2.99603, 37.10874 ], [ -2.99649, 37.09572 ], [ -2.98417, 37.09305 ], [ -2.97014, 37.09651 ], [ -2.94896, 37.09655 ], [ -2.94288, 37.11177 ], [ -2.9409, 37.13066 ], [ -2.93375, 37.13531 ], [ -2.92774, 37.15755 ], [ -2.8953, 37.16705 ], [ -2.88903, 37.18156 ], [ -2.87921, 37.19315 ], [ -2.88027, 37.20395 ], [ -2.87285, 37.22018 ], [ -2.87496, 37.23146 ], [ -2.86943, 37.24556 ] ] } },
{ "type": "Feature", "properties": { "CMUN": "18098", "NMUN": "Huéscar", "NPRO": "Granada", "CPRO": "18", "stroke": "#aaaaaa", "stroke-width": 0.7, "stroke-opacity": 0.45 }, "geometry": { "type": "LineString", "coordinates": [ [ -2.62466, 37.76124 ], [ -2.60278, 37.77331 ], [ -2.54677, 37.77463 ], [ -2.53208, 37.77039 ], [ -2.51484, 37.77096 ], [ -2.5054, 37.76446 ], [ -2.49765, 37.76587 ], [ -2.47399, 37.78523 ], [ -2.44429, 37.79339 ], [ -2.47472, 37.82166 ], [ -2.48715, 37.84251 ], [ -2.47188, 37.85596 ], [ -2.46117, 37.87903 ], [ -2.46445, 37.90058 ], [ -2.47792, 37.9065 ], [ -2.4841, 37.91804 ], [ -2.49359, 37.91919 ], [ -2.50109, 37.91264 ], [ -2.51505, 37.92767 ], [ -2.52493, 37.92797 ], [ -2.54868, 37.95187 ], [ -2.54933, 37.95896 ], [ -2.56815, 37.96332 ], [ -2.58593, 37.97793 ], [ -2.58123, 38.00045 ], [ -2.56138, 38.01592 ], [ -2.54527, 38.01419 ], [ -2.53038, 38.02365 ], [ -2.49496, 38.03703 ], [ -2.48254, 38.0492 ], [ -2.48177, 38.05526 ], [ -2.5044, 38.06832 ], [ -2.52173, 38.06978 ], [ -2.5468, 38.07935 ], [ -2.55129, 38.0841 ], [ -2.56602, 38.08321 ], [ -2.57376, 38.07412 ], [ -2.59143, 38.06953 ], [ -2.59896, 38.05877 ], [ -2.59994, 38.04362 ], [ -2.5982, 38.00558 ], [ -2.62033, 37.98822 ], [ -2.64253, 37.98108 ], [ -2.65037, 37.97138 ], [ -2.67084, 37.96142 ], [ -2.68973, 37.97382 ], [ -2.69145, 37.97281 ], [ -2.69506, 37.96695 ], [ -2.6843, 37.93877 ], [ -2.69541, 37.92438 ], [ -2.7195, 37.90595 ], [ -2.72896, 37.88315 ], [ -2.7225, 37.87243 ], [ -2.71436, 37.87238 ], [ -2.69558, 37.85492 ], [ -2.70549, 37.84638 ], [ -2.7109, 37.83292 ], [ -2.70826, 37.82597 ], [ -2.7137, 37.81457 ], [ -2.69958, 37.81513 ], [ -2.70203, 37.80482 ], [ -2.66366, 37.79679 ], [ -2.65239, 37.7882 ], [ -2.62653, 37.78342 ], [ -2.62232, 37.77222 ], [ -2.62466, 37.76124 ] ] } },
{ "type": "Feature", "properties": { "CMUN": "18099", "NMUN": "Huétor de Santillán", "NPRO": "Granada", "CPRO": "18", "stroke": "#aaaaaa", "stroke-width": 0.7, "stroke-opacity": 0.45 }, "geometry": { "type": "LineString", "coordinates": [ [ -3.38381, 37.28122 ], [ -3.38368, 37.29629 ], [ -3.39436, 37.30931 ], [ -3.38771, 37.34171 ], [ -3.37697, 37.35721 ], [ -3.42667, 37.34262 ], [ -3.48929, 37.32699 ], [ -3.48545, 37.32159 ], [ -3.49088, 37.30544 ], [ -3.50209, 37.30002 ], [ -3.50851, 37.2915 ], [ -3.50558, 37.28073 ], [ -3.50644, 37.27592 ], [ -3.50752, 37.26351 ], [ -3.50702, 37.25095 ], [ -3.52336, 37.23688 ], [ -3.53506, 37.22328 ], [ -3.53394, 37.21697 ], [ -3.5166, 37.20936 ], [ -3.50995, 37.21707 ], [ -3.49192, 37.22528 ], [ -3.48077, 37.23527 ], [ -3.47504, 37.2496 ], [ -3.46355, 37.25381 ], [ -3.45789, 37.26766 ], [ -3.43714, 37.27118 ], [ -3.4299, 37.27591 ], [ -3.38381, 37.28122 ] ] } },
{ "type": "Feature", "properties": { "CMUN": "18100", "NMUN": "Huétor Tájar", "NPRO": "Granada", "CPRO": "18", "stroke": "#aaaaaa", "stroke-width": 0.7, "stroke-opacity": 0.45 }, "geometry": { "type": "LineString", "coordinates": [ [ -3.98709, 37.16629 ], [ -3.98235, 37.17402 ], [ -3.99946, 37.18083 ], [ -3.99786, 37.18872 ], [ -4.00584, 37.20148 ], [ -4.01748, 37.21223 ], [ -4.02523, 37.22885 ], [ -4.04321, 37.23055 ], [ -4.05885, 37.22708 ], [ -4.06384, 37.23913 ], [ -4.07501, 37.23207 ], [ -4.06451, 37.21382 ], [ -4.07343, 37.20572 ], [ -4.08212, 37.18747 ], [ -4.09502, 37.17029 ], [ -4.0806, 37.18065 ], [ -4.06558, 37.16561 ], [ -4.05741, 37.17096 ], [ -4.03223, 37.17412 ], [ -4.00891, 37.18007 ], [ -3.98835, 37.17108 ], [ -3.98709, 37.16629 ] ] } },
{ "type": "Feature", "properties": { "CMUN": "18101", "NMUN": "Huétor Vega", "NPRO": "Granada", "CPRO": "18", "stroke": "#aaaaaa", "stroke-width": 0.7, "stroke-opacity": 0.45 }, "geometry": { "type": "LineString", "coordinates": [ [ -3.56983, 37.14008 ], [ -3.5524, 37.14251 ], [ -3.55073, 37.14767 ], [ -3.55998, 37.15748 ], [ -3.57571, 37.1543 ], [ -3.57842, 37.14082 ], [ -3.56983, 37.14008 ] ] } },
{ "type": "Feature", "properties": { "CMUN": "18102", "NMUN": "Íllora", "NPRO": "Granada", "CPRO": "18", "stroke": "#aaaaaa", "stroke-width": 0.7, "stroke-opacity": 0.45 }, "geometry": { "type": "LineString", "coordinates": [ [ -3.92568, 37.1983 ], [ -3.92424, 37.2066 ], [ -3.87209, 37.21481 ], [ -3.84788, 37.22871 ], [ -3.83741, 37.21254 ], [ -3.82418, 37.22096 ], [ -3.83266, 37.23208 ], [ -3.83398, 37.24986 ], [ -3.83973, 37.26176 ], [ -3.82725, 37.27903 ], [ -3.81335, 37.28606 ], [ -3.80998, 37.29504 ], [ -3.84144, 37.33023 ], [ -3.84989, 37.34347 ], [ -3.85134, 37.35233 ], [ -3.84495, 37.35788 ], [ -3.86256, 37.38459 ], [ -3.85774, 37.38782 ], [ -3.88123, 37.38763 ], [ -3.90144, 37.3835 ], [ -3.91227, 37.3784 ], [ -3.92373, 37.37871 ], [ -3.92547, 37.36325 ], [ -3.91943, 37.34514 ], [ -3.92523, 37.33944 ], [ -3.92099, 37.31274 ], [ -3.92826, 37.30479 ], [ -3.94531, 37.29875 ], [ -3.9516, 37.28838 ], [ -3.98227, 37.26962 ], [ -3.99082, 37.24959 ], [ -3.98778, 37.22667 ], [ -3.99641, 37.21471 ], [ -3.98583, 37.20972 ], [ -3.95213, 37.21797 ], [ -3.9537, 37.20979 ], [ -3.93409, 37.19778 ], [ -3.92568, 37.1983 ] ] } },
{ "type": "Feature", "properties": { "CMUN": "18103", "NMUN": "Ítrabo", "NPRO": "Granada", "CPRO": "18", "stroke": "#aaaaaa", "stroke-width": 0.7, "stroke-opacity": 0.45 }, "geometry": { "type": "LineString", "coordinates": [ [ -3.61496, 36.81961 ], [ -3.6275, 36.82757 ], [ -3.64195, 36.82473 ], [ -3.63963, 36.81677 ], [ -3.6501, 36.80215 ], [ -3.6512, 36.78219 ], [ -3.67056, 36.77241 ], [ -3.66094, 36.76389 ], [ -3.63559, 36.74829 ], [ -3.6305, 36.76272 ], [ -3.64007, 36.77497 ], [ -3.62008, 36.78923 ], [ -3.62189, 36.80679 ], [ -3.61496, 36.81961 ] ] } },
{ "type": "Feature", "properties": { "CMUN": "18105", "NMUN": "Iznalloz", "NPRO": "Granada", "CPRO": "18", "stroke": "#aaaaaa", "stroke-width": 0.7, "stroke-opacity": 0.45 }, "geometry": { "type": "LineString", "coordinates": [ [ -3.48776, 37.45274 ], [ -3.49247, 37.45761 ], [ -3.50669, 37.45308 ], [ -3.53759, 37.45384 ], [ -3.54402, 37.4726 ], [ -3.55507, 37.46809 ], [ -3.57008, 37.46723 ], [ -3.58752, 37.47599 ], [ -3.59625, 37.47574 ], [ -3.61769, 37.46549 ], [ -3.63317, 37.46661 ], [ -3.63292, 37.47908 ], [ -3.63908, 37.4856 ], [ -3.63764, 37.49648 ], [ -3.62384, 37.49942 ], [ -3.61434, 37.51177 ], [ -3.59942, 37.52039 ], [ -3.60802, 37.52749 ], [ -3.62707, 37.52854 ], [ -3.64336, 37.52648 ], [ -3.67197, 37.51822 ], [ -3.6673, 37.51675 ], [ -3.63848, 37.46758 ], [ -3.63932, 37.44944 ], [ -3.63149, 37.43758 ], [ -3.64673, 37.4362 ], [ -3.6381, 37.42031 ], [ -3.63693, 37.40202 ], [ -3.64763, 37.39967 ], [ -3.63467, 37.3921 ], [ -3.61792, 37.36091 ], [ -3.61171, 37.36767 ], [ -3.61565, 37.38902 ], [ -3.59705, 37.37634 ], [ -3.58504, 37.37143 ], [ -3.57646, 37.37611 ], [ -3.56745, 37.37189 ], [ -3.57077, 37.34936 ], [ -3.54995, 37.3413 ], [ -3.55726, 37.32905 ], [ -3.55989, 37.3138 ], [ -3.53739, 37.31362 ], [ -3.51483, 37.32652 ], [ -3.50189, 37.32397 ], [ -3.48929, 37.32699 ], [ -3.42667, 37.34262 ], [ -3.37697, 37.35721 ], [ -3.34992, 37.36194 ], [ -3.34395, 37.38397 ], [ -3.36654, 37.3747 ], [ -3.38343, 37.37045 ], [ -3.42565, 37.38192 ], [ -3.44089, 37.39985 ], [ -3.43564, 37.41463 ], [ -3.43705, 37.42246 ], [ -3.48734, 37.39994 ], [ -3.50195, 37.41186 ], [ -3.48961, 37.41393 ], [ -3.4878, 37.43462 ], [ -3.49144, 37.44187 ], [ -3.48776, 37.45274 ] ] } },
{ "type": "Feature", "properties": { "CMUN": "18106", "NMUN": "Játar", "NPRO": "Granada", "CPRO": "18", "stroke": "#aaaaaa", "stroke-width": 0.7, "stroke-opacity": 0.45 }, "geometry": { "type": "LineString", "coordinates": [ [ -3.90491, 36.91574 ], [ -3.8975, 36.92069 ], [ -3.89575, 36.93847 ], [ -3.90891, 36.94133 ], [ -3.92729, 36.95781 ], [ -3.92592, 36.94685 ], [ -3.94006, 36.9328 ], [ -3.90491, 36.91574 ] ] } },
{ "type": "Feature", "properties": { "CMUN": "18107", "NMUN": "Jayena", "NPRO": "Granada", "CPRO": "18", "stroke": "#aaaaaa", "stroke-width": 0.7, "stroke-opacity": 0.45 }, "geometry": { "type": "LineString", "coordinates": [ [ -3.77131, 36.98875 ], [ -3.81126, 36.99354 ], [ -3.82369, 36.98542 ], [ -3.82921, 36.96774 ], [ -3.84809, 36.9612 ], [ -3.84979, 36.952 ], [ -3.8404, 36.93684 ], [ -3.82289, 36.9208 ], [ -3.82929, 36.90874 ], [ -3.82929, 36.90874 ], [ -3.81949, 36.90733 ], [ -3.80501, 36.88303 ], [ -3.77996, 36.86704 ], [ -3.77919, 36.87435 ], [ -3.7674, 36.88328 ], [ -3.75605, 36.90663 ], [ -3.75913, 36.91677 ], [ -3.75163, 36.93707 ], [ -3.74782, 36.96368 ], [ -3.74402, 36.9731 ], [ -3.7615, 36.98396 ], [ -3.77131, 36.98875 ] ] } },
{ "type": "Feature", "properties": { "CMUN": "18108", "NMUN": "Jérez del Marquesado", "NPRO": "Granada", "CPRO": "18", "stroke": "#aaaaaa", "stroke-width": 0.7, "stroke-opacity": 0.45 }, "geometry": { "type": "LineString", "coordinates": [ [ -3.11607, 37.22638 ], [ -3.11953, 37.23299 ], [ -3.13001, 37.22282 ], [ -3.15288, 37.20768 ], [ -3.17626, 37.19772 ], [ -3.19695, 37.19723 ], [ -3.20615, 37.19023 ], [ -3.22413, 37.18503 ], [ -3.23569, 37.17101 ], [ -3.23856, 37.15284 ], [ -3.24992, 37.14175 ], [ -3.25307, 37.12383 ], [ -3.25774, 37.11469 ], [ -3.2447, 37.11407 ], [ -3.2231, 37.09689 ], [ -3.20039, 37.0905 ], [ -3.17829, 37.09277 ], [ -3.17088, 37.12541 ], [ -3.17569, 37.14102 ], [ -3.15619, 37.16963 ], [ -3.14698, 37.17173 ], [ -3.14311, 37.19069 ], [ -3.13406, 37.20201 ], [ -3.11607, 37.22638 ] ] } },
{ "type": "Feature", "properties": { "CMUN": "18109", "NMUN": "Jete", "NPRO": "Granada", "CPRO": "18", "stroke": "#aaaaaa", "stroke-width": 0.7, "stroke-opacity": 0.45 }, "geometry": { "type": "LineString", "coordinates": [ [ -3.64195, 36.82473 ], [ -3.65308, 36.82659 ], [ -3.66079, 36.82443 ], [ -3.66253, 36.81298 ], [ -3.66395, 36.80461 ], [ -3.68245, 36.80003 ], [ -3.68966, 36.78927 ], [ -3.69004, 36.77562 ], [ -3.67056, 36.77241 ], [ -3.6512, 36.78219 ], [ -3.6501, 36.80215 ], [ -3.63963, 36.81677 ], [ -3.64195, 36.82473 ] ] } },
{ "type": "Feature", "properties": { "CMUN": "18111", "NMUN": "Jun", "NPRO": "Granada", "CPRO": "18", "stroke": "#aaaaaa", "stroke-width": 0.7, "stroke-opacity": 0.45 }, "geometry": { "type": "LineString", "coordinates": [ [ -3.57686, 37.2104 ], [ -3.57109, 37.21839 ], [ -3.58515, 37.22093 ], [ -3.59145, 37.22738 ], [ -3.60289, 37.21489 ], [ -3.59173, 37.20845 ], [ -3.57686, 37.2104 ] ] } },
{ "type": "Feature", "properties": { "CMUN": "18112", "NMUN": "Juviles", "NPRO": "Granada", "CPRO": "18", "stroke": "#aaaaaa", "stroke-width": 0.7, "stroke-opacity": 0.45 }, "geometry": { "type": "LineString", "coordinates": [ [ -3.20695, 36.95244 ], [ -3.22558, 36.98494 ], [ -3.2377, 36.99473 ], [ -3.2495, 36.97717 ], [ -3.25053, 36.96956 ], [ -3.23958, 36.93889 ], [ -3.21825, 36.94113 ], [ -3.20695, 36.95244 ] ] } },
{ "type": "Feature", "properties": { "CMUN": "18114", "NMUN": "Calahorra, La", "NPRO": "Granada", "CPRO": "18", "stroke": "#aaaaaa", "stroke-width": 0.7, "stroke-opacity": 0.45 }, "geometry": { "type": "LineString", "coordinates": [ [ -2.98044, 37.27179 ], [ -3.00287, 37.27639 ], [ -3.01843, 37.27468 ], [ -3.02906, 37.26292 ], [ -3.03996, 37.2412 ], [ -3.05607, 37.21748 ], [ -3.06107, 37.20272 ], [ -3.07339, 37.20548 ], [ -3.08376, 37.22753 ], [ -3.08667, 37.24243 ], [ -3.09465, 37.24275 ], [ -3.0952, 37.22582 ], [ -3.09687, 37.21312 ], [ -3.07803, 37.17971 ], [ -3.06353, 37.17394 ], [ -3.05962, 37.15969 ], [ -3.05174, 37.15721 ], [ -3.04534, 37.1783 ], [ -3.05452, 37.19344 ], [ -3.0411, 37.21061 ], [ -3.02859, 37.21914 ], [ -3.01202, 37.2359 ], [ -3.00639, 37.24114 ], [ -2.99263, 37.25055 ], [ -2.98044, 37.27179 ] ] } },
{ "type": "Feature", "properties": { "CMUN": "18115", "NMUN": "Láchar", "NPRO": "Granada", "CPRO": "18", "stroke": "#aaaaaa", "stroke-width": 0.7, "stroke-opacity": 0.45 }, "geometry": { "type": "LineString", "coordinates": [ [ -3.8342, 37.2008 ], [ -3.84784, 37.19793 ], [ -3.85592, 37.20308 ], [ -3.86545, 37.20076 ], [ -3.86527, 37.18825 ], [ -3.86011, 37.16827 ], [ -3.85238, 37.16381 ], [ -3.82689, 37.17111 ], [ -3.82318, 37.18072 ], [ -3.82573, 37.20438 ], [ -3.8342, 37.2008 ] ] } },
{ "type": "Feature", "properties": { "CMUN": "18116", "NMUN": "Lanjarón", "NPRO": "Granada", "CPRO": "18", "stroke": "#aaaaaa", "stroke-width": 0.7, "stroke-opacity": 0.45 }, "geometry": { "type": "LineString", "coordinates": [ [ -3.48463, 36.87408 ], [ -3.47442, 36.87845 ], [ -3.46595, 36.90065 ], [ -3.45301, 36.92078 ], [ -3.45274, 36.92782 ], [ -3.45766, 36.94165 ], [ -3.43933, 36.96271 ], [ -3.43181, 36.98027 ], [ -3.41257, 37.01223 ], [ -3.40631, 37.01604 ], [ -3.40081, 37.03321 ], [ -3.39464, 37.03804 ], [ -3.39267, 37.04056 ], [ -3.40517, 37.03975 ], [ -3.41527, 37.03021 ], [ -3.43094, 37.02333 ], [ -3.43962, 37.01191 ], [ -3.45026, 36.99966 ], [ -3.46225, 36.99181 ], [ -3.47193, 36.9795 ], [ -3.47728, 36.9561 ], [ -3.49454, 36.94727 ], [ -3.50869, 36.93228 ], [ -3.50837, 36.92258 ], [ -3.52473, 36.90064 ], [ -3.50534, 36.89621 ], [ -3.48463, 36.87408 ] ] } },
{ "type": "Feature", "properties": { "CMUN": "18117", "NMUN": "Lanteira", "NPRO": "Granada", "CPRO": "18", "stroke": "#aaaaaa", "stroke-width": 0.7, "stroke-opacity": 0.45 }, "geometry": { "type": "LineString", "coordinates": [ [ -3.0952, 37.22582 ], [ -3.09465, 37.24275 ], [ -3.10389, 37.24074 ], [ -3.11302, 37.22447 ], [ -3.12769, 37.20581 ], [ -3.13406, 37.20201 ], [ -3.14311, 37.19069 ], [ -3.14698, 37.17173 ], [ -3.15619, 37.16963 ], [ -3.17569, 37.14102 ], [ -3.17088, 37.12541 ], [ -3.17829, 37.09277 ], [ -3.15963, 37.09215 ], [ -3.1338, 37.09653 ], [ -3.1203, 37.09192 ], [ -3.11404, 37.09462 ], [ -3.12235, 37.12377 ], [ -3.10655, 37.15532 ], [ -3.11383, 37.16659 ], [ -3.12916, 37.17504 ], [ -3.12067, 37.19277 ], [ -3.0952, 37.22582 ] ] } },
{ "type": "Feature", "properties": { "CMUN": "18119", "NMUN": "Lecrín", "NPRO": "Granada", "CPRO": "18", "stroke": "#aaaaaa", "stroke-width": 0.7, "stroke-opacity": 0.45 }, "geometry": { "type": "LineString", "coordinates": [ [ -3.50869, 36.93228 ], [ -3.49454, 36.94727 ], [ -3.47728, 36.9561 ], [ -3.47193, 36.9795 ], [ -3.48322, 36.9771 ], [ -3.53516, 36.97927 ], [ -3.54779, 36.95875 ], [ -3.56188, 36.95882 ], [ -3.57223, 36.96309 ], [ -3.58077, 36.94966 ], [ -3.59433, 36.95339 ], [ -3.57402, 36.93963 ], [ -3.56239, 36.94299 ], [ -3.56629, 36.92718 ], [ -3.56372, 36.92192 ], [ -3.54658, 36.92015 ], [ -3.53587, 36.90781 ], [ -3.52701, 36.913 ], [ -3.52511, 36.93429 ], [ -3.50869, 36.93228 ] ] } },
{ "type": "Feature", "properties": { "CMUN": "18120", "NMUN": "Lentegí", "NPRO": "Granada", "CPRO": "18", "stroke": "#aaaaaa", "stroke-width": 0.7, "stroke-opacity": 0.45 }, "geometry": { "type": "LineString", "coordinates": [ [ -3.65308, 36.82659 ], [ -3.65566, 36.84046 ], [ -3.68042, 36.87092 ], [ -3.70221, 36.8619 ], [ -3.72164, 36.86995 ], [ -3.72378, 36.86158 ], [ -3.71562, 36.85206 ], [ -3.72109, 36.83879 ], [ -3.70714, 36.83621 ], [ -3.69005, 36.81907 ], [ -3.6733, 36.82237 ], [ -3.66253, 36.81298 ], [ -3.66079, 36.82443 ], [ -3.65308, 36.82659 ] ] } },
{ "type": "Feature", "properties": { "CMUN": "18121", "NMUN": "Lobras", "NPRO": "Granada", "CPRO": "18", "stroke": "#aaaaaa", "stroke-width": 0.7, "stroke-opacity": 0.45 }, "geometry": { "type": "LineString", "coordinates": [ [ -3.19926, 36.94687 ], [ -3.20695, 36.95244 ], [ -3.21825, 36.94113 ], [ -3.2277, 36.91609 ], [ -3.23359, 36.90896 ], [ -3.21921, 36.89618 ], [ -3.20467, 36.87636 ], [ -3.19271, 36.87832 ], [ -3.18796, 36.88742 ], [ -3.19662, 36.89768 ], [ -3.2063, 36.92021 ], [ -3.20305, 36.92431 ], [ -3.19926, 36.94687 ] ] } },
{ "type": "Feature", "properties": { "CMUN": "18122", "NMUN": "Loja", "NPRO": "Granada", "CPRO": "18", "stroke": "#aaaaaa", "stroke-width": 0.7, "stroke-opacity": 0.45 }, "geometry": { "type": "LineString", "coordinates": [ [ -4.18271, 37.02864 ], [ -4.1844, 37.03684 ], [ -4.18037, 37.05134 ], [ -4.17106, 37.05242 ], [ -4.13621, 37.06756 ], [ -4.11692, 37.07383 ], [ -4.1046, 37.07414 ], [ -4.08013, 37.08516 ], [ -4.0612, 37.08993 ], [ -4.07629, 37.09691 ], [ -4.09628, 37.11834 ], [ -4.09562, 37.13272 ], [ -4.10366, 37.14388 ], [ -4.10361, 37.15102 ], [ -4.09502, 37.17029 ], [ -4.08212, 37.18747 ], [ -4.07343, 37.20572 ], [ -4.06451, 37.21382 ], [ -4.07501, 37.23207 ], [ -4.06384, 37.23913 ], [ -4.05885, 37.22708 ], [ -4.04321, 37.23055 ], [ -4.02523, 37.22885 ], [ -4.03369, 37.24215 ], [ -4.04686, 37.25783 ], [ -4.06, 37.26464 ], [ -4.09436, 37.27817 ], [ -4.09437, 37.28312 ], [ -4.1075, 37.29283 ], [ -4.12765, 37.28286 ], [ -4.12804, 37.27824 ], [ -4.15476, 37.27876 ], [ -4.16751, 37.27419 ], [ -4.15458, 37.264 ], [ -4.15826, 37.24434 ], [ -4.1714, 37.23203 ], [ -4.19379, 37.24399 ], [ -4.19839, 37.25704 ], [ -4.22389, 37.24559 ], [ -4.23387, 37.25142 ], [ -4.24747, 37.24808 ], [ -4.25869, 37.25153 ], [ -4.25531, 37.22956 ], [ -4.26345, 37.22749 ], [ -4.29557, 37.19939 ], [ -4.3237, 37.19009 ], [ -4.32762, 37.18433 ], [ -4.32336, 37.18073 ], [ -4.30937, 37.153 ], [ -4.28707, 37.11952 ], [ -4.28658, 37.09823 ], [ -4.28284, 37.07144 ], [ -4.281, 37.05672 ], [ -4.27276, 37.04172 ], [ -4.27004, 37.02703 ], [ -4.27251, 37.0149 ], [ -4.25193, 37.02298 ], [ -4.22335, 37.01234 ], [ -4.20572, 37.02663 ], [ -4.19124, 37.02495 ], [ -4.18271, 37.02864 ] ] } },
{ "type": "Feature", "properties": { "CMUN": "18123", "NMUN": "Lugros", "NPRO": "Granada", "CPRO": "18", "stroke": "#aaaaaa", "stroke-width": 0.7, "stroke-opacity": 0.45 }, "geometry": { "type": "LineString", "coordinates": [ [ -3.21656, 37.25508 ], [ -3.22262, 37.25739 ], [ -3.2331, 37.24853 ], [ -3.239, 37.23692 ], [ -3.25051, 37.22761 ], [ -3.25117, 37.24342 ], [ -3.25906, 37.25386 ], [ -3.26827, 37.25542 ], [ -3.27259, 37.23888 ], [ -3.28649, 37.23103 ], [ -3.29937, 37.21608 ], [ -3.29918, 37.2095 ], [ -3.28337, 37.1986 ], [ -3.28243, 37.16885 ], [ -3.24992, 37.14175 ], [ -3.23856, 37.15284 ], [ -3.23569, 37.17101 ], [ -3.22413, 37.18503 ], [ -3.20615, 37.19023 ], [ -3.19695, 37.19723 ], [ -3.20174, 37.21213 ], [ -3.20929, 37.22256 ], [ -3.2121, 37.23862 ], [ -3.21656, 37.25508 ] ] } },
{ "type": "Feature", "properties": { "CMUN": "18124", "NMUN": "Lújar", "NPRO": "Granada", "CPRO": "18", "stroke": "#aaaaaa", "stroke-width": 0.7, "stroke-opacity": 0.45 }, "geometry": { "type": "LineString", "coordinates": [ [ -3.35551, 36.80609 ], [ -3.38067, 36.81154 ], [ -3.40064, 36.82209 ], [ -3.41783, 36.81667 ], [ -3.42371, 36.80549 ], [ -3.42845, 36.78635 ], [ -3.41975, 36.76867 ], [ -3.40081, 36.77414 ], [ -3.39184, 36.77262 ], [ -3.37567, 36.76113 ], [ -3.36027, 36.73434 ], [ -3.3502, 36.72946 ], [ -3.33839, 36.7384 ], [ -3.34424, 36.74761 ], [ -3.33997, 36.76539 ], [ -3.34334, 36.77333 ], [ -3.3632, 36.77128 ], [ -3.37349, 36.78437 ], [ -3.37253, 36.79115 ], [ -3.35551, 36.80609 ] ] } },
{ "type": "Feature", "properties": { "CMUN": "18126", "NMUN": "Malahá, La", "NPRO": "Granada", "CPRO": "18", "stroke": "#aaaaaa", "stroke-width": 0.7, "stroke-opacity": 0.45 }, "geometry": { "type": "LineString", "coordinates": [ [ -3.75702, 37.11805 ], [ -3.77015, 37.12308 ], [ -3.7799, 37.11524 ], [ -3.76628, 37.10837 ], [ -3.76111, 37.10145 ], [ -3.76614, 37.09417 ], [ -3.78008, 37.0948 ], [ -3.77923, 37.09136 ], [ -3.77297, 37.08344 ], [ -3.75297, 37.08963 ], [ -3.74297, 37.08174 ], [ -3.72757, 37.07616 ], [ -3.7043, 37.08672 ], [ -3.69485, 37.10363 ], [ -3.68738, 37.10904 ], [ -3.70045, 37.11324 ], [ -3.71026, 37.11114 ], [ -3.72778, 37.11806 ], [ -3.75702, 37.11805 ] ] } },
{ "type": "Feature", "properties": { "CMUN": "18127", "NMUN": "Maracena", "NPRO": "Granada", "CPRO": "18", "stroke": "#aaaaaa", "stroke-width": 0.7, "stroke-opacity": 0.45 }, "geometry": { "type": "LineString", "coordinates": [ [ -3.65268, 37.20671 ], [ -3.64827, 37.19882 ], [ -3.6349, 37.20046 ], [ -3.62409, 37.21012 ], [ -3.62555, 37.21823 ], [ -3.63862, 37.21937 ], [ -3.66146, 37.2102 ], [ -3.65268, 37.20671 ] ] } },
{ "type": "Feature", "properties": { "CMUN": "18128", "NMUN": "Marchal", "NPRO": "Granada", "CPRO": "18", "stroke": "#aaaaaa", "stroke-width": 0.7, "stroke-opacity": 0.45 }, "geometry": { "type": "LineString", "coordinates": [ [ -3.17466, 37.29381 ], [ -3.17921, 37.3032 ], [ -3.17519, 37.31675 ], [ -3.20105, 37.31019 ], [ -3.21379, 37.29269 ], [ -3.22645, 37.28773 ], [ -3.21437, 37.2874 ], [ -3.20322, 37.29466 ], [ -3.19287, 37.29405 ], [ -3.18575, 37.28769 ], [ -3.17466, 37.29381 ] ] } },
{ "type": "Feature", "properties": { "CMUN": "18132", "NMUN": "Moclín", "NPRO": "Granada", "CPRO": "18", "stroke": "#aaaaaa", "stroke-width": 0.7, "stroke-opacity": 0.45 }, "geometry": { "type": "LineString", "coordinates": [ [ -3.80998, 37.29504 ], [ -3.78272, 37.29306 ], [ -3.7645, 37.29462 ], [ -3.75527, 37.30492 ], [ -3.73492, 37.30771 ], [ -3.73945, 37.29608 ], [ -3.73293, 37.29525 ], [ -3.71206, 37.30286 ], [ -3.72566, 37.30687 ], [ -3.73031, 37.32058 ], [ -3.74557, 37.34647 ], [ -3.75701, 37.3556 ], [ -3.75772, 37.37199 ], [ -3.76369, 37.39684 ], [ -3.77274, 37.40871 ], [ -3.78259, 37.42843 ], [ -3.78873, 37.43659 ], [ -3.81009, 37.43851 ], [ -3.81803, 37.42136 ], [ -3.82653, 37.41352 ], [ -3.8305, 37.40141 ], [ -3.84353, 37.38534 ], [ -3.85774, 37.38782 ], [ -3.86256, 37.38459 ], [ -3.84495, 37.35788 ], [ -3.85134, 37.35233 ], [ -3.84989, 37.34347 ], [ -3.84144, 37.33023 ], [ -3.80998, 37.29504 ] ] } },
{ "type": "Feature", "properties": { "CMUN": "18133", "NMUN": "Molvízar", "NPRO": "Granada", "CPRO": "18", "stroke": "#aaaaaa", "stroke-width": 0.7, "stroke-opacity": 0.45 }, "geometry": { "type": "LineString", "coordinates": [ [ -3.6305, 36.76272 ], [ -3.61927, 36.77169 ], [ -3.60701, 36.77493 ], [ -3.58146, 36.77477 ], [ -3.57826, 36.78775 ], [ -3.57178, 36.78721 ], [ -3.5657, 36.80113 ], [ -3.57294, 36.80731 ], [ -3.58837, 36.80953 ], [ -3.60243, 36.81791 ], [ -3.61496, 36.81961 ], [ -3.62189, 36.80679 ], [ -3.62008, 36.78923 ], [ -3.64007, 36.77497 ], [ -3.6305, 36.76272 ] ] } },
{ "type": "Feature", "properties": { "CMUN": "18134", "NMUN": "Monachil", "NPRO": "Granada", "CPRO": "18", "stroke": "#aaaaaa", "stroke-width": 0.7, "stroke-opacity": 0.45 }, "geometry": { "type": "LineString", "coordinates": [ [ -3.49003, 37.13995 ], [ -3.49998, 37.13769 ], [ -3.51922, 37.14446 ], [ -3.52682, 37.14053 ], [ -3.55073, 37.14767 ], [ -3.5524, 37.14251 ], [ -3.56983, 37.14008 ], [ -3.56459, 37.12673 ], [ -3.5538, 37.11318 ], [ -3.53596, 37.09281 ], [ -3.53242, 37.08174 ], [ -3.48288, 37.07817 ], [ -3.46588, 37.07118 ], [ -3.4554, 37.07899 ], [ -3.43174, 37.07523 ], [ -3.41878, 37.07649 ], [ -3.39901, 37.07147 ], [ -3.38926, 37.06391 ], [ -3.36568, 37.05603 ], [ -3.37539, 37.06857 ], [ -3.376, 37.07935 ], [ -3.38613, 37.09586 ], [ -3.40574, 37.11159 ], [ -3.41486, 37.11234 ], [ -3.42973, 37.12035 ], [ -3.43917, 37.11902 ], [ -3.45954, 37.13252 ], [ -3.49003, 37.13995 ] ] } },
{ "type": "Feature", "properties": { "CMUN": "18135", "NMUN": "Montefrío", "NPRO": "Granada", "CPRO": "18", "stroke": "#aaaaaa", "stroke-width": 0.7, "stroke-opacity": 0.45 }, "geometry": { "type": "LineString", "coordinates": [ [ -3.92373, 37.37871 ], [ -3.95089, 37.37835 ], [ -3.97319, 37.38817 ], [ -3.98142, 37.38745 ], [ -4.00082, 37.40209 ], [ -4.0205, 37.40214 ], [ -4.03738, 37.40593 ], [ -4.05373, 37.40256 ], [ -4.08594, 37.40375 ], [ -4.09823, 37.40012 ], [ -4.10235, 37.39012 ], [ -4.12648, 37.37875 ], [ -4.14569, 37.36169 ], [ -4.15784, 37.34225 ], [ -4.16197, 37.34194 ], [ -4.14584, 37.33519 ], [ -4.13258, 37.31574 ], [ -4.11165, 37.30081 ], [ -4.1075, 37.29283 ], [ -4.09437, 37.28312 ], [ -4.09436, 37.27817 ], [ -4.06, 37.26464 ], [ -4.04686, 37.25783 ], [ -4.03369, 37.24215 ], [ -4.01566, 37.2416 ], [ -3.99082, 37.24959 ], [ -3.98227, 37.26962 ], [ -3.9516, 37.28838 ], [ -3.94531, 37.29875 ], [ -3.92826, 37.30479 ], [ -3.92099, 37.31274 ], [ -3.92523, 37.33944 ], [ -3.91943, 37.34514 ], [ -3.92547, 37.36325 ], [ -3.92373, 37.37871 ] ] } },
{ "type": "Feature", "properties": { "CMUN": "18136", "NMUN": "Montejícar", "NPRO": "Granada", "CPRO": "18", "stroke": "#aaaaaa", "stroke-width": 0.7, "stroke-opacity": 0.45 }, "geometry": { "type": "LineString", "coordinates": [ [ -3.43688, 37.57389 ], [ -3.44972, 37.58446 ], [ -3.46152, 37.59859 ], [ -3.47954, 37.60109 ], [ -3.50654, 37.61722 ], [ -3.53011, 37.60236 ], [ -3.53845, 37.59366 ], [ -3.53644, 37.58081 ], [ -3.55525, 37.57359 ], [ -3.55877, 37.56624 ], [ -3.58289, 37.55387 ], [ -3.57985, 37.54207 ], [ -3.56828, 37.53315 ], [ -3.5542, 37.52149 ], [ -3.53983, 37.51414 ], [ -3.52254, 37.51505 ], [ -3.50914, 37.51128 ], [ -3.49367, 37.5123 ], [ -3.47568, 37.52419 ], [ -3.47548, 37.5409 ], [ -3.46879, 37.55405 ], [ -3.44643, 37.55573 ], [ -3.43623, 37.56378 ], [ -3.43688, 37.57389 ] ] } },
{ "type": "Feature", "properties": { "CMUN": "18137", "NMUN": "Montillana", "NPRO": "Granada", "CPRO": "18", "stroke": "#aaaaaa", "stroke-width": 0.7, "stroke-opacity": 0.45 }, "geometry": { "type": "LineString", "coordinates": [ [ -3.80834, 37.45781 ], [ -3.80221, 37.45335 ], [ -3.81009, 37.43851 ], [ -3.78873, 37.43659 ], [ -3.78259, 37.42843 ], [ -3.76684, 37.4322 ], [ -3.76953, 37.45165 ], [ -3.75708, 37.4487 ], [ -3.75469, 37.44084 ], [ -3.7376, 37.43448 ], [ -3.73131, 37.44202 ], [ -3.70507, 37.44396 ], [ -3.70145, 37.44815 ], [ -3.68391, 37.46974 ], [ -3.66331, 37.47258 ], [ -3.66232, 37.45947 ], [ -3.64933, 37.45636 ], [ -3.63932, 37.44944 ], [ -3.63848, 37.46758 ], [ -3.6673, 37.51675 ], [ -3.67197, 37.51822 ], [ -3.68301, 37.51796 ], [ -3.71152, 37.50313 ], [ -3.72924, 37.4886 ], [ -3.74319, 37.48717 ], [ -3.77083, 37.47987 ], [ -3.77767, 37.49006 ], [ -3.78835, 37.48766 ], [ -3.79172, 37.46619 ], [ -3.80834, 37.45781 ] ] } },
{ "type": "Feature", "properties": { "CMUN": "18138", "NMUN": "Moraleda de Zafayona", "NPRO": "Granada", "CPRO": "18", "stroke": "#aaaaaa", "stroke-width": 0.7, "stroke-opacity": 0.45 }, "geometry": { "type": "LineString", "coordinates": [ [ -3.93841, 37.14236 ], [ -3.8973, 37.15919 ], [ -3.89599, 37.17223 ], [ -3.91215, 37.18258 ], [ -3.91307, 37.19494 ], [ -3.92568, 37.1983 ], [ -3.93409, 37.19778 ], [ -3.9537, 37.20979 ], [ -3.95213, 37.21797 ], [ -3.98583, 37.20972 ], [ -4.01748, 37.21223 ], [ -4.00584, 37.20148 ], [ -3.99786, 37.18872 ], [ -3.99946, 37.18083 ], [ -3.98235, 37.17402 ], [ -3.98709, 37.16629 ], [ -3.97582, 37.16743 ], [ -3.96785, 37.1546 ], [ -3.96508, 37.15437 ], [ -3.95533, 37.15219 ], [ -3.93841, 37.14236 ] ] } },
{ "type": "Feature", "properties": { "CMUN": "18140", "NMUN": "Motril", "NPRO": "Granada", "CPRO": "18", "stroke": "#aaaaaa", "stroke-width": 0.7, "stroke-opacity": 0.45 }, "geometry": { "type": "LineString", "coordinates": [ [ -3.56705, 36.71903 ], [ -3.55418, 36.71502 ], [ -3.53529, 36.72243 ], [ -3.51546, 36.72169 ], [ -3.50066, 36.71098 ], [ -3.49234, 36.72352 ], [ -3.47416, 36.72004 ], [ -3.46485, 36.70662 ], [ -3.46517, 36.69472 ], [ -3.41892, 36.6946 ], [ -3.41118, 36.70299 ], [ -3.41723, 36.71119 ], [ -3.41022, 36.72603 ], [ -3.41799, 36.73964 ], [ -3.41975, 36.76867 ], [ -3.42845, 36.78635 ], [ -3.44806, 36.78176 ], [ -3.47027, 36.7816 ], [ -3.48835, 36.78463 ], [ -3.51435, 36.77821 ], [ -3.53458, 36.78603 ], [ -3.54243, 36.79186 ], [ -3.54736, 36.77636 ], [ -3.56051, 36.76906 ], [ -3.56461, 36.75877 ], [ -3.56191, 36.72776 ], [ -3.56705, 36.71903 ] ] } },
{ "type": "Feature", "properties": { "CMUN": "18141", "NMUN": "Murtas", "NPRO": "Granada", "CPRO": "18", "stroke": "#aaaaaa", "stroke-width": 0.7, "stroke-opacity": 0.45 }, "geometry": { "type": "LineString", "coordinates": [ [ -3.07193, 36.91929 ], [ -3.08366, 36.92578 ], [ -3.10243, 36.91444 ], [ -3.14827, 36.90553 ], [ -3.14413, 36.89135 ], [ -3.15038, 36.88686 ], [ -3.18216, 36.87772 ], [ -3.19271, 36.87832 ], [ -3.18356, 36.86715 ], [ -3.16959, 36.83471 ], [ -3.16764, 36.81782 ], [ -3.15634, 36.79532 ], [ -3.14146, 36.79079 ], [ -3.12996, 36.81139 ], [ -3.12294, 36.81455 ], [ -3.12724, 36.834 ], [ -3.12129, 36.84725 ], [ -3.12147, 36.86156 ], [ -3.10337, 36.86138 ], [ -3.09745, 36.87457 ], [ -3.08754, 36.87174 ], [ -3.07641, 36.88572 ], [ -3.07533, 36.89302 ], [ -3.06076, 36.89214 ], [ -3.07051, 36.90118 ], [ -3.07193, 36.91929 ] ] } },
{ "type": "Feature", "properties": { "CMUN": "18143", "NMUN": "Nigüelas", "NPRO": "Granada", "CPRO": "18", "stroke": "#aaaaaa", "stroke-width": 0.7, "stroke-opacity": 0.45 }, "geometry": { "type": "LineString", "coordinates": [ [ -3.43962, 37.01191 ], [ -3.47407, 37.01813 ], [ -3.48536, 37.01127 ], [ -3.49674, 37.01216 ], [ -3.53136, 37.00008 ], [ -3.53733, 36.99008 ], [ -3.55829, 36.97849 ], [ -3.57348, 36.96497 ], [ -3.57223, 36.96309 ], [ -3.56188, 36.95882 ], [ -3.54779, 36.95875 ], [ -3.53516, 36.97927 ], [ -3.48322, 36.9771 ], [ -3.47193, 36.9795 ], [ -3.46225, 36.99181 ], [ -3.45026, 36.99966 ], [ -3.43962, 37.01191 ] ] } },
{ "type": "Feature", "properties": { "CMUN": "18144", "NMUN": "Nívar", "NPRO": "Granada", "CPRO": "18", "stroke": "#aaaaaa", "stroke-width": 0.7, "stroke-opacity": 0.45 }, "geometry": { "type": "LineString", "coordinates": [ [ -3.50558, 37.28073 ], [ -3.53718, 37.28003 ], [ -3.58095, 37.26714 ], [ -3.59315, 37.24727 ], [ -3.58785, 37.24318 ], [ -3.56658, 37.25225 ], [ -3.54798, 37.26352 ], [ -3.50644, 37.27592 ], [ -3.50558, 37.28073 ] ] } },
{ "type": "Feature", "properties": { "CMUN": "18145", "NMUN": "Ogíjares", "NPRO": "Granada", "CPRO": "18", "stroke": "#aaaaaa", "stroke-width": 0.7, "stroke-opacity": 0.45 }, "geometry": { "type": "LineString", "coordinates": [ [ -3.62222, 37.10706 ], [ -3.60012, 37.11665 ], [ -3.59959, 37.12747 ], [ -3.6088, 37.13827 ], [ -3.60986, 37.13932 ], [ -3.62416, 37.13374 ], [ -3.63448, 37.11995 ], [ -3.62311, 37.10813 ], [ -3.62222, 37.10706 ] ] } },
{ "type": "Feature", "properties": { "CMUN": "18146", "NMUN": "Orce", "NPRO": "Granada", "CPRO": "18", "stroke": "#aaaaaa", "stroke-width": 0.7, "stroke-opacity": 0.45 }, "geometry": { "type": "LineString", "coordinates": [ [ -2.3018, 37.81023 ], [ -2.33058, 37.8276 ], [ -2.34326, 37.81788 ], [ -2.35631, 37.81431 ], [ -2.3667, 37.80173 ], [ -2.39045, 37.7893 ], [ -2.44429, 37.79339 ], [ -2.47399, 37.78523 ], [ -2.49765, 37.76587 ], [ -2.5054, 37.76446 ], [ -2.50124, 37.75731 ], [ -2.51, 37.73986 ], [ -2.52042, 37.7331 ], [ -2.51934, 37.72108 ], [ -2.50768, 37.69327 ], [ -2.49859, 37.66211 ], [ -2.50699, 37.65511 ], [ -2.49809, 37.64884 ], [ -2.47567, 37.64326 ], [ -2.46629, 37.63837 ], [ -2.43058, 37.63443 ], [ -2.41106, 37.62881 ], [ -2.40278, 37.63596 ], [ -2.39127, 37.63248 ], [ -2.37365, 37.62905 ], [ -2.36377, 37.62147 ], [ -2.34543, 37.62922 ], [ -2.34175, 37.62378 ], [ -2.31582, 37.62219 ], [ -2.30874, 37.63516 ], [ -2.31995, 37.64809 ], [ -2.32346, 37.66544 ], [ -2.32603, 37.67573 ], [ -2.32307, 37.69486 ], [ -2.31327, 37.71137 ], [ -2.29472, 37.74817 ], [ -2.28707, 37.7514 ], [ -2.27678, 37.77622 ], [ -2.29127, 37.78919 ], [ -2.3018, 37.81023 ] ] } },
{ "type": "Feature", "properties": { "CMUN": "18147", "NMUN": "Órgiva", "NPRO": "Granada", "CPRO": "18", "stroke": "#aaaaaa", "stroke-width": 0.7, "stroke-opacity": 0.45 }, "geometry": { "type": "LineString", "coordinates": [ [ -3.36818, 36.91266 ], [ -3.36818, 36.91266 ], [ -3.38315, 36.9136 ], [ -3.38663, 36.90742 ], [ -3.40509, 36.91186 ], [ -3.41538, 36.92794 ], [ -3.41398, 36.93244 ], [ -3.41737, 36.92459 ], [ -3.43157, 36.91641 ], [ -3.44642, 36.92747 ], [ -3.45274, 36.92782 ], [ -3.45301, 36.92078 ], [ -3.46595, 36.90065 ], [ -3.47442, 36.87845 ], [ -3.48463, 36.87408 ], [ -3.48463, 36.87408 ], [ -3.49036, 36.86488 ], [ -3.47124, 36.85208 ], [ -3.44048, 36.82554 ], [ -3.43301, 36.8147 ], [ -3.41783, 36.81667 ], [ -3.40064, 36.82209 ], [ -3.38067, 36.81154 ], [ -3.35551, 36.80609 ], [ -3.35063, 36.82098 ], [ -3.32188, 36.82005 ], [ -3.31769, 36.82224 ], [ -3.31654, 36.84216 ], [ -3.31062, 36.85395 ], [ -3.3147, 36.86118 ], [ -3.32983, 36.87078 ], [ -3.33892, 36.88564 ], [ -3.3483, 36.88873 ], [ -3.35187, 36.90873 ], [ -3.36818, 36.91266 ] ] } },
{ "type": "Feature", "properties": { "CMUN": "18148", "NMUN": "Otívar", "NPRO": "Granada", "CPRO": "18", "stroke": "#aaaaaa", "stroke-width": 0.7, "stroke-opacity": 0.45 }, "geometry": { "type": "LineString", "coordinates": [ [ -3.72164, 36.86995 ], [ -3.73946, 36.8732 ], [ -3.74914, 36.87156 ], [ -3.76458, 36.8768 ], [ -3.7674, 36.88328 ], [ -3.77919, 36.87435 ], [ -3.77996, 36.86704 ], [ -3.7956, 36.85794 ], [ -3.80955, 36.85829 ], [ -3.81532, 36.84685 ], [ -3.8152, 36.84184 ], [ -3.79609, 36.83154 ], [ -3.79061, 36.82069 ], [ -3.75819, 36.82279 ], [ -3.7301, 36.81007 ], [ -3.71484, 36.80588 ], [ -3.70315, 36.79738 ], [ -3.68245, 36.80003 ], [ -3.66395, 36.80461 ], [ -3.66253, 36.81298 ], [ -3.6733, 36.82237 ], [ -3.69005, 36.81907 ], [ -3.70714, 36.83621 ], [ -3.72109, 36.83879 ], [ -3.71562, 36.85206 ], [ -3.72378, 36.86158 ], [ -3.72164, 36.86995 ] ] } },
{ "type": "Feature", "properties": { "CMUN": "18149", "NMUN": "Villa de Otura", "NPRO": "Granada", "CPRO": "18", "stroke": "#aaaaaa", "stroke-width": 0.7, "stroke-opacity": 0.45 }, "geometry": { "type": "LineString", "coordinates": [ [ -3.65067, 37.05536 ], [ -3.6098, 37.08874 ], [ -3.62222, 37.10706 ], [ -3.62311, 37.10813 ], [ -3.64616, 37.09948 ], [ -3.65973, 37.08569 ], [ -3.67632, 37.07654 ], [ -3.70005, 37.0345 ], [ -3.68182, 37.04048 ], [ -3.67365, 37.04957 ], [ -3.65067, 37.05536 ] ] } },
{ "type": "Feature", "properties": { "CMUN": "18150", "NMUN": "Padul", "NPRO": "Granada", "CPRO": "18", "stroke": "#aaaaaa", "stroke-width": 0.7, "stroke-opacity": 0.45 }, "geometry": { "type": "LineString", "coordinates": [ [ -3.60323, 37.0001 ], [ -3.60099, 37.00751 ], [ -3.57417, 37.02183 ], [ -3.57265, 37.0333 ], [ -3.56572, 37.04033 ], [ -3.582, 37.0438 ], [ -3.59367, 37.0396 ], [ -3.61982, 37.04549 ], [ -3.64858, 37.04944 ], [ -3.65067, 37.05536 ], [ -3.67365, 37.04957 ], [ -3.68182, 37.04048 ], [ -3.70005, 37.0345 ], [ -3.70972, 37.03541 ], [ -3.71891, 37.02751 ], [ -3.74635, 37.02456 ], [ -3.75164, 37.01652 ], [ -3.74878, 37.00784 ], [ -3.7615, 36.98396 ], [ -3.74402, 36.9731 ], [ -3.72276, 36.96921 ], [ -3.70987, 36.97824 ], [ -3.70435, 36.98765 ], [ -3.69206, 36.98826 ], [ -3.6854, 36.98229 ], [ -3.6721, 36.98068 ], [ -3.65802, 36.99453 ], [ -3.6403, 36.99794 ], [ -3.6284, 36.99292 ], [ -3.60424, 36.99435 ], [ -3.60323, 37.0001 ] ] } },
{ "type": "Feature", "properties": { "CMUN": "18151", "NMUN": "Pampaneira", "NPRO": "Granada", "CPRO": "18", "stroke": "#aaaaaa", "stroke-width": 0.7, "stroke-opacity": 0.45 }, "geometry": { "type": "LineString", "coordinates": [ [ -3.37999, 36.96473 ], [ -3.37797, 36.98493 ], [ -3.36842, 36.99291 ], [ -3.38273, 37.01121 ], [ -3.39041, 37.00973 ], [ -3.40631, 37.01604 ], [ -3.39211, 37.0031 ], [ -3.39653, 36.98156 ], [ -3.38083, 36.92376 ], [ -3.38012, 36.91737 ], [ -3.36818, 36.91266 ], [ -3.36818, 36.91266 ], [ -3.36915, 36.92518 ], [ -3.34999, 36.94045 ], [ -3.36375, 36.95284 ], [ -3.37752, 36.95273 ], [ -3.38138, 36.96415 ], [ -3.37999, 36.96473 ] ] } },
{ "type": "Feature", "properties": { "CMUN": "18152", "NMUN": "Pedro Martínez", "NPRO": "Granada", "CPRO": "18", "stroke": "#aaaaaa", "stroke-width": 0.7, "stroke-opacity": 0.45 }, "geometry": { "type": "LineString", "coordinates": [ [ -3.15957, 37.58789 ], [ -3.16515, 37.58062 ], [ -3.17858, 37.57439 ], [ -3.21527, 37.57281 ], [ -3.23975, 37.55147 ], [ -3.24811, 37.55209 ], [ -3.27145, 37.5452 ], [ -3.27288, 37.5363 ], [ -3.29532, 37.52124 ], [ -3.30247, 37.52587 ], [ -3.32347, 37.50715 ], [ -3.30645, 37.49609 ], [ -3.29659, 37.48567 ], [ -3.26086, 37.47791 ], [ -3.25521, 37.46227 ], [ -3.24651, 37.45218 ], [ -3.2682, 37.45586 ], [ -3.26407, 37.44064 ], [ -3.23928, 37.43899 ], [ -3.23461, 37.44628 ], [ -3.23127, 37.45229 ], [ -3.19552, 37.45576 ], [ -3.18198, 37.47276 ], [ -3.16345, 37.48685 ], [ -3.17062, 37.49817 ], [ -3.15959, 37.51036 ], [ -3.1552, 37.5228 ], [ -3.13493, 37.53424 ], [ -3.14087, 37.5458 ], [ -3.15286, 37.55773 ], [ -3.14961, 37.56521 ], [ -3.15684, 37.57793 ], [ -3.15957, 37.58789 ] ] } },
{ "type": "Feature", "properties": { "CMUN": "18153", "NMUN": "Peligros", "NPRO": "Granada", "CPRO": "18", "stroke": "#aaaaaa", "stroke-width": 0.7, "stroke-opacity": 0.45 }, "geometry": { "type": "LineString", "coordinates": [ [ -3.63862, 37.21937 ], [ -3.62555, 37.21823 ], [ -3.62478, 37.22933 ], [ -3.61473, 37.2342 ], [ -3.61229, 37.243 ], [ -3.6115, 37.24662 ], [ -3.62605, 37.26295 ], [ -3.64063, 37.26333 ], [ -3.64835, 37.23806 ], [ -3.63862, 37.21937 ] ] } },
{ "type": "Feature", "properties": { "CMUN": "18154", "NMUN": "Peza, La", "NPRO": "Granada", "CPRO": "18", "stroke": "#aaaaaa", "stroke-width": 0.7, "stroke-opacity": 0.45 }, "geometry": { "type": "LineString", "coordinates": [ [ -3.26631, 37.32287 ], [ -3.27469, 37.32694 ], [ -3.28549, 37.34082 ], [ -3.30244, 37.33932 ], [ -3.31292, 37.34415 ], [ -3.32166, 37.3566 ], [ -3.34545, 37.3535 ], [ -3.33768, 37.33343 ], [ -3.3118, 37.32732 ], [ -3.28718, 37.32381 ], [ -3.28924, 37.31223 ], [ -3.31507, 37.31166 ], [ -3.33367, 37.29901 ], [ -3.36833, 37.29862 ], [ -3.37503, 37.28463 ], [ -3.3776, 37.27494 ], [ -3.37085, 37.25008 ], [ -3.35858, 37.23691 ], [ -3.34226, 37.23807 ], [ -3.33922, 37.23032 ], [ -3.32061, 37.21655 ], [ -3.29918, 37.2095 ], [ -3.29937, 37.21608 ], [ -3.28649, 37.23103 ], [ -3.27259, 37.23888 ], [ -3.26827, 37.25542 ], [ -3.25906, 37.25386 ], [ -3.26057, 37.26957 ], [ -3.2523, 37.28293 ], [ -3.24769, 37.30981 ], [ -3.26424, 37.31571 ], [ -3.26631, 37.32287 ] ] } },
{ "type": "Feature", "properties": { "CMUN": "18157", "NMUN": "Pinos Genil", "NPRO": "Granada", "CPRO": "18", "stroke": "#aaaaaa", "stroke-width": 0.7, "stroke-opacity": 0.45 }, "geometry": { "type": "LineString", "coordinates": [ [ -3.5113, 37.18193 ], [ -3.5233, 37.16916 ], [ -3.53079, 37.16028 ], [ -3.51922, 37.14446 ], [ -3.49998, 37.13769 ], [ -3.49003, 37.13995 ], [ -3.47499, 37.16989 ], [ -3.49396, 37.16895 ], [ -3.5113, 37.18193 ] ] } },
{ "type": "Feature", "properties": { "CMUN": "18158", "NMUN": "Pinos Puente", "NPRO": "Granada", "CPRO": "18", "stroke": "#aaaaaa", "stroke-width": 0.7, "stroke-opacity": 0.45 }, "geometry": { "type": "LineString", "coordinates": [ [ -3.8342, 37.2008 ], [ -3.82251, 37.2093 ], [ -3.80772, 37.23209 ], [ -3.79197, 37.23805 ], [ -3.77273, 37.22903 ], [ -3.73913, 37.22257 ], [ -3.72418, 37.21649 ], [ -3.71298, 37.21109 ], [ -3.70528, 37.21407 ], [ -3.71099, 37.22659 ], [ -3.72196, 37.22213 ], [ -3.74053, 37.23313 ], [ -3.72659, 37.24747 ], [ -3.73433, 37.26621 ], [ -3.74839, 37.27166 ], [ -3.73735, 37.29243 ], [ -3.73945, 37.29608 ], [ -3.73492, 37.30771 ], [ -3.75527, 37.30492 ], [ -3.7645, 37.29462 ], [ -3.78272, 37.29306 ], [ -3.80998, 37.29504 ], [ -3.81335, 37.28606 ], [ -3.82725, 37.27903 ], [ -3.83973, 37.26176 ], [ -3.83398, 37.24986 ], [ -3.81722, 37.25301 ], [ -3.80937, 37.23271 ], [ -3.81728, 37.21932 ], [ -3.82418, 37.22096 ], [ -3.83741, 37.21254 ], [ -3.84788, 37.22871 ], [ -3.87209, 37.21481 ], [ -3.92424, 37.2066 ], [ -3.92568, 37.1983 ], [ -3.91307, 37.19494 ], [ -3.91215, 37.18258 ], [ -3.89599, 37.17223 ], [ -3.8973, 37.15919 ], [ -3.86956, 37.15654 ], [ -3.85849, 37.15798 ], [ -3.86011, 37.16827 ], [ -3.86527, 37.18825 ], [ -3.86545, 37.20076 ], [ -3.85592, 37.20308 ], [ -3.84784, 37.19793 ], [ -3.8342, 37.2008 ] ] } },
{ "type": "Feature", "properties": { "CMUN": "18159", "NMUN": "Píñar", "NPRO": "Granada", "CPRO": "18", "stroke": "#aaaaaa", "stroke-width": 0.7, "stroke-opacity": 0.45 }, "geometry": { "type": "LineString", "coordinates": [ [ -3.34281, 37.47683 ], [ -3.36455, 37.48686 ], [ -3.37675, 37.48552 ], [ -3.38501, 37.49247 ], [ -3.40011, 37.49023 ], [ -3.41634, 37.47723 ], [ -3.42673, 37.46424 ], [ -3.4355, 37.46958 ], [ -3.44816, 37.46119 ], [ -3.45885, 37.45961 ], [ -3.47006, 37.47268 ], [ -3.48006, 37.46792 ], [ -3.48036, 37.45227 ], [ -3.48776, 37.45274 ], [ -3.49144, 37.44187 ], [ -3.4878, 37.43462 ], [ -3.48961, 37.41393 ], [ -3.50195, 37.41186 ], [ -3.48734, 37.39994 ], [ -3.43705, 37.42246 ], [ -3.43564, 37.41463 ], [ -3.44089, 37.39985 ], [ -3.42565, 37.38192 ], [ -3.38343, 37.37045 ], [ -3.36654, 37.3747 ], [ -3.34395, 37.38397 ], [ -3.34093, 37.38723 ], [ -3.33287, 37.39427 ], [ -3.34885, 37.45456 ], [ -3.34169, 37.46383 ], [ -3.34281, 37.47683 ] ] } },
{ "type": "Feature", "properties": { "CMUN": "18161", "NMUN": "Polícar", "NPRO": "Granada", "CPRO": "18", "stroke": "#aaaaaa", "stroke-width": 0.7, "stroke-opacity": 0.45 }, "geometry": { "type": "LineString", "coordinates": [ [ -3.22262, 37.25739 ], [ -3.23644, 37.26239 ], [ -3.24811, 37.26063 ], [ -3.25117, 37.24342 ], [ -3.25051, 37.22761 ], [ -3.239, 37.23692 ], [ -3.2331, 37.24853 ], [ -3.22262, 37.25739 ] ] } },
{ "type": "Feature", "properties": { "CMUN": "18162", "NMUN": "Polopos", "NPRO": "Granada", "CPRO": "18", "stroke": "#aaaaaa", "stroke-width": 0.7, "stroke-opacity": 0.45 }, "geometry": { "type": "LineString", "coordinates": [ [ -3.30049, 36.81151 ], [ -3.31769, 36.82224 ], [ -3.32188, 36.82005 ], [ -3.32499, 36.80832 ], [ -3.32004, 36.79775 ], [ -3.31954, 36.75595 ], [ -3.30488, 36.73791 ], [ -3.27253, 36.74849 ], [ -3.28618, 36.79171 ], [ -3.28578, 36.8006 ], [ -3.30049, 36.81151 ] ] } },
{ "type": "Feature", "properties": { "CMUN": "18163", "NMUN": "Pórtugos", "NPRO": "Granada", "CPRO": "18", "stroke": "#aaaaaa", "stroke-width": 0.7, "stroke-opacity": 0.45 }, "geometry": { "type": "LineString", "coordinates": [ [ -3.2799, 36.99268 ], [ -3.30473, 37.01123 ], [ -3.31445, 36.99226 ], [ -3.32587, 36.98019 ], [ -3.32584, 36.95715 ], [ -3.32088, 36.9399 ], [ -3.30545, 36.93674 ], [ -3.28693, 36.96365 ], [ -3.28535, 36.97798 ], [ -3.29261, 36.98949 ], [ -3.2799, 36.99268 ] ] } },
{ "type": "Feature", "properties": { "CMUN": "18164", "NMUN": "Puebla de Don Fadrique", "NPRO": "Granada", "CPRO": "18", "stroke": "#aaaaaa", "stroke-width": 0.7, "stroke-opacity": 0.45 }, "geometry": { "type": "LineString", "coordinates": [ [ -2.2568, 37.88997 ], [ -2.25077, 37.89718 ], [ -2.20766, 37.91657 ], [ -2.23791, 37.9285 ], [ -2.25342, 37.93956 ], [ -2.25882, 37.94993 ], [ -2.28008, 37.96312 ], [ -2.29723, 37.98913 ], [ -2.29847, 38.00212 ], [ -2.32309, 38.01398 ], [ -2.34163, 38.026 ], [ -2.35858, 38.02249 ], [ -2.37307, 38.02328 ], [ -2.39285, 38.03086 ], [ -2.42341, 38.03371 ], [ -2.4317, 38.04316 ], [ -2.47164, 38.05638 ], [ -2.48177, 38.05526 ], [ -2.48254, 38.0492 ], [ -2.49496, 38.03703 ], [ -2.53038, 38.02365 ], [ -2.54527, 38.01419 ], [ -2.56138, 38.01592 ], [ -2.58123, 38.00045 ], [ -2.58593, 37.97793 ], [ -2.56815, 37.96332 ], [ -2.54933, 37.95896 ], [ -2.54868, 37.95187 ], [ -2.52493, 37.92797 ], [ -2.51505, 37.92767 ], [ -2.50109, 37.91264 ], [ -2.49359, 37.91919 ], [ -2.4841, 37.91804 ], [ -2.47792, 37.9065 ], [ -2.46445, 37.90058 ], [ -2.46117, 37.87903 ], [ -2.47188, 37.85596 ], [ -2.48715, 37.84251 ], [ -2.47472, 37.82166 ], [ -2.44429, 37.79339 ], [ -2.39045, 37.7893 ], [ -2.3667, 37.80173 ], [ -2.35631, 37.81431 ], [ -2.34326, 37.81788 ], [ -2.33058, 37.8276 ], [ -2.3018, 37.81023 ], [ -2.29356, 37.82812 ], [ -2.29627, 37.85977 ], [ -2.29494, 37.87632 ], [ -2.28851, 37.88514 ], [ -2.26568, 37.88092 ], [ -2.2568, 37.88997 ] ] } },
{ "type": "Feature", "properties": { "CMUN": "18165", "NMUN": "Pulianas", "NPRO": "Granada", "CPRO": "18", "stroke": "#aaaaaa", "stroke-width": 0.7, "stroke-opacity": 0.45 }, "geometry": { "type": "LineString", "coordinates": [ [ -3.62409, 37.21012 ], [ -3.60289, 37.21489 ], [ -3.59145, 37.22738 ], [ -3.59668, 37.23832 ], [ -3.60726, 37.23654 ], [ -3.61229, 37.243 ], [ -3.61473, 37.2342 ], [ -3.62478, 37.22933 ], [ -3.62555, 37.21823 ], [ -3.62409, 37.21012 ] ] } },
{ "type": "Feature", "properties": { "CMUN": "18167", "NMUN": "Purullena", "NPRO": "Granada", "CPRO": "18", "stroke": "#aaaaaa", "stroke-width": 0.7, "stroke-opacity": 0.45 }, "geometry": { "type": "LineString", "coordinates": [ [ -3.18414, 37.3615 ], [ -3.18429, 37.38418 ], [ -3.19561, 37.38224 ], [ -3.19213, 37.37507 ], [ -3.19627, 37.36188 ], [ -3.21109, 37.34455 ], [ -3.23801, 37.34394 ], [ -3.2484, 37.34105 ], [ -3.23303, 37.33079 ], [ -3.20735, 37.32721 ], [ -3.20105, 37.31019 ], [ -3.17519, 37.31675 ], [ -3.1787, 37.3295 ], [ -3.16953, 37.34108 ], [ -3.18519, 37.35435 ], [ -3.18414, 37.3615 ] ] } },
{ "type": "Feature", "properties": { "CMUN": "18168", "NMUN": "Quéntar", "NPRO": "Granada", "CPRO": "18", "stroke": "#aaaaaa", "stroke-width": 0.7, "stroke-opacity": 0.45 }, "geometry": { "type": "LineString", "coordinates": [ [ -3.33922, 37.23032 ], [ -3.34226, 37.23807 ], [ -3.35858, 37.23691 ], [ -3.37085, 37.25008 ], [ -3.3776, 37.27494 ], [ -3.37503, 37.28463 ], [ -3.38381, 37.28122 ], [ -3.4299, 37.27591 ], [ -3.43109, 37.26519 ], [ -3.43818, 37.24799 ], [ -3.44033, 37.23344 ], [ -3.45172, 37.22189 ], [ -3.47343, 37.21426 ], [ -3.4821, 37.202 ], [ -3.48095, 37.18964 ], [ -3.47065, 37.17314 ], [ -3.4516, 37.17955 ], [ -3.42213, 37.20459 ], [ -3.36717, 37.21761 ], [ -3.35216, 37.22913 ], [ -3.33922, 37.23032 ] ] } },
{ "type": "Feature", "properties": { "CMUN": "18170", "NMUN": "Rubite", "NPRO": "Granada", "CPRO": "18", "stroke": "#aaaaaa", "stroke-width": 0.7, "stroke-opacity": 0.45 }, "geometry": { "type": "LineString", "coordinates": [ [ -3.32188, 36.82005 ], [ -3.35063, 36.82098 ], [ -3.35551, 36.80609 ], [ -3.37253, 36.79115 ], [ -3.37349, 36.78437 ], [ -3.3632, 36.77128 ], [ -3.34334, 36.77333 ], [ -3.33997, 36.76539 ], [ -3.34424, 36.74761 ], [ -3.33839, 36.7384 ], [ -3.31763, 36.74179 ], [ -3.30488, 36.73791 ], [ -3.31954, 36.75595 ], [ -3.32004, 36.79775 ], [ -3.32499, 36.80832 ], [ -3.32188, 36.82005 ] ] } },
{ "type": "Feature", "properties": { "CMUN": "18171", "NMUN": "Salar", "NPRO": "Granada", "CPRO": "18", "stroke": "#aaaaaa", "stroke-width": 0.7, "stroke-opacity": 0.45 }, "geometry": { "type": "LineString", "coordinates": [ [ -3.96785, 37.1546 ], [ -3.97582, 37.16743 ], [ -3.98709, 37.16629 ], [ -3.98835, 37.17108 ], [ -4.00891, 37.18007 ], [ -4.03223, 37.17412 ], [ -4.05741, 37.17096 ], [ -4.06558, 37.16561 ], [ -4.0806, 37.18065 ], [ -4.09502, 37.17029 ], [ -4.10361, 37.15102 ], [ -4.10366, 37.14388 ], [ -4.09562, 37.13272 ], [ -4.09628, 37.11834 ], [ -4.07629, 37.09691 ], [ -4.0612, 37.08993 ], [ -4.02126, 37.10043 ], [ -4.01337, 37.09762 ], [ -3.99426, 37.11825 ], [ -3.98186, 37.12396 ], [ -3.97571, 37.14906 ], [ -3.96785, 37.1546 ] ] } },
{ "type": "Feature", "properties": { "CMUN": "18173", "NMUN": "Salobreña", "NPRO": "Granada", "CPRO": "18", "stroke": "#aaaaaa", "stroke-width": 0.7, "stroke-opacity": 0.45 }, "geometry": { "type": "LineString", "coordinates": [ [ -3.56705, 36.71903 ], [ -3.56191, 36.72776 ], [ -3.56461, 36.75877 ], [ -3.56051, 36.76906 ], [ -3.54736, 36.77636 ], [ -3.54243, 36.79186 ], [ -3.54382, 36.81118 ], [ -3.54707, 36.80631 ], [ -3.5657, 36.80113 ], [ -3.57178, 36.78721 ], [ -3.57826, 36.78775 ], [ -3.58146, 36.77477 ], [ -3.60701, 36.77493 ], [ -3.61927, 36.77169 ], [ -3.6305, 36.76272 ], [ -3.63559, 36.74829 ], [ -3.63805, 36.7424 ], [ -3.6222, 36.74123 ], [ -3.60208, 36.74449 ], [ -3.57957, 36.72316 ], [ -3.56705, 36.71903 ] ] } },
{ "type": "Feature", "properties": { "CMUN": "18174", "NMUN": "Santa Cruz del Comercio", "NPRO": "Granada", "CPRO": "18", "stroke": "#aaaaaa", "stroke-width": 0.7, "stroke-opacity": 0.45 }, "geometry": { "type": "LineString", "coordinates": [ [ -3.98736, 37.08008 ], [ -4.00666, 37.07265 ], [ -4.00292, 37.05904 ], [ -3.98798, 37.04561 ], [ -3.97516, 37.04984 ], [ -3.94434, 37.05021 ], [ -3.94298, 37.06708 ], [ -3.95392, 37.07804 ], [ -3.96774, 37.07509 ], [ -3.9759, 37.0859 ], [ -3.98736, 37.08008 ] ] } },
{ "type": "Feature", "properties": { "CMUN": "18175", "NMUN": "Santa Fe", "NPRO": "Granada", "CPRO": "18", "stroke": "#aaaaaa", "stroke-width": 0.7, "stroke-opacity": 0.45 }, "geometry": { "type": "LineString", "coordinates": [ [ -3.74766, 37.1346 ], [ -3.73963, 37.1491 ], [ -3.71951, 37.17098 ], [ -3.70738, 37.17302 ], [ -3.6988, 37.18826 ], [ -3.69851, 37.2024 ], [ -3.71298, 37.21109 ], [ -3.72418, 37.21649 ], [ -3.74735, 37.2161 ], [ -3.7547, 37.21034 ], [ -3.76776, 37.19803 ], [ -3.77414, 37.17204 ], [ -3.77087, 37.16709 ], [ -3.77806, 37.15174 ], [ -3.75653, 37.14669 ], [ -3.74766, 37.1346 ] ] } },
{ "type": "Feature", "properties": { "CMUN": "18176", "NMUN": "Soportújar", "NPRO": "Granada", "CPRO": "18", "stroke": "#aaaaaa", "stroke-width": 0.7, "stroke-opacity": 0.45 }, "geometry": { "type": "LineString", "coordinates": [ [ -3.38083, 36.92376 ], [ -3.39653, 36.98156 ], [ -3.39211, 37.0031 ], [ -3.40631, 37.01604 ], [ -3.39729, 37.00091 ], [ -3.40196, 36.99706 ], [ -3.41212, 36.95394 ], [ -3.41302, 36.93531 ], [ -3.40813, 36.92567 ], [ -3.38083, 36.92376 ] ] } },
{ "type": "Feature", "properties": { "CMUN": "18177", "NMUN": "Sorvilán", "NPRO": "Granada", "CPRO": "18", "stroke": "#aaaaaa", "stroke-width": 0.7, "stroke-opacity": 0.45 }, "geometry": { "type": "LineString", "coordinates": [ [ -3.23892, 36.82196 ], [ -3.26286, 36.81661 ], [ -3.2745, 36.82485 ], [ -3.28811, 36.82904 ], [ -3.29545, 36.82442 ], [ -3.30049, 36.81151 ], [ -3.28578, 36.8006 ], [ -3.28618, 36.79171 ], [ -3.27253, 36.74849 ], [ -3.24445, 36.75448 ], [ -3.23335, 36.7501 ], [ -3.23744, 36.76975 ], [ -3.23411, 36.78609 ], [ -3.24126, 36.8094 ], [ -3.23456, 36.81418 ], [ -3.23892, 36.82196 ] ] } },
{ "type": "Feature", "properties": { "CMUN": "18178", "NMUN": "Torre-Cardela", "NPRO": "Granada", "CPRO": "18", "stroke": "#aaaaaa", "stroke-width": 0.7, "stroke-opacity": 0.45 }, "geometry": { "type": "LineString", "coordinates": [ [ -3.32347, 37.50715 ], [ -3.33364, 37.51411 ], [ -3.34382, 37.5108 ], [ -3.35394, 37.51566 ], [ -3.36183, 37.51078 ], [ -3.37507, 37.51095 ], [ -3.37451, 37.50338 ], [ -3.39735, 37.50484 ], [ -3.40011, 37.49023 ], [ -3.38501, 37.49247 ], [ -3.37675, 37.48552 ], [ -3.36455, 37.48686 ], [ -3.34281, 37.47683 ], [ -3.33901, 37.49569 ], [ -3.32347, 37.50715 ] ] } },
{ "type": "Feature", "properties": { "CMUN": "18179", "NMUN": "Torvizcón", "NPRO": "Granada", "CPRO": "18", "stroke": "#aaaaaa", "stroke-width": 0.7, "stroke-opacity": 0.45 }, "geometry": { "type": "LineString", "coordinates": [ [ -3.24384, 36.87941 ], [ -3.25831, 36.87458 ], [ -3.28131, 36.8799 ], [ -3.30163, 36.89368 ], [ -3.33475, 36.88606 ], [ -3.3483, 36.88873 ], [ -3.33892, 36.88564 ], [ -3.32983, 36.87078 ], [ -3.3147, 36.86118 ], [ -3.31062, 36.85395 ], [ -3.31654, 36.84216 ], [ -3.31769, 36.82224 ], [ -3.30049, 36.81151 ], [ -3.29545, 36.82442 ], [ -3.28811, 36.82904 ], [ -3.2745, 36.82485 ], [ -3.26286, 36.81661 ], [ -3.23892, 36.82196 ], [ -3.23211, 36.82929 ], [ -3.24223, 36.84731 ], [ -3.23036, 36.87194 ], [ -3.24384, 36.87941 ] ] } },
{ "type": "Feature", "properties": { "CMUN": "18180", "NMUN": "Trevélez", "NPRO": "Granada", "CPRO": "18", "stroke": "#aaaaaa", "stroke-width": 0.7, "stroke-opacity": 0.45 }, "geometry": { "type": "LineString", "coordinates": [ [ -3.20039, 37.0905 ], [ -3.2231, 37.09689 ], [ -3.2447, 37.11407 ], [ -3.25774, 37.11469 ], [ -3.27064, 37.11435 ], [ -3.27861, 37.1012 ], [ -3.28631, 37.09742 ], [ -3.2887, 37.08069 ], [ -3.30226, 37.06718 ], [ -3.31156, 37.05338 ], [ -3.31203, 37.04442 ], [ -3.29945, 37.03418 ], [ -3.30473, 37.01123 ], [ -3.2799, 36.99268 ], [ -3.27092, 36.98018 ], [ -3.2495, 36.97717 ], [ -3.2377, 36.99473 ], [ -3.23759, 37.00285 ], [ -3.22269, 37.0336 ], [ -3.22281, 37.04855 ], [ -3.21194, 37.07767 ], [ -3.20039, 37.0905 ] ] } },
{ "type": "Feature", "properties": { "CMUN": "18181", "NMUN": "Turón", "NPRO": "Granada", "CPRO": "18", "stroke": "#aaaaaa", "stroke-width": 0.7, "stroke-opacity": 0.45 }, "geometry": { "type": "LineString", "coordinates": [ [ -3.06076, 36.89214 ], [ -3.07533, 36.89302 ], [ -3.07641, 36.88572 ], [ -3.08754, 36.87174 ], [ -3.09745, 36.87457 ], [ -3.10337, 36.86138 ], [ -3.12147, 36.86156 ], [ -3.12129, 36.84725 ], [ -3.12724, 36.834 ], [ -3.12294, 36.81455 ], [ -3.12996, 36.81139 ], [ -3.14146, 36.79079 ], [ -3.14019, 36.78778 ], [ -3.09268, 36.80977 ], [ -3.07395, 36.82468 ], [ -3.04329, 36.8317 ], [ -3.02901, 36.84444 ], [ -3.03208, 36.86094 ], [ -3.04327, 36.87912 ], [ -3.05664, 36.88506 ], [ -3.06076, 36.89214 ] ] } },
{ "type": "Feature", "properties": { "CMUN": "18182", "NMUN": "Ugíjar", "NPRO": "Granada", "CPRO": "18", "stroke": "#aaaaaa", "stroke-width": 0.7, "stroke-opacity": 0.45 }, "geometry": { "type": "LineString", "coordinates": [ [ -3.07193, 36.91929 ], [ -3.06452, 36.9117 ], [ -3.05586, 36.91184 ], [ -3.04589, 36.91987 ], [ -3.03132, 36.92458 ], [ -3.03221, 36.94229 ], [ -3.02219, 36.95408 ], [ -2.9905, 36.95818 ], [ -2.98615, 36.96824 ], [ -3.00887, 36.97947 ], [ -3.01317, 36.99441 ], [ -3.03419, 36.98554 ], [ -3.05495, 36.98916 ], [ -3.09717, 36.95954 ], [ -3.10832, 36.9487 ], [ -3.13585, 36.93363 ], [ -3.15466, 36.93332 ], [ -3.15409, 36.9186 ], [ -3.14827, 36.90553 ], [ -3.10243, 36.91444 ], [ -3.08366, 36.92578 ], [ -3.07193, 36.91929 ] ] } },
{ "type": "Feature", "properties": { "CMUN": "18183", "NMUN": "Válor", "NPRO": "Granada", "CPRO": "18", "stroke": "#aaaaaa", "stroke-width": 0.7, "stroke-opacity": 0.45 }, "geometry": { "type": "LineString", "coordinates": [ [ -3.1011, 37.10105 ], [ -3.11404, 37.09462 ], [ -3.1203, 37.09192 ], [ -3.1198, 37.04936 ], [ -3.12471, 37.03428 ], [ -3.12889, 37.0095 ], [ -3.12754, 37.0021 ], [ -3.10769, 36.98515 ], [ -3.09748, 36.96673 ], [ -3.09717, 36.95954 ], [ -3.05495, 36.98916 ], [ -3.05627, 37.01187 ], [ -3.07074, 37.04319 ], [ -3.09356, 37.07625 ], [ -3.09706, 37.0957 ], [ -3.1011, 37.10105 ] ] } },
{ "type": "Feature", "properties": { "CMUN": "18184", "NMUN": "Vélez de Benaudalla", "NPRO": "Granada", "CPRO": "18", "stroke": "#aaaaaa", "stroke-width": 0.7, "stroke-opacity": 0.45 }, "geometry": { "type": "LineString", "coordinates": [ [ -3.42845, 36.78635 ], [ -3.42371, 36.80549 ], [ -3.41783, 36.81667 ], [ -3.43301, 36.8147 ], [ -3.44048, 36.82554 ], [ -3.47124, 36.85208 ], [ -3.49036, 36.86488 ], [ -3.48463, 36.87408 ], [ -3.49912, 36.87155 ], [ -3.50821, 36.8742 ], [ -3.52424, 36.87002 ], [ -3.53697, 36.87147 ], [ -3.53222, 36.86015 ], [ -3.53719, 36.84328 ], [ -3.53543, 36.82115 ], [ -3.54382, 36.81118 ], [ -3.54243, 36.79186 ], [ -3.53458, 36.78603 ], [ -3.51435, 36.77821 ], [ -3.48835, 36.78463 ], [ -3.47027, 36.7816 ], [ -3.44806, 36.78176 ], [ -3.42845, 36.78635 ] ] } },
{ "type": "Feature", "properties": { "CMUN": "18185", "NMUN": "Ventas de Huelma", "NPRO": "Granada", "CPRO": "18", "stroke": "#aaaaaa", "stroke-width": 0.7, "stroke-opacity": 0.45 }, "geometry": { "type": "LineString", "coordinates": [ [ -3.78008, 37.0948 ], [ -3.78888, 37.10377 ], [ -3.82052, 37.08859 ], [ -3.83281, 37.09682 ], [ -3.84573, 37.09821 ], [ -3.8619, 37.08458 ], [ -3.86212, 37.07509 ], [ -3.88488, 37.06965 ], [ -3.88158, 37.05661 ], [ -3.8749, 37.04875 ], [ -3.87369, 37.03441 ], [ -3.86222, 37.04212 ], [ -3.85186, 37.04138 ], [ -3.84622, 37.03212 ], [ -3.82869, 37.03658 ], [ -3.80888, 37.04938 ], [ -3.80538, 37.07318 ], [ -3.77819, 37.08147 ], [ -3.77923, 37.09136 ], [ -3.78008, 37.0948 ] ] } },
{ "type": "Feature", "properties": { "CMUN": "18187", "NMUN": "Villanueva de las Torres", "NPRO": "Granada", "CPRO": "18", "stroke": "#aaaaaa", "stroke-width": 0.7, "stroke-opacity": 0.45 }, "geometry": { "type": "LineString", "coordinates": [ [ -3.06328, 37.57957 ], [ -3.07219, 37.56128 ], [ -3.0869, 37.56083 ], [ -3.10424, 37.56944 ], [ -3.11088, 37.56628 ], [ -3.15684, 37.57793 ], [ -3.14961, 37.56521 ], [ -3.15286, 37.55773 ], [ -3.14087, 37.5458 ], [ -3.13493, 37.53424 ], [ -3.1552, 37.5228 ], [ -3.15959, 37.51036 ], [ -3.17062, 37.49817 ], [ -3.16345, 37.48685 ], [ -3.1502, 37.49017 ], [ -3.14118, 37.4869 ], [ -3.13854, 37.47169 ], [ -3.12619, 37.46499 ], [ -3.11289, 37.47745 ], [ -3.11851, 37.48502 ], [ -3.10747, 37.50368 ], [ -3.09984, 37.5065 ], [ -3.1039, 37.51662 ], [ -3.08879, 37.52402 ], [ -3.0608, 37.52028 ], [ -3.05664, 37.52781 ], [ -3.05328, 37.55513 ], [ -3.03796, 37.56887 ], [ -3.05566, 37.57392 ], [ -3.06328, 37.57957 ] ] } },
{ "type": "Feature", "properties": { "CMUN": "18188", "NMUN": "Villanueva Mesía", "NPRO": "Granada", "CPRO": "18", "stroke": "#aaaaaa", "stroke-width": 0.7, "stroke-opacity": 0.45 }, "geometry": { "type": "LineString", "coordinates": [ [ -4.01748, 37.21223 ], [ -3.98583, 37.20972 ], [ -3.99641, 37.21471 ], [ -3.98778, 37.22667 ], [ -3.99082, 37.24959 ], [ -4.01566, 37.2416 ], [ -4.03369, 37.24215 ], [ -4.02523, 37.22885 ], [ -4.01748, 37.21223 ] ] } },
{ "type": "Feature", "properties": { "CMUN": "18189", "NMUN": "Víznar", "NPRO": "Granada", "CPRO": "18", "stroke": "#aaaaaa", "stroke-width": 0.7, "stroke-opacity": 0.45 }, "geometry": { "type": "LineString", "coordinates": [ [ -3.53394, 37.21697 ], [ -3.53506, 37.22328 ], [ -3.52336, 37.23688 ], [ -3.50702, 37.25095 ], [ -3.50752, 37.26351 ], [ -3.53954, 37.25251 ], [ -3.55092, 37.23732 ], [ -3.56258, 37.23388 ], [ -3.57109, 37.21839 ], [ -3.57686, 37.2104 ], [ -3.56784, 37.2096 ], [ -3.55638, 37.22469 ], [ -3.53394, 37.21697 ] ] } },
{ "type": "Feature", "properties": { "CMUN": "18192", "NMUN": "Zafarraya", "NPRO": "Granada", "CPRO": "18", "stroke": "#aaaaaa", "stroke-width": 0.7, "stroke-opacity": 0.45 }, "geometry": { "type": "LineString", "coordinates": [ [ -4.13895, 36.95225 ], [ -4.13346, 36.95921 ], [ -4.10942, 36.97348 ], [ -4.09087, 36.97897 ], [ -4.08984, 36.98352 ], [ -4.11271, 36.99688 ], [ -4.12646, 37.0009 ], [ -4.13514, 37.01436 ], [ -4.15003, 37.0242 ], [ -4.17037, 37.02924 ], [ -4.18271, 37.02864 ], [ -4.19124, 37.02495 ], [ -4.20572, 37.02663 ], [ -4.22335, 37.01234 ], [ -4.21542, 36.99177 ], [ -4.19309, 36.98045 ], [ -4.16664, 36.95708 ], [ -4.13895, 36.95225 ] ] } },
{ "type": "Feature", "properties": { "CMUN": "18193", "NMUN": "Zubia, La", "NPRO": "Granada", "CPRO": "18", "stroke": "#aaaaaa", "stroke-width": 0.7, "stroke-opacity": 0.45 }, "geometry": { "type": "LineString", "coordinates": [ [ -3.60012, 37.11665 ], [ -3.58727, 37.09958 ], [ -3.57435, 37.096 ], [ -3.57414, 37.09598 ], [ -3.54506, 37.07601 ], [ -3.53242, 37.08174 ], [ -3.53596, 37.09281 ], [ -3.5538, 37.11318 ], [ -3.56755, 37.12221 ], [ -3.56797, 37.12251 ], [ -3.58163, 37.13506 ], [ -3.57842, 37.14082 ], [ -3.6088, 37.13827 ], [ -3.59959, 37.12747 ], [ -3.60012, 37.11665 ] ] } },
{ "type": "Feature", "properties": { "CMUN": "18194", "NMUN": "Zújar", "NPRO": "Granada", "CPRO": "18", "stroke": "#aaaaaa", "stroke-width": 0.7, "stroke-opacity": 0.45 }, "geometry": { "type": "LineString", "coordinates": [ [ -2.90703, 37.56785 ], [ -2.89303, 37.55969 ], [ -2.89349, 37.5424 ], [ -2.88768, 37.52208 ], [ -2.8781, 37.50126 ], [ -2.86632, 37.49437 ], [ -2.84587, 37.49737 ], [ -2.81967, 37.50556 ], [ -2.80085, 37.52605 ], [ -2.80819, 37.53938 ], [ -2.80584, 37.55049 ], [ -2.79825, 37.56222 ], [ -2.7953, 37.58341 ], [ -2.80285, 37.58882 ], [ -2.82121, 37.61075 ], [ -2.82995, 37.64457 ], [ -2.85483, 37.66747 ], [ -2.86229, 37.6827 ], [ -2.87504, 37.68838 ], [ -2.88404, 37.68132 ], [ -2.88842, 37.67649 ], [ -2.87404, 37.65986 ], [ -2.86654, 37.64199 ], [ -2.87247, 37.62934 ], [ -2.8349, 37.59638 ], [ -2.84086, 37.58106 ], [ -2.86036, 37.58297 ], [ -2.86866, 37.57837 ], [ -2.88522, 37.57827 ], [ -2.88755, 37.57209 ], [ -2.90255, 37.57227 ], [ -2.90703, 37.56785 ] ] } },
{ "type": "Feature", "properties": { "CMUN": "18901", "NMUN": "Taha, La", "NPRO": "Granada", "CPRO": "18", "stroke": "#aaaaaa", "stroke-width": 0.7, "stroke-opacity": 0.45 }, "geometry": { "type": "LineString", "coordinates": [ [ -3.29552, 36.92444 ], [ -3.30545, 36.93674 ], [ -3.32088, 36.9399 ], [ -3.32584, 36.95715 ], [ -3.32587, 36.98019 ], [ -3.33281, 36.97593 ], [ -3.33178, 36.95563 ], [ -3.34999, 36.94045 ], [ -3.36915, 36.92518 ], [ -3.36818, 36.91266 ], [ -3.35187, 36.90873 ], [ -3.3483, 36.88873 ], [ -3.33475, 36.88606 ], [ -3.3292, 36.89281 ], [ -3.32574, 36.91243 ], [ -3.31449, 36.91835 ], [ -3.29944, 36.91929 ], [ -3.29552, 36.92444 ] ] } },
{ "type": "Feature", "properties": { "CMUN": "18902", "NMUN": "Valle, El", "NPRO": "Granada", "CPRO": "18", "stroke": "#aaaaaa", "stroke-width": 0.7, "stroke-opacity": 0.45 }, "geometry": { "type": "LineString", "coordinates": [ [ -3.59433, 36.95339 ], [ -3.61131, 36.96299 ], [ -3.63686, 36.96493 ], [ -3.6306, 36.95192 ], [ -3.62021, 36.94903 ], [ -3.60696, 36.93537 ], [ -3.60846, 36.9189 ], [ -3.60491, 36.90217 ], [ -3.61181, 36.89174 ], [ -3.61031, 36.88719 ], [ -3.59341, 36.88344 ], [ -3.58952, 36.89925 ], [ -3.57625, 36.90267 ], [ -3.56372, 36.92192 ], [ -3.56629, 36.92718 ], [ -3.56239, 36.94299 ], [ -3.57402, 36.93963 ], [ -3.59433, 36.95339 ] ] } },
{ "type": "Feature", "properties": { "CMUN": "18903", "NMUN": "Nevada", "NPRO": "Granada", "CPRO": "18", "stroke": "#aaaaaa", "stroke-width": 0.7, "stroke-opacity": 0.45 }, "geometry": { "type": "LineString", "coordinates": [ [ -2.97849, 36.99266 ], [ -2.98251, 37.00597 ], [ -2.99894, 37.01222 ], [ -3.0055, 37.02294 ], [ -3.00771, 37.03892 ], [ -3.01623, 37.05221 ], [ -3.01776, 37.07064 ], [ -3.02393, 37.08442 ], [ -3.02198, 37.09891 ], [ -3.02958, 37.11325 ], [ -3.04128, 37.10173 ], [ -3.05348, 37.09275 ], [ -3.07493, 37.09095 ], [ -3.1011, 37.10105 ], [ -3.09706, 37.0957 ], [ -3.09356, 37.07625 ], [ -3.07074, 37.04319 ], [ -3.05627, 37.01187 ], [ -3.05495, 36.98916 ], [ -3.03419, 36.98554 ], [ -3.01317, 36.99441 ], [ -3.00887, 36.97947 ], [ -2.98615, 36.96824 ], [ -2.97842, 36.97385 ], [ -2.97849, 36.99266 ] ] } },
{ "type": "Feature", "properties": { "CMUN": "18904", "NMUN": "Alpujarra de la Sierra", "NPRO": "Granada", "CPRO": "18", "stroke": "#aaaaaa", "stroke-width": 0.7, "stroke-opacity": 0.45 }, "geometry": { "type": "LineString", "coordinates": [ [ -3.1203, 37.09192 ], [ -3.1338, 37.09653 ], [ -3.15963, 37.09215 ], [ -3.16206, 37.06808 ], [ -3.16661, 37.05983 ], [ -3.16713, 37.03541 ], [ -3.17188, 37.01856 ], [ -3.17906, 37.00837 ], [ -3.17403, 36.99187 ], [ -3.17385, 36.97375 ], [ -3.15661, 36.95287 ], [ -3.14527, 36.96311 ], [ -3.1338, 36.96226 ], [ -3.12607, 36.96903 ], [ -3.11816, 36.96391 ], [ -3.10832, 36.9487 ], [ -3.09717, 36.95954 ], [ -3.09748, 36.96673 ], [ -3.10769, 36.98515 ], [ -3.12754, 37.0021 ], [ -3.12889, 37.0095 ], [ -3.12471, 37.03428 ], [ -3.1198, 37.04936 ], [ -3.1203, 37.09192 ] ] } },
{ "type": "Feature", "properties": { "CMUN": "18905", "NMUN": "Gabias, Las", "NPRO": "Granada", "CPRO": "18", "stroke": "#aaaaaa", "stroke-width": 0.7, "stroke-opacity": 0.45 }, "geometry": { "type": "LineString", "coordinates": [ [ -3.68738, 37.10904 ], [ -3.6688, 37.10906 ], [ -3.65952, 37.11972 ], [ -3.64557, 37.12035 ], [ -3.63761, 37.12817 ], [ -3.64681, 37.14074 ], [ -3.65796, 37.14852 ], [ -3.6864, 37.15918 ], [ -3.69489, 37.15519 ], [ -3.70417, 37.15942 ], [ -3.7136, 37.15379 ], [ -3.73963, 37.1491 ], [ -3.74766, 37.1346 ], [ -3.75702, 37.11805 ], [ -3.72778, 37.11806 ], [ -3.71026, 37.11114 ], [ -3.70045, 37.11324 ], [ -3.68738, 37.10904 ] ] } },
{ "type": "Feature", "properties": { "CMUN": "18906", "NMUN": "Guájares, Los", "NPRO": "Granada", "CPRO": "18", "stroke": "#aaaaaa", "stroke-width": 0.7, "stroke-opacity": 0.45 }, "geometry": { "type": "LineString", "coordinates": [ [ -3.61181, 36.89174 ], [ -3.63621, 36.89629 ], [ -3.66002, 36.89775 ], [ -3.68133, 36.88586 ], [ -3.68042, 36.87092 ], [ -3.65566, 36.84046 ], [ -3.65308, 36.82659 ], [ -3.64195, 36.82473 ], [ -3.6275, 36.82757 ], [ -3.61496, 36.81961 ], [ -3.60243, 36.81791 ], [ -3.58837, 36.80953 ], [ -3.57294, 36.80731 ], [ -3.5657, 36.80113 ], [ -3.54707, 36.80631 ], [ -3.54382, 36.81118 ], [ -3.53543, 36.82115 ], [ -3.53719, 36.84328 ], [ -3.53222, 36.86015 ], [ -3.53697, 36.87147 ], [ -3.54715, 36.87664 ], [ -3.55315, 36.87096 ], [ -3.58403, 36.87661 ], [ -3.59341, 36.88344 ], [ -3.61031, 36.88719 ], [ -3.61181, 36.89174 ] ] } },
{ "type": "Feature", "properties": { "CMUN": "18907", "NMUN": "Valle del Zalabí", "NPRO": "Granada", "CPRO": "18", "stroke": "#aaaaaa", "stroke-width": 0.7, "stroke-opacity": 0.45 }, "geometry": { "type": "LineString", "coordinates": [ [ -3.11302, 37.22447 ], [ -3.10389, 37.24074 ], [ -3.09465, 37.24275 ], [ -3.08667, 37.24243 ], [ -3.07298, 37.24591 ], [ -3.05409, 37.25765 ], [ -3.02906, 37.26292 ], [ -3.01843, 37.27468 ], [ -3.00287, 37.27639 ], [ -2.98044, 37.27179 ], [ -2.9768, 37.27176 ], [ -2.96171, 37.272 ], [ -2.95613, 37.26796 ], [ -2.94481, 37.27518 ], [ -2.92673, 37.26774 ], [ -2.92698, 37.26132 ], [ -2.90452, 37.26448 ], [ -2.89224, 37.28104 ], [ -2.87211, 37.29253 ], [ -2.86729, 37.30336 ], [ -2.89539, 37.31195 ], [ -2.91667, 37.3232 ], [ -2.94949, 37.31643 ], [ -2.96281, 37.32396 ], [ -2.98315, 37.32425 ], [ -2.99866, 37.3214 ], [ -3.03408, 37.30226 ], [ -3.0535, 37.299 ], [ -3.07006, 37.29082 ], [ -3.0772, 37.29092 ], [ -3.09263, 37.27861 ], [ -3.11402, 37.27664 ], [ -3.12681, 37.27225 ], [ -3.1244, 37.26608 ], [ -3.1337, 37.25041 ], [ -3.12571, 37.23607 ], [ -3.11953, 37.23299 ], [ -3.11607, 37.22638 ], [ -3.11302, 37.22447 ] ] } },
{ "type": "Feature", "properties": { "CMUN": "18908", "NMUN": "Villamena", "NPRO": "Granada", "CPRO": "18", "stroke": "#aaaaaa", "stroke-width": 0.7, "stroke-opacity": 0.45 }, "geometry": { "type": "LineString", "coordinates": [ [ -3.57348, 36.96497 ], [ -3.58518, 36.97298 ], [ -3.58697, 36.98262 ], [ -3.58119, 36.99167 ], [ -3.58653, 36.99729 ], [ -3.60323, 37.0001 ], [ -3.60424, 36.99435 ], [ -3.6284, 36.99292 ], [ -3.63821, 36.9792 ], [ -3.63686, 36.96493 ], [ -3.61131, 36.96299 ], [ -3.59433, 36.95339 ], [ -3.58077, 36.94966 ], [ -3.57223, 36.96309 ], [ -3.57348, 36.96497 ] ] } },
{ "type": "Feature", "properties": { "CMUN": "18909", "NMUN": "Morelábor", "NPRO": "Granada", "CPRO": "18", "stroke": "#aaaaaa", "stroke-width": 0.7, "stroke-opacity": 0.45 }, "geometry": { "type": "LineString", "coordinates": [ [ -3.2682, 37.45586 ], [ -3.29554, 37.47205 ], [ -3.30538, 37.46456 ], [ -3.32964, 37.46191 ], [ -3.34169, 37.46383 ], [ -3.34885, 37.45456 ], [ -3.33287, 37.39427 ], [ -3.34093, 37.38723 ], [ -3.3246, 37.38135 ], [ -3.32273, 37.38885 ], [ -3.31575, 37.39734 ], [ -3.30698, 37.41601 ], [ -3.29992, 37.42171 ], [ -3.28921, 37.42052 ], [ -3.284, 37.43677 ], [ -3.2659, 37.43571 ], [ -3.26407, 37.44064 ], [ -3.2682, 37.45586 ] ] } },
{ "type": "Feature", "properties": { "CMUN": "18910", "NMUN": "Pinar, El", "NPRO": "Granada", "CPRO": "18", "stroke": "#aaaaaa", "stroke-width": 0.7, "stroke-opacity": 0.45 }, "geometry": { "type": "LineString", "coordinates": [ [ -3.50869, 36.93228 ], [ -3.52511, 36.93429 ], [ -3.52701, 36.913 ], [ -3.53587, 36.90781 ], [ -3.54658, 36.92015 ], [ -3.56372, 36.92192 ], [ -3.57625, 36.90267 ], [ -3.58952, 36.89925 ], [ -3.59341, 36.88344 ], [ -3.58403, 36.87661 ], [ -3.55315, 36.87096 ], [ -3.54715, 36.87664 ], [ -3.53697, 36.87147 ], [ -3.52424, 36.87002 ], [ -3.50821, 36.8742 ], [ -3.49912, 36.87155 ], [ -3.48463, 36.87408 ], [ -3.48463, 36.87408 ], [ -3.50534, 36.89621 ], [ -3.52473, 36.90064 ], [ -3.50837, 36.92258 ], [ -3.50869, 36.93228 ] ] } },
{ "type": "Feature", "properties": { "CMUN": "18911", "NMUN": "Vegas del Genil", "NPRO": "Granada", "CPRO": "18", "stroke": "#aaaaaa", "stroke-width": 0.7, "stroke-opacity": 0.45 }, "geometry": { "type": "LineString", "coordinates": [ [ -3.70417, 37.15942 ], [ -3.67802, 37.16583 ], [ -3.66032, 37.16299 ], [ -3.65497, 37.16473 ], [ -3.65307, 37.17453 ], [ -3.67272, 37.18365 ], [ -3.68114, 37.18189 ], [ -3.6988, 37.18826 ], [ -3.70738, 37.17302 ], [ -3.71951, 37.17098 ], [ -3.73963, 37.1491 ], [ -3.7136, 37.15379 ], [ -3.70417, 37.15942 ] ] } },
{ "type": "Feature", "properties": { "CMUN": "18912", "NMUN": "Cuevas del Campo", "NPRO": "Granada", "CPRO": "18", "stroke": "#aaaaaa", "stroke-width": 0.7, "stroke-opacity": 0.45 }, "geometry": { "type": "LineString", "coordinates": [ [ -2.90703, 37.56785 ], [ -2.90255, 37.57227 ], [ -2.88755, 37.57209 ], [ -2.88522, 37.57827 ], [ -2.86866, 37.57837 ], [ -2.86036, 37.58297 ], [ -2.84086, 37.58106 ], [ -2.8349, 37.59638 ], [ -2.87247, 37.62934 ], [ -2.86654, 37.64199 ], [ -2.87404, 37.65986 ], [ -2.88842, 37.67649 ], [ -2.9022, 37.66571 ], [ -2.9196, 37.65962 ], [ -2.97605, 37.63267 ], [ -2.97518, 37.62039 ], [ -2.98285, 37.61336 ], [ -2.97818, 37.60275 ], [ -2.97476, 37.59062 ], [ -2.96279, 37.58116 ], [ -2.94702, 37.55931 ], [ -2.93808, 37.57032 ], [ -2.92185, 37.5667 ], [ -2.90703, 37.56785 ] ] } },
{ "type": "Feature", "properties": { "CMUN": "18913", "NMUN": "Zagra", "NPRO": "Granada", "CPRO": "18", "stroke": "#aaaaaa", "stroke-width": 0.7, "stroke-opacity": 0.45 }, "geometry": { "type": "LineString", "coordinates": [ [ -4.16751, 37.27419 ], [ -4.19839, 37.25704 ], [ -4.19379, 37.24399 ], [ -4.1714, 37.23203 ], [ -4.15826, 37.24434 ], [ -4.15458, 37.264 ], [ -4.16751, 37.27419 ] ] } },
{ "type": "Feature", "properties": { "CMUN": "18914", "NMUN": "Valderrubio", "NPRO": "Granada", "CPRO": "18", "stroke": "#aaaaaa", "stroke-width": 0.7, "stroke-opacity": 0.45 }, "geometry": { "type": "LineString", "coordinates": [ [ -3.82418, 37.22096 ], [ -3.81728, 37.21932 ], [ -3.80937, 37.23271 ], [ -3.81722, 37.25301 ], [ -3.83398, 37.24986 ], [ -3.83266, 37.23208 ], [ -3.82418, 37.22096 ] ] } },
{ "type": "Feature", "properties": { "CMUN": "18915", "NMUN": "Domingo Pérez de Granada", "NPRO": "Granada", "CPRO": "18", "stroke": "#aaaaaa", "stroke-width": 0.7, "stroke-opacity": 0.45 }, "geometry": { "type": "LineString", "coordinates": [ [ -3.47006, 37.47268 ], [ -3.46351, 37.47925 ], [ -3.45764, 37.50011 ], [ -3.47026, 37.51111 ], [ -3.46111, 37.5286 ], [ -3.47203, 37.53105 ], [ -3.47548, 37.5409 ], [ -3.47568, 37.52419 ], [ -3.49367, 37.5123 ], [ -3.50914, 37.51128 ], [ -3.52254, 37.51505 ], [ -3.53983, 37.51414 ], [ -3.5542, 37.52149 ], [ -3.56828, 37.53315 ], [ -3.56693, 37.51099 ], [ -3.55453, 37.50758 ], [ -3.53086, 37.47872 ], [ -3.54402, 37.4726 ], [ -3.53759, 37.45384 ], [ -3.50669, 37.45308 ], [ -3.49247, 37.45761 ], [ -3.48776, 37.45274 ], [ -3.48036, 37.45227 ], [ -3.48006, 37.46792 ], [ -3.47006, 37.47268 ] ] } },
{ "type": "Feature", "properties": { "CMUN": "18916", "NMUN": "Torrenueva Costa", "NPRO": "Granada", "CPRO": "18", "stroke": "#aaaaaa", "stroke-width": 0.7, "stroke-opacity": 0.45 }, "geometry": { "type": "LineString", "coordinates": [ [ -3.46517, 36.69472 ], [ -3.46485, 36.70662 ], [ -3.47416, 36.72004 ], [ -3.49234, 36.72352 ], [ -3.50066, 36.71098 ], [ -3.47968, 36.69659 ], [ -3.46517, 36.69472 ] ] } },
{ "type": "Feature", "properties": { "CMUN": "21001", "NMUN": "Alájar", "NPRO": "Huelva", "CPRO": "21", "stroke": "#aaaaaa", "stroke-width": 0.7, "stroke-opacity": 0.45 }, "geometry": { "type": "LineString", "coordinates": [ [ -6.64725, 37.88631 ], [ -6.65966, 37.88521 ], [ -6.66744, 37.87776 ], [ -6.67714, 37.88057 ], [ -6.68964, 37.87705 ], [ -6.69974, 37.86136 ], [ -6.69553, 37.84137 ], [ -6.68668, 37.83211 ], [ -6.67396, 37.82753 ], [ -6.65736, 37.82703 ], [ -6.64833, 37.81061 ], [ -6.63049, 37.81171 ], [ -6.62038, 37.81886 ], [ -6.61587, 37.83669 ], [ -6.62566, 37.86552 ], [ -6.63175, 37.86758 ], [ -6.64052, 37.88598 ], [ -6.64725, 37.88631 ] ] } },
{ "type": "Feature", "properties": { "CMUN": "21002", "NMUN": "Aljaraque", "NPRO": "Huelva", "CPRO": "21", "stroke": "#aaaaaa", "stroke-width": 0.7, "stroke-opacity": 0.45 }, "geometry": { "type": "LineString", "coordinates": [ [ -6.9795, 37.3079 ], [ -7.01606, 37.29997 ], [ -7.0286, 37.29997 ], [ -7.0639, 37.2945 ], [ -7.07769, 37.27874 ], [ -7.05825, 37.26834 ], [ -7.0475, 37.27052 ], [ -7.01927, 37.25344 ], [ -7.00019, 37.25831 ], [ -6.98297, 37.26915 ], [ -6.98177, 37.28029 ], [ -6.97593, 37.2862 ], [ -6.9795, 37.3079 ] ] } },
{ "type": "Feature", "properties": { "CMUN": "21003", "NMUN": "Almendro, El", "NPRO": "Huelva", "CPRO": "21", "stroke": "#aaaaaa", "stroke-width": 0.7, "stroke-opacity": 0.45 }, "geometry": { "type": "LineString", "coordinates": [ [ -7.23201, 37.54226 ], [ -7.26707, 37.55282 ], [ -7.30917, 37.55962 ], [ -7.31847, 37.58117 ], [ -7.33849, 37.58464 ], [ -7.34383, 37.59528 ], [ -7.36538, 37.60579 ], [ -7.38449, 37.60625 ], [ -7.38653, 37.61553 ], [ -7.39682, 37.61598 ], [ -7.4114, 37.60672 ], [ -7.42763, 37.60891 ], [ -7.4338, 37.60361 ], [ -7.45019, 37.60511 ], [ -7.46275, 37.60183 ], [ -7.476, 37.59384 ], [ -7.50131, 37.58369 ], [ -7.5014, 37.57838 ], [ -7.48504, 37.57537 ], [ -7.45977, 37.56625 ], [ -7.42537, 37.55822 ], [ -7.41078, 37.55322 ], [ -7.40504, 37.53171 ], [ -7.39851, 37.52587 ], [ -7.39753, 37.51538 ], [ -7.33474, 37.50509 ], [ -7.29256, 37.50418 ], [ -7.27586, 37.50547 ], [ -7.25779, 37.50183 ], [ -7.22556, 37.50118 ], [ -7.1838, 37.51109 ], [ -7.1691, 37.51683 ], [ -7.176, 37.53064 ], [ -7.22394, 37.53875 ], [ -7.23201, 37.54226 ] ] } },
{ "type": "Feature", "properties": { "CMUN": "21004", "NMUN": "Almonaster la Real", "NPRO": "Huelva", "CPRO": "21", "stroke": "#aaaaaa", "stroke-width": 0.7, "stroke-opacity": 0.45 }, "geometry": { "type": "LineString", "coordinates": [ [ -6.67396, 37.82753 ], [ -6.68077, 37.82378 ], [ -6.70081, 37.82798 ], [ -6.74149, 37.82921 ], [ -6.7482, 37.85492 ], [ -6.745, 37.87747 ], [ -6.726, 37.88462 ], [ -6.73155, 37.88941 ], [ -6.74497, 37.88936 ], [ -6.76238, 37.90014 ], [ -6.77009, 37.91105 ], [ -6.77685, 37.90676 ], [ -6.79812, 37.91156 ], [ -6.81125, 37.89741 ], [ -6.82579, 37.9022 ], [ -6.84579, 37.88432 ], [ -6.86769, 37.87496 ], [ -6.88731, 37.87095 ], [ -6.89698, 37.85056 ], [ -6.9092, 37.8439 ], [ -6.898, 37.83604 ], [ -6.88307, 37.81678 ], [ -6.88689, 37.80996 ], [ -6.87817, 37.79454 ], [ -6.86346, 37.77999 ], [ -6.85358, 37.72332 ], [ -6.85272, 37.71581 ], [ -6.81403, 37.70349 ], [ -6.81781, 37.69392 ], [ -6.81292, 37.6865 ], [ -6.81672, 37.67696 ], [ -6.79858, 37.69135 ], [ -6.79604, 37.70071 ], [ -6.78354, 37.71531 ], [ -6.75445, 37.71842 ], [ -6.7426, 37.71441 ], [ -6.72805, 37.72452 ], [ -6.71277, 37.72145 ], [ -6.7075, 37.72755 ], [ -6.68191, 37.73478 ], [ -6.67771, 37.74631 ], [ -6.67081, 37.75008 ], [ -6.67482, 37.7561 ], [ -6.6544, 37.77519 ], [ -6.65289, 37.79205 ], [ -6.66289, 37.80362 ], [ -6.64833, 37.81061 ], [ -6.65736, 37.82703 ], [ -6.67396, 37.82753 ] ] } },
{ "type": "Feature", "properties": { "CMUN": "21005", "NMUN": "Almonte", "NPRO": "Huelva", "CPRO": "21", "stroke": "#aaaaaa", "stroke-width": 0.7, "stroke-opacity": 0.45 }, "geometry": { "type": "LineString", "coordinates": [ [ -6.37889, 36.9347 ], [ -6.39972, 36.96 ], [ -6.40975, 36.96933 ], [ -6.42311, 36.98808 ], [ -6.43234, 37.01421 ], [ -6.43062, 37.02712 ], [ -6.42312, 37.04254 ], [ -6.43645, 37.06799 ], [ -6.43991, 37.08227 ], [ -6.43395, 37.08666 ], [ -6.43397, 37.10061 ], [ -6.44724, 37.10301 ], [ -6.45953, 37.11041 ], [ -6.4616, 37.13466 ], [ -6.45811, 37.1437 ], [ -6.46143, 37.17363 ], [ -6.45629, 37.1792 ], [ -6.46039, 37.19826 ], [ -6.44791, 37.21382 ], [ -6.43225, 37.22248 ], [ -6.42707, 37.24446 ], [ -6.41879, 37.26309 ], [ -6.42326, 37.2759 ], [ -6.43582, 37.28708 ], [ -6.44819, 37.2923 ], [ -6.46597, 37.31388 ], [ -6.47206, 37.33057 ], [ -6.4948, 37.31769 ], [ -6.51715, 37.3025 ], [ -6.53261, 37.30157 ], [ -6.53771, 37.28811 ], [ -6.55936, 37.29103 ], [ -6.61297, 37.25269 ], [ -6.63943, 37.24053 ], [ -6.66808, 37.23375 ], [ -6.68441, 37.22056 ], [ -6.72391, 37.19678 ], [ -6.73232, 37.18988 ], [ -6.73718, 37.1752 ], [ -6.73845, 37.15888 ], [ -6.73651, 37.13841 ], [ -6.72508, 37.1124 ], [ -6.7228, 37.10136 ], [ -6.72953, 37.09033 ], [ -6.72973, 37.08998 ], [ -6.66995, 37.06033 ], [ -6.61982, 37.03306 ], [ -6.5924, 37.02051 ], [ -6.52187, 36.97716 ], [ -6.5031, 36.96275 ], [ -6.46517, 36.92686 ], [ -6.44288, 36.89838 ], [ -6.39686, 36.80763 ], [ -6.38793, 36.80063 ], [ -6.37126, 36.79506 ], [ -6.34576, 36.79877 ], [ -6.34353, 36.81249 ], [ -6.35181, 36.82527 ], [ -6.35392, 36.83832 ], [ -6.35213, 36.86132 ], [ -6.34587, 36.888 ], [ -6.33101, 36.8988 ], [ -6.3465, 36.90833 ], [ -6.35873, 36.92049 ], [ -6.37889, 36.9347 ] ] } },
{ "type": "Feature", "properties": { "CMUN": "21006", "NMUN": "Alosno", "NPRO": "Huelva", "CPRO": "21", "stroke": "#aaaaaa", "stroke-width": 0.7, "stroke-opacity": 0.45 }, "geometry": { "type": "LineString", "coordinates": [ [ -7.06118, 37.61064 ], [ -7.06879, 37.60016 ], [ -7.08094, 37.59084 ], [ -7.09978, 37.60699 ], [ -7.11511, 37.61559 ], [ -7.15273, 37.64494 ], [ -7.16476, 37.64274 ], [ -7.17138, 37.63342 ], [ -7.17333, 37.60908 ], [ -7.17735, 37.59668 ], [ -7.18642, 37.5837 ], [ -7.20102, 37.57131 ], [ -7.21306, 37.55643 ], [ -7.23201, 37.54226 ], [ -7.22394, 37.53875 ], [ -7.176, 37.53064 ], [ -7.1691, 37.51683 ], [ -7.13857, 37.52059 ], [ -7.10026, 37.53177 ], [ -7.09203, 37.52945 ], [ -7.08641, 37.53585 ], [ -7.05379, 37.53023 ], [ -7.02698, 37.5167 ], [ -7.00697, 37.49584 ], [ -7.00537, 37.48992 ], [ -6.98877, 37.47433 ], [ -6.9731, 37.47089 ], [ -6.97061, 37.47427 ], [ -6.98174, 37.47545 ], [ -6.97711, 37.49584 ], [ -6.97178, 37.50232 ], [ -6.9891, 37.53885 ], [ -6.9907, 37.55055 ], [ -6.98045, 37.57305 ], [ -6.99344, 37.58325 ], [ -7.002, 37.58397 ], [ -7.01677, 37.59853 ], [ -7.0383, 37.60185 ], [ -7.06118, 37.61064 ] ] } },
{ "type": "Feature", "properties": { "CMUN": "21007", "NMUN": "Aracena", "NPRO": "Huelva", "CPRO": "21", "stroke": "#aaaaaa", "stroke-width": 0.7, "stroke-opacity": 0.45 }, "geometry": { "type": "LineString", "coordinates": [ [ -6.49701, 37.88461 ], [ -6.5185, 37.89217 ], [ -6.53074, 37.90103 ], [ -6.53133, 37.90754 ], [ -6.51845, 37.9232 ], [ -6.53739, 37.93454 ], [ -6.52599, 37.94526 ], [ -6.5286, 37.96127 ], [ -6.5205, 37.96426 ], [ -6.51702, 37.97638 ], [ -6.54307, 37.98387 ], [ -6.58107, 37.98748 ], [ -6.59682, 37.96711 ], [ -6.59774, 37.94902 ], [ -6.60851, 37.93496 ], [ -6.60747, 37.91557 ], [ -6.59524, 37.90338 ], [ -6.59813, 37.89145 ], [ -6.59642, 37.87559 ], [ -6.58851, 37.86988 ], [ -6.5891, 37.85698 ], [ -6.57908, 37.84504 ], [ -6.57953, 37.82617 ], [ -6.5952, 37.815 ], [ -6.61095, 37.8126 ], [ -6.62038, 37.81886 ], [ -6.63049, 37.81171 ], [ -6.64833, 37.81061 ], [ -6.66289, 37.80362 ], [ -6.65289, 37.79205 ], [ -6.6544, 37.77519 ], [ -6.67482, 37.7561 ], [ -6.67081, 37.75008 ], [ -6.64391, 37.75172 ], [ -6.64106, 37.76832 ], [ -6.62393, 37.77865 ], [ -6.61964, 37.78596 ], [ -6.60141, 37.79632 ], [ -6.57661, 37.79864 ], [ -6.56687, 37.80237 ], [ -6.54897, 37.79794 ], [ -6.53722, 37.80248 ], [ -6.53186, 37.81014 ], [ -6.51536, 37.80831 ], [ -6.49529, 37.81053 ], [ -6.4749, 37.80833 ], [ -6.47536, 37.82038 ], [ -6.47387, 37.83343 ], [ -6.4773, 37.84782 ], [ -6.45756, 37.85872 ], [ -6.45012, 37.85668 ], [ -6.45234, 37.86617 ], [ -6.46248, 37.8655 ], [ -6.49119, 37.87655 ], [ -6.49701, 37.88461 ] ] } },
{ "type": "Feature", "properties": { "CMUN": "21008", "NMUN": "Aroche", "NPRO": "Huelva", "CPRO": "21", "stroke": "#aaaaaa", "stroke-width": 0.7, "stroke-opacity": 0.45 }, "geometry": { "type": "LineString", "coordinates": [ [ -6.88731, 37.87095 ], [ -6.90366, 37.87189 ], [ -6.89828, 37.89444 ], [ -6.90145, 37.90267 ], [ -6.88383, 37.91611 ], [ -6.85516, 37.94259 ], [ -6.83593, 37.96461 ], [ -6.82843, 37.96131 ], [ -6.81458, 37.96347 ], [ -6.82095, 37.97792 ], [ -6.81873, 37.99568 ], [ -6.83812, 38.00057 ], [ -6.83868, 38.01057 ], [ -6.87049, 38.02766 ], [ -6.88571, 38.02403 ], [ -6.91064, 38.02579 ], [ -6.91421, 38.03486 ], [ -6.90605, 38.05212 ], [ -6.94118, 38.0718 ], [ -6.98496, 38.09185 ], [ -6.98983, 38.09176 ], [ -6.98756, 38.07464 ], [ -6.99033, 38.05496 ], [ -7.00256, 38.04386 ], [ -6.99907, 38.03501 ], [ -7.00226, 38.02285 ], [ -7.02466, 38.02496 ], [ -7.03881, 38.01726 ], [ -7.06337, 38.0197 ], [ -7.06201, 38.02587 ], [ -7.07128, 38.03402 ], [ -7.09319, 38.04068 ], [ -7.10246, 38.0272 ], [ -7.10895, 38.00879 ], [ -7.11856, 37.99304 ], [ -7.12004, 37.97107 ], [ -7.12846, 37.95989 ], [ -7.12179, 37.9407 ], [ -7.11927, 37.91479 ], [ -7.12701, 37.89082 ], [ -7.12912, 37.86953 ], [ -7.12488, 37.86093 ], [ -7.12693, 37.84149 ], [ -7.12538, 37.82687 ], [ -7.0913, 37.83084 ], [ -7.06654, 37.83756 ], [ -7.06002, 37.84268 ], [ -7.05815, 37.85405 ], [ -7.03697, 37.85561 ], [ -6.99079, 37.85036 ], [ -6.96565, 37.84154 ], [ -6.93975, 37.83936 ], [ -6.92917, 37.84415 ], [ -6.9092, 37.8439 ], [ -6.89698, 37.85056 ], [ -6.88731, 37.87095 ] ] } },
{ "type": "Feature", "properties": { "CMUN": "21009", "NMUN": "Arroyomolinos de León", "NPRO": "Huelva", "CPRO": "21", "stroke": "#aaaaaa", "stroke-width": 0.7, "stroke-opacity": 0.45 }, "geometry": { "type": "LineString", "coordinates": [ [ -6.44357, 38.05916 ], [ -6.44393, 38.04695 ], [ -6.46586, 38.03532 ], [ -6.47386, 38.02443 ], [ -6.47866, 38.0081 ], [ -6.46946, 37.99893 ], [ -6.47899, 37.99188 ], [ -6.46246, 37.98409 ], [ -6.44481, 37.97218 ], [ -6.44223, 37.9564 ], [ -6.41078, 37.94419 ], [ -6.40619, 37.95597 ], [ -6.39273, 37.96612 ], [ -6.38455, 37.96601 ], [ -6.37268, 37.98301 ], [ -6.38121, 37.99173 ], [ -6.37713, 38.00338 ], [ -6.3591, 38.01666 ], [ -6.3618, 38.03723 ], [ -6.36757, 38.04892 ], [ -6.39043, 38.04843 ], [ -6.41422, 38.05856 ], [ -6.44357, 38.05916 ] ] } },
{ "type": "Feature", "properties": { "CMUN": "21010", "NMUN": "Ayamonte", "NPRO": "Huelva", "CPRO": "21", "stroke": "#aaaaaa", "stroke-width": 0.7, "stroke-opacity": 0.45 }, "geometry": { "type": "LineString", "coordinates": [ [ -7.43796, 37.37947 ], [ -7.4383, 37.35578 ], [ -7.44483, 37.34782 ], [ -7.43948, 37.32432 ], [ -7.44259, 37.31264 ], [ -7.43438, 37.28975 ], [ -7.42315, 37.27634 ], [ -7.43306, 37.25673 ], [ -7.4323, 37.24616 ], [ -7.41933, 37.23761 ], [ -7.41361, 37.22453 ], [ -7.41425, 37.21346 ], [ -7.40818, 37.18475 ], [ -7.40214, 37.17477 ], [ -7.39399, 37.17702 ], [ -7.38162, 37.17163 ], [ -7.36507, 37.17169 ], [ -7.33296, 37.1897 ], [ -7.33086, 37.20586 ], [ -7.34266, 37.21485 ], [ -7.32725, 37.22154 ], [ -7.31462, 37.22005 ], [ -7.31195, 37.22914 ], [ -7.31595, 37.24524 ], [ -7.33026, 37.2556 ], [ -7.33526, 37.26462 ], [ -7.38433, 37.28209 ], [ -7.40423, 37.30644 ], [ -7.40539, 37.32957 ], [ -7.38848, 37.34375 ], [ -7.37657, 37.34596 ], [ -7.32606, 37.348 ], [ -7.32031, 37.34567 ], [ -7.30408, 37.35318 ], [ -7.30788, 37.36871 ], [ -7.30201, 37.38736 ], [ -7.31451, 37.38609 ], [ -7.31093, 37.37435 ], [ -7.31184, 37.36137 ], [ -7.34129, 37.35576 ], [ -7.36921, 37.35888 ], [ -7.38237, 37.3669 ], [ -7.41058, 37.37213 ], [ -7.42224, 37.37845 ], [ -7.43796, 37.37947 ] ] } },
{ "type": "Feature", "properties": { "CMUN": "21011", "NMUN": "Beas", "NPRO": "Huelva", "CPRO": "21", "stroke": "#aaaaaa", "stroke-width": 0.7, "stroke-opacity": 0.45 }, "geometry": { "type": "LineString", "coordinates": [ [ -6.74632, 37.35697 ], [ -6.73607, 37.39004 ], [ -6.73736, 37.40924 ], [ -6.7311, 37.41561 ], [ -6.73628, 37.43091 ], [ -6.7462, 37.43844 ], [ -6.75965, 37.4423 ], [ -6.76856, 37.45691 ], [ -6.76298, 37.46804 ], [ -6.76489, 37.49202 ], [ -6.75487, 37.49562 ], [ -6.77749, 37.5086 ], [ -6.80108, 37.51431 ], [ -6.81932, 37.51545 ], [ -6.83416, 37.53045 ], [ -6.84644, 37.53152 ], [ -6.85753, 37.54041 ], [ -6.8555, 37.54765 ], [ -6.86212, 37.55555 ], [ -6.8776, 37.5476 ], [ -6.87918, 37.54188 ], [ -6.89398, 37.53513 ], [ -6.90009, 37.52423 ], [ -6.92175, 37.52007 ], [ -6.90174, 37.50681 ], [ -6.89204, 37.50598 ], [ -6.87101, 37.48898 ], [ -6.85837, 37.46656 ], [ -6.8477, 37.45384 ], [ -6.83242, 37.42218 ], [ -6.81607, 37.40615 ], [ -6.80685, 37.40878 ], [ -6.79099, 37.39246 ], [ -6.78494, 37.37373 ], [ -6.76079, 37.36833 ], [ -6.74632, 37.35697 ] ] } },
{ "type": "Feature", "properties": { "CMUN": "21012", "NMUN": "Berrocal", "NPRO": "Huelva", "CPRO": "21", "stroke": "#aaaaaa", "stroke-width": 0.7, "stroke-opacity": 0.45 }, "geometry": { "type": "LineString", "coordinates": [ [ -6.53851, 37.62666 ], [ -6.55035, 37.62106 ], [ -6.54929, 37.60515 ], [ -6.55261, 37.59503 ], [ -6.54908, 37.5878 ], [ -6.55688, 37.57916 ], [ -6.56886, 37.58136 ], [ -6.57051, 37.57173 ], [ -6.59072, 37.56745 ], [ -6.59249, 37.54857 ], [ -6.57742, 37.54633 ], [ -6.5817, 37.5351 ], [ -6.57221, 37.52887 ], [ -6.54012, 37.5184 ], [ -6.52396, 37.51554 ], [ -6.52444, 37.50559 ], [ -6.49491, 37.50336 ], [ -6.45657, 37.51602 ], [ -6.45394, 37.52323 ], [ -6.45376, 37.5392 ], [ -6.4599, 37.55427 ], [ -6.45878, 37.57033 ], [ -6.45437, 37.58315 ], [ -6.4346, 37.60326 ], [ -6.42783, 37.62123 ], [ -6.44327, 37.62335 ], [ -6.46699, 37.61988 ], [ -6.51647, 37.6225 ], [ -6.53301, 37.61878 ], [ -6.53851, 37.62666 ] ] } },
{ "type": "Feature", "properties": { "CMUN": "21013", "NMUN": "Bollullos Par del Condado", "NPRO": "Huelva", "CPRO": "21", "stroke": "#aaaaaa", "stroke-width": 0.7, "stroke-opacity": 0.45 }, "geometry": { "type": "LineString", "coordinates": [ [ -6.47206, 37.33057 ], [ -6.49376, 37.34344 ], [ -6.50384, 37.35785 ], [ -6.51902, 37.36174 ], [ -6.55116, 37.35598 ], [ -6.57749, 37.36182 ], [ -6.59171, 37.33594 ], [ -6.57113, 37.3241 ], [ -6.56303, 37.31576 ], [ -6.55936, 37.29103 ], [ -6.53771, 37.28811 ], [ -6.53261, 37.30157 ], [ -6.51715, 37.3025 ], [ -6.4948, 37.31769 ], [ -6.47206, 37.33057 ] ] } },
{ "type": "Feature", "properties": { "CMUN": "21014", "NMUN": "Bonares", "NPRO": "Huelva", "CPRO": "21", "stroke": "#aaaaaa", "stroke-width": 0.7, "stroke-opacity": 0.45 }, "geometry": { "type": "LineString", "coordinates": [ [ -6.63865, 37.32467 ], [ -6.66673, 37.32944 ], [ -6.67983, 37.34506 ], [ -6.71083, 37.34394 ], [ -6.71236, 37.33258 ], [ -6.7229, 37.32884 ], [ -6.71002, 37.31262 ], [ -6.69766, 37.29117 ], [ -6.70744, 37.26439 ], [ -6.71514, 37.25059 ], [ -6.7056, 37.24239 ], [ -6.74295, 37.2112 ], [ -6.72391, 37.19678 ], [ -6.68441, 37.22056 ], [ -6.66808, 37.23375 ], [ -6.67223, 37.24759 ], [ -6.67034, 37.26026 ], [ -6.65694, 37.28558 ], [ -6.65376, 37.30293 ], [ -6.63865, 37.32467 ] ] } },
{ "type": "Feature", "properties": { "CMUN": "21015", "NMUN": "Cabezas Rubias", "NPRO": "Huelva", "CPRO": "21", "stroke": "#aaaaaa", "stroke-width": 0.7, "stroke-opacity": 0.45 }, "geometry": { "type": "MultiLineString", "coordinates": [ [ [ -7.14145, 37.6846 ], [ -7.13264, 37.67347 ], [ -7.12332, 37.67609 ], [ -7.13197, 37.68886 ], [ -7.14145, 37.6846 ] ], [ [ -7.15408, 37.69191 ], [ -7.12538, 37.7093 ], [ -7.12263, 37.72138 ], [ -7.08089, 37.72081 ], [ -7.06991, 37.72941 ], [ -7.06804, 37.74535 ], [ -7.04398, 37.78496 ], [ -7.04836, 37.79106 ], [ -7.04604, 37.81242 ], [ -7.05571, 37.81774 ], [ -7.05714, 37.82816 ], [ -7.06654, 37.83756 ], [ -7.0913, 37.83084 ], [ -7.12538, 37.82687 ], [ -7.16295, 37.74076 ], [ -7.16721, 37.71798 ], [ -7.17295, 37.70159 ], [ -7.15408, 37.69191 ] ] ] } },
{ "type": "Feature", "properties": { "CMUN": "21016", "NMUN": "Cala", "NPRO": "Huelva", "CPRO": "21", "stroke": "#aaaaaa", "stroke-width": 0.7, "stroke-opacity": 0.45 }, "geometry": { "type": "LineString", "coordinates": [ [ -6.30943, 37.98528 ], [ -6.32929, 37.99827 ], [ -6.34053, 37.99983 ], [ -6.3591, 38.01666 ], [ -6.37713, 38.00338 ], [ -6.38121, 37.99173 ], [ -6.37268, 37.98301 ], [ -6.38455, 37.96601 ], [ -6.39273, 37.96612 ], [ -6.40619, 37.95597 ], [ -6.41078, 37.94419 ], [ -6.39973, 37.93952 ], [ -6.36979, 37.91821 ], [ -6.35433, 37.92381 ], [ -6.34445, 37.92333 ], [ -6.31851, 37.92956 ], [ -6.29361, 37.93169 ], [ -6.28651, 37.93573 ], [ -6.25737, 37.93816 ], [ -6.24483, 37.95638 ], [ -6.22675, 37.95985 ], [ -6.23956, 37.95893 ], [ -6.25227, 37.97138 ], [ -6.28103, 37.97365 ], [ -6.30369, 37.97824 ], [ -6.30943, 37.98528 ] ] } },
{ "type": "Feature", "properties": { "CMUN": "21017", "NMUN": "Calañas", "NPRO": "Huelva", "CPRO": "21", "stroke": "#aaaaaa", "stroke-width": 0.7, "stroke-opacity": 0.45 }, "geometry": { "type": "LineString", "coordinates": [ [ -6.82449, 37.62835 ], [ -6.81702, 37.63672 ], [ -6.81843, 37.66535 ], [ -6.82631, 37.66888 ], [ -6.84243, 37.66883 ], [ -6.85471, 37.66311 ], [ -6.85716, 37.6745 ], [ -6.8656, 37.67298 ], [ -6.88997, 37.68286 ], [ -6.90196, 37.67478 ], [ -6.92138, 37.67307 ], [ -6.92854, 37.66232 ], [ -6.95508, 37.6587 ], [ -6.95604, 37.66883 ], [ -6.94772, 37.67442 ], [ -6.91401, 37.67591 ], [ -6.90902, 37.69064 ], [ -6.91995, 37.69163 ], [ -6.94106, 37.68516 ], [ -6.93414, 37.70256 ], [ -6.96309, 37.70142 ], [ -6.96685, 37.6785 ], [ -6.97686, 37.66675 ], [ -7.00719, 37.66674 ], [ -6.9959, 37.65194 ], [ -7.00185, 37.64487 ], [ -6.99596, 37.63232 ], [ -6.99976, 37.62658 ], [ -6.9812, 37.60862 ], [ -6.98045, 37.57305 ], [ -6.9907, 37.55055 ], [ -6.9891, 37.53885 ], [ -6.97178, 37.50232 ], [ -6.97711, 37.49584 ], [ -6.98174, 37.47545 ], [ -6.97061, 37.47427 ], [ -6.9583, 37.4862 ], [ -6.93952, 37.48638 ], [ -6.93081, 37.51148 ], [ -6.92175, 37.52007 ], [ -6.90009, 37.52423 ], [ -6.89398, 37.53513 ], [ -6.87918, 37.54188 ], [ -6.8776, 37.5476 ], [ -6.86212, 37.55555 ], [ -6.85932, 37.56603 ], [ -6.84553, 37.57809 ], [ -6.847, 37.59368 ], [ -6.83451, 37.60971 ], [ -6.81986, 37.6161 ], [ -6.82449, 37.62835 ] ] } },
{ "type": "Feature", "properties": { "CMUN": "21018", "NMUN": "Campillo, El", "NPRO": "Huelva", "CPRO": "21", "stroke": "#aaaaaa", "stroke-width": 0.7, "stroke-opacity": 0.45 }, "geometry": { "type": "LineString", "coordinates": [ [ -6.58518, 37.74271 ], [ -6.60897, 37.75127 ], [ -6.64391, 37.75172 ], [ -6.67081, 37.75008 ], [ -6.67771, 37.74631 ], [ -6.68191, 37.73478 ], [ -6.7075, 37.72755 ], [ -6.71277, 37.72145 ], [ -6.72805, 37.72452 ], [ -6.7426, 37.71441 ], [ -6.75445, 37.71842 ], [ -6.78354, 37.71531 ], [ -6.79604, 37.70071 ], [ -6.77656, 37.70249 ], [ -6.74249, 37.7026 ], [ -6.72085, 37.69119 ], [ -6.71471, 37.69522 ], [ -6.69103, 37.69867 ], [ -6.67232, 37.6901 ], [ -6.64708, 37.68778 ], [ -6.63655, 37.67614 ], [ -6.64422, 37.66613 ], [ -6.63262, 37.66114 ], [ -6.62205, 37.6733 ], [ -6.60866, 37.67494 ], [ -6.58033, 37.67233 ], [ -6.56099, 37.64491 ], [ -6.55035, 37.62106 ], [ -6.53851, 37.62666 ], [ -6.53012, 37.63762 ], [ -6.53609, 37.65098 ], [ -6.5417, 37.65028 ], [ -6.55099, 37.6651 ], [ -6.57035, 37.66967 ], [ -6.58382, 37.68629 ], [ -6.61109, 37.6939 ], [ -6.62319, 37.71579 ], [ -6.62085, 37.72047 ], [ -6.60463, 37.72187 ], [ -6.58813, 37.72881 ], [ -6.58518, 37.74271 ] ] } },
{ "type": "Feature", "properties": { "CMUN": "21019", "NMUN": "Campofrío", "NPRO": "Huelva", "CPRO": "21", "stroke": "#aaaaaa", "stroke-width": 0.7, "stroke-opacity": 0.45 }, "geometry": { "type": "LineString", "coordinates": [ [ -6.54897, 37.79794 ], [ -6.56687, 37.80237 ], [ -6.57661, 37.79864 ], [ -6.60141, 37.79632 ], [ -6.61964, 37.78596 ], [ -6.62393, 37.77865 ], [ -6.64106, 37.76832 ], [ -6.64391, 37.75172 ], [ -6.60897, 37.75127 ], [ -6.58518, 37.74271 ], [ -6.55733, 37.73742 ], [ -6.54306, 37.75859 ], [ -6.53655, 37.76074 ], [ -6.52971, 37.77524 ], [ -6.53382, 37.78599 ], [ -6.54552, 37.79033 ], [ -6.54897, 37.79794 ] ] } },
{ "type": "Feature", "properties": { "CMUN": "21020", "NMUN": "Cañaveral de León", "NPRO": "Huelva", "CPRO": "21", "stroke": "#aaaaaa", "stroke-width": 0.7, "stroke-opacity": 0.45 }, "geometry": { "type": "LineString", "coordinates": [ [ -6.47866, 38.0081 ], [ -6.49174, 38.00947 ], [ -6.49467, 38.01897 ], [ -6.52824, 38.02221 ], [ -6.54569, 38.02812 ], [ -6.56524, 38.02699 ], [ -6.56965, 38.02271 ], [ -6.55901, 38.02183 ], [ -6.5466, 38.01429 ], [ -6.54181, 38.00467 ], [ -6.52336, 37.98366 ], [ -6.50024, 37.97209 ], [ -6.47988, 37.96395 ], [ -6.44223, 37.9564 ], [ -6.44481, 37.97218 ], [ -6.46246, 37.98409 ], [ -6.47899, 37.99188 ], [ -6.46946, 37.99893 ], [ -6.47866, 38.0081 ] ] } },
{ "type": "Feature", "properties": { "CMUN": "21021", "NMUN": "Cartaya", "NPRO": "Huelva", "CPRO": "21", "stroke": "#aaaaaa", "stroke-width": 0.7, "stroke-opacity": 0.45 }, "geometry": { "type": "LineString", "coordinates": [ [ -7.30201, 37.38736 ], [ -7.27086, 37.385 ], [ -7.25765, 37.35316 ], [ -7.24651, 37.35166 ], [ -7.24365, 37.34476 ], [ -7.22174, 37.32334 ], [ -7.21324, 37.32122 ], [ -7.19793, 37.30991 ], [ -7.18056, 37.29255 ], [ -7.17119, 37.29013 ], [ -7.17934, 37.27998 ], [ -7.17103, 37.26345 ], [ -7.16236, 37.26226 ], [ -7.16349, 37.24975 ], [ -7.17131, 37.22372 ], [ -7.16838, 37.21666 ], [ -7.15381, 37.21168 ], [ -7.13318, 37.21503 ], [ -7.07047, 37.21136 ], [ -7.05571, 37.20646 ], [ -7.05305, 37.20786 ], [ -7.05324, 37.221 ], [ -7.0646, 37.23417 ], [ -7.07488, 37.2362 ], [ -7.08019, 37.24812 ], [ -7.06316, 37.25363 ], [ -7.06005, 37.25836 ], [ -7.07828, 37.27787 ], [ -7.08002, 37.28734 ], [ -7.0712, 37.30261 ], [ -7.0779, 37.33002 ], [ -7.0859, 37.34889 ], [ -7.10209, 37.37179 ], [ -7.11671, 37.36666 ], [ -7.13481, 37.37369 ], [ -7.14749, 37.37208 ], [ -7.16867, 37.38388 ], [ -7.19843, 37.39504 ], [ -7.21292, 37.39366 ], [ -7.24546, 37.40482 ], [ -7.29006, 37.40955 ], [ -7.29498, 37.4009 ], [ -7.30201, 37.38736 ] ] } },
{ "type": "Feature", "properties": { "CMUN": "21022", "NMUN": "Castaño del Robledo", "NPRO": "Huelva", "CPRO": "21", "stroke": "#aaaaaa", "stroke-width": 0.7, "stroke-opacity": 0.45 }, "geometry": { "type": "LineString", "coordinates": [ [ -6.68549, 37.90828 ], [ -6.68819, 37.90099 ], [ -6.70106, 37.89957 ], [ -6.71831, 37.90344 ], [ -6.71682, 37.8938 ], [ -6.70487, 37.88472 ], [ -6.70708, 37.87645 ], [ -6.69974, 37.86136 ], [ -6.68964, 37.87705 ], [ -6.67714, 37.88057 ], [ -6.66744, 37.87776 ], [ -6.65966, 37.88521 ], [ -6.64725, 37.88631 ], [ -6.64788, 37.889 ], [ -6.67122, 37.89383 ], [ -6.68549, 37.90828 ] ] } },
{ "type": "Feature", "properties": { "CMUN": "21023", "NMUN": "Cerro de Andévalo, El", "NPRO": "Huelva", "CPRO": "21", "stroke": "#aaaaaa", "stroke-width": 0.7, "stroke-opacity": 0.45 }, "geometry": { "type": "LineString", "coordinates": [ [ -6.93414, 37.70256 ], [ -6.892, 37.70797 ], [ -6.87164, 37.71796 ], [ -6.85358, 37.72332 ], [ -6.86346, 37.77999 ], [ -6.86249, 37.76948 ], [ -6.89418, 37.76522 ], [ -6.92122, 37.78487 ], [ -6.91841, 37.80331 ], [ -6.94842, 37.79652 ], [ -6.97395, 37.78294 ], [ -7.01511, 37.77589 ], [ -7.04398, 37.78496 ], [ -7.06804, 37.74535 ], [ -7.06991, 37.72941 ], [ -7.08089, 37.72081 ], [ -7.12263, 37.72138 ], [ -7.12538, 37.7093 ], [ -7.15408, 37.69191 ], [ -7.14145, 37.6846 ], [ -7.13197, 37.68886 ], [ -7.12332, 37.67609 ], [ -7.15568, 37.6613 ], [ -7.15273, 37.64494 ], [ -7.11511, 37.61559 ], [ -7.09978, 37.60699 ], [ -7.08094, 37.59084 ], [ -7.06879, 37.60016 ], [ -7.06118, 37.61064 ], [ -7.05187, 37.62402 ], [ -7.00997, 37.66555 ], [ -7.00719, 37.66674 ], [ -6.97686, 37.66675 ], [ -6.96685, 37.6785 ], [ -6.96309, 37.70142 ], [ -6.93414, 37.70256 ] ] } },
{ "type": "Feature", "properties": { "CMUN": "21024", "NMUN": "Corteconcepción", "NPRO": "Huelva", "CPRO": "21", "stroke": "#aaaaaa", "stroke-width": 0.7, "stroke-opacity": 0.45 }, "geometry": { "type": "LineString", "coordinates": [ [ -6.50024, 37.97209 ], [ -6.51702, 37.97638 ], [ -6.5205, 37.96426 ], [ -6.5286, 37.96127 ], [ -6.52599, 37.94526 ], [ -6.53739, 37.93454 ], [ -6.51845, 37.9232 ], [ -6.53133, 37.90754 ], [ -6.53074, 37.90103 ], [ -6.5185, 37.89217 ], [ -6.49701, 37.88461 ], [ -6.484, 37.89654 ], [ -6.48577, 37.90331 ], [ -6.47262, 37.91033 ], [ -6.47831, 37.91964 ], [ -6.4706, 37.92861 ], [ -6.4612, 37.91769 ], [ -6.44568, 37.93068 ], [ -6.44712, 37.94546 ], [ -6.44223, 37.9564 ], [ -6.47988, 37.96395 ], [ -6.50024, 37.97209 ] ] } },
{ "type": "Feature", "properties": { "CMUN": "21025", "NMUN": "Cortegana", "NPRO": "Huelva", "CPRO": "21", "stroke": "#aaaaaa", "stroke-width": 0.7, "stroke-opacity": 0.45 }, "geometry": { "type": "MultiLineString", "coordinates": [ [ [ -6.86346, 37.77999 ], [ -6.87817, 37.79454 ], [ -6.88689, 37.80996 ], [ -6.88307, 37.81678 ], [ -6.898, 37.83604 ], [ -6.9092, 37.8439 ], [ -6.92917, 37.84415 ], [ -6.93975, 37.83936 ], [ -6.96565, 37.84154 ], [ -6.99079, 37.85036 ], [ -7.03697, 37.85561 ], [ -7.05815, 37.85405 ], [ -7.06002, 37.84268 ], [ -7.06654, 37.83756 ], [ -7.05714, 37.82816 ], [ -7.05571, 37.81774 ], [ -7.04604, 37.81242 ], [ -7.04836, 37.79106 ], [ -7.04398, 37.78496 ], [ -7.01511, 37.77589 ], [ -6.97395, 37.78294 ], [ -6.94842, 37.79652 ], [ -6.91841, 37.80331 ], [ -6.92122, 37.78487 ], [ -6.89418, 37.76522 ], [ -6.86249, 37.76948 ], [ -6.86346, 37.77999 ] ], [ [ -6.88731, 37.87095 ], [ -6.86769, 37.87496 ], [ -6.84579, 37.88432 ], [ -6.82579, 37.9022 ], [ -6.81125, 37.89741 ], [ -6.79812, 37.91156 ], [ -6.80069, 37.91766 ], [ -6.78039, 37.9256 ], [ -6.7652, 37.93565 ], [ -6.74566, 37.93225 ], [ -6.74367, 37.94592 ], [ -6.75852, 37.94981 ], [ -6.77037, 37.94579 ], [ -6.78874, 37.95099 ], [ -6.80415, 37.96464 ], [ -6.81458, 37.96347 ], [ -6.82843, 37.96131 ], [ -6.83593, 37.96461 ], [ -6.85516, 37.94259 ], [ -6.88383, 37.91611 ], [ -6.90145, 37.90267 ], [ -6.89828, 37.89444 ], [ -6.90366, 37.87189 ], [ -6.88731, 37.87095 ] ] ] } },
{ "type": "Feature", "properties": { "CMUN": "21026", "NMUN": "Cortelazor", "NPRO": "Huelva", "CPRO": "21", "stroke": "#aaaaaa", "stroke-width": 0.7, "stroke-opacity": 0.45 }, "geometry": { "type": "LineString", "coordinates": [ [ -6.62064, 37.99294 ], [ -6.63533, 37.99491 ], [ -6.65124, 37.98998 ], [ -6.6619, 37.98258 ], [ -6.66912, 37.96917 ], [ -6.65363, 37.96261 ], [ -6.64318, 37.95057 ], [ -6.64142, 37.93206 ], [ -6.64419, 37.92273 ], [ -6.62632, 37.91246 ], [ -6.61082, 37.90983 ], [ -6.60747, 37.91557 ], [ -6.60851, 37.93496 ], [ -6.59774, 37.94902 ], [ -6.59682, 37.96711 ], [ -6.58107, 37.98748 ], [ -6.60002, 37.99156 ], [ -6.61226, 37.98834 ], [ -6.62064, 37.99294 ] ] } },
{ "type": "Feature", "properties": { "CMUN": "21027", "NMUN": "Cumbres de Enmedio", "NPRO": "Huelva", "CPRO": "21", "stroke": "#aaaaaa", "stroke-width": 0.7, "stroke-opacity": 0.45 }, "geometry": { "type": "LineString", "coordinates": [ [ -6.68193, 38.09647 ], [ -6.71134, 38.09495 ], [ -6.71478, 38.08815 ], [ -6.70962, 38.07201 ], [ -6.71494, 38.0653 ], [ -6.7141, 38.05294 ], [ -6.70032, 38.05066 ], [ -6.68405, 38.06066 ], [ -6.67581, 38.08341 ], [ -6.68193, 38.09647 ] ] } },
{ "type": "Feature", "properties": { "CMUN": "21028", "NMUN": "Cumbres de San Bartolomé", "NPRO": "Huelva", "CPRO": "21", "stroke": "#aaaaaa", "stroke-width": 0.7, "stroke-opacity": 0.45 }, "geometry": { "type": "LineString", "coordinates": [ [ -6.81612, 38.12015 ], [ -6.82392, 38.12465 ], [ -6.83243, 38.118 ], [ -6.84315, 38.11808 ], [ -6.85869, 38.09397 ], [ -6.86368, 38.07822 ], [ -6.88058, 38.05338 ], [ -6.87934, 38.04507 ], [ -6.88571, 38.02403 ], [ -6.87049, 38.02766 ], [ -6.83868, 38.01057 ], [ -6.83812, 38.00057 ], [ -6.81873, 37.99568 ], [ -6.8071, 37.99781 ], [ -6.78322, 38.01311 ], [ -6.7605, 38.01208 ], [ -6.74463, 38.0071 ], [ -6.72964, 38.02481 ], [ -6.72854, 38.03782 ], [ -6.71676, 38.04237 ], [ -6.7141, 38.05294 ], [ -6.71494, 38.0653 ], [ -6.70962, 38.07201 ], [ -6.71478, 38.08815 ], [ -6.71134, 38.09495 ], [ -6.71697, 38.09992 ], [ -6.74768, 38.09146 ], [ -6.75843, 38.09289 ], [ -6.77005, 38.11211 ], [ -6.77884, 38.10945 ], [ -6.80911, 38.11173 ], [ -6.81612, 38.12015 ] ] } },
{ "type": "Feature", "properties": { "CMUN": "21029", "NMUN": "Cumbres Mayores", "NPRO": "Huelva", "CPRO": "21", "stroke": "#aaaaaa", "stroke-width": 0.7, "stroke-opacity": 0.45 }, "geometry": { "type": "LineString", "coordinates": [ [ -6.58717, 38.02678 ], [ -6.58053, 38.05277 ], [ -6.60771, 38.08343 ], [ -6.62277, 38.09716 ], [ -6.63765, 38.09621 ], [ -6.65303, 38.09648 ], [ -6.66037, 38.09237 ], [ -6.68193, 38.09647 ], [ -6.67581, 38.08341 ], [ -6.68405, 38.06066 ], [ -6.70032, 38.05066 ], [ -6.7141, 38.05294 ], [ -6.71676, 38.04237 ], [ -6.72854, 38.03782 ], [ -6.72964, 38.02481 ], [ -6.74463, 38.0071 ], [ -6.7605, 38.01208 ], [ -6.75329, 38.00399 ], [ -6.73749, 38.00462 ], [ -6.71807, 37.987 ], [ -6.70074, 37.9754 ], [ -6.70134, 37.96695 ], [ -6.67899, 37.96613 ], [ -6.67526, 37.97701 ], [ -6.6619, 37.98258 ], [ -6.65124, 37.98998 ], [ -6.63533, 37.99491 ], [ -6.62064, 37.99294 ], [ -6.6234, 37.99864 ], [ -6.6054, 38.014 ], [ -6.60032, 38.02292 ], [ -6.58717, 38.02678 ] ] } },
{ "type": "Feature", "properties": { "CMUN": "21030", "NMUN": "Chucena", "NPRO": "Huelva", "CPRO": "21", "stroke": "#aaaaaa", "stroke-width": 0.7, "stroke-opacity": 0.45 }, "geometry": { "type": "LineString", "coordinates": [ [ -6.36208, 37.37588 ], [ -6.39256, 37.38653 ], [ -6.40016, 37.37267 ], [ -6.4136, 37.35875 ], [ -6.42006, 37.35837 ], [ -6.44143, 37.33282 ], [ -6.42, 37.31987 ], [ -6.40812, 37.33351 ], [ -6.39277, 37.34263 ], [ -6.38457, 37.33749 ], [ -6.37822, 37.34608 ], [ -6.36843, 37.34949 ], [ -6.34604, 37.36573 ], [ -6.34953, 37.36813 ], [ -6.36208, 37.37588 ] ] } },
{ "type": "Feature", "properties": { "CMUN": "21031", "NMUN": "Encinasola", "NPRO": "Huelva", "CPRO": "21", "stroke": "#aaaaaa", "stroke-width": 0.7, "stroke-opacity": 0.45 }, "geometry": { "type": "LineString", "coordinates": [ [ -6.92509, 38.20527 ], [ -6.93173, 38.20803 ], [ -6.93505, 38.2003 ], [ -6.95335, 38.18649 ], [ -6.96148, 38.1769 ], [ -6.96857, 38.15973 ], [ -6.96123, 38.1558 ], [ -6.95748, 38.13796 ], [ -6.97237, 38.11478 ], [ -6.98983, 38.09176 ], [ -6.98496, 38.09185 ], [ -6.94118, 38.0718 ], [ -6.90605, 38.05212 ], [ -6.91421, 38.03486 ], [ -6.91064, 38.02579 ], [ -6.88571, 38.02403 ], [ -6.87934, 38.04507 ], [ -6.88058, 38.05338 ], [ -6.86368, 38.07822 ], [ -6.85869, 38.09397 ], [ -6.84315, 38.11808 ], [ -6.83243, 38.118 ], [ -6.82392, 38.12465 ], [ -6.81612, 38.12015 ], [ -6.80853, 38.13554 ], [ -6.79954, 38.1438 ], [ -6.79426, 38.15987 ], [ -6.79541, 38.17854 ], [ -6.82269, 38.17381 ], [ -6.86012, 38.18045 ], [ -6.88362, 38.19353 ], [ -6.90183, 38.20132 ], [ -6.92359, 38.20057 ], [ -6.92509, 38.20527 ] ] } },
{ "type": "Feature", "properties": { "CMUN": "21032", "NMUN": "Escacena del Campo", "NPRO": "Huelva", "CPRO": "21", "stroke": "#aaaaaa", "stroke-width": 0.7, "stroke-opacity": 0.45 }, "geometry": { "type": "LineString", "coordinates": [ [ -6.45394, 37.52323 ], [ -6.44798, 37.5145 ], [ -6.43734, 37.50845 ], [ -6.42468, 37.49308 ], [ -6.41202, 37.50007 ], [ -6.39646, 37.501 ], [ -6.38452, 37.49411 ], [ -6.3807, 37.4782 ], [ -6.37362, 37.46797 ], [ -6.36766, 37.45166 ], [ -6.36714, 37.44067 ], [ -6.39294, 37.42104 ], [ -6.4081, 37.41326 ], [ -6.41403, 37.39916 ], [ -6.40078, 37.3887 ], [ -6.39256, 37.38653 ], [ -6.36208, 37.37588 ], [ -6.35564, 37.38587 ], [ -6.35428, 37.39732 ], [ -6.36192, 37.4014 ], [ -6.35626, 37.41217 ], [ -6.33074, 37.41548 ], [ -6.31263, 37.41872 ], [ -6.30591, 37.43188 ], [ -6.31234, 37.44601 ], [ -6.32219, 37.45417 ], [ -6.34665, 37.49342 ], [ -6.3556, 37.49996 ], [ -6.36973, 37.52856 ], [ -6.3664, 37.53453 ], [ -6.37534, 37.5464 ], [ -6.38945, 37.55164 ], [ -6.40236, 37.58032 ], [ -6.39309, 37.58769 ], [ -6.39876, 37.6003 ], [ -6.39563, 37.60979 ], [ -6.41305, 37.61935 ], [ -6.42783, 37.62123 ], [ -6.4346, 37.60326 ], [ -6.45437, 37.58315 ], [ -6.45878, 37.57033 ], [ -6.4599, 37.55427 ], [ -6.45376, 37.5392 ], [ -6.45394, 37.52323 ] ] } },
{ "type": "Feature", "properties": { "CMUN": "21033", "NMUN": "Fuenteheridos", "NPRO": "Huelva", "CPRO": "21", "stroke": "#aaaaaa", "stroke-width": 0.7, "stroke-opacity": 0.45 }, "geometry": { "type": "LineString", "coordinates": [ [ -6.65959, 37.9231 ], [ -6.67024, 37.92245 ], [ -6.68549, 37.90828 ], [ -6.67122, 37.89383 ], [ -6.64788, 37.889 ], [ -6.64194, 37.89203 ], [ -6.63974, 37.91249 ], [ -6.64568, 37.92305 ], [ -6.65959, 37.9231 ] ] } },
{ "type": "Feature", "properties": { "CMUN": "21034", "NMUN": "Galaroza", "NPRO": "Huelva", "CPRO": "21", "stroke": "#aaaaaa", "stroke-width": 0.7, "stroke-opacity": 0.45 }, "geometry": { "type": "LineString", "coordinates": [ [ -6.70126, 37.95394 ], [ -6.71886, 37.94403 ], [ -6.72617, 37.93155 ], [ -6.71884, 37.92911 ], [ -6.71831, 37.90344 ], [ -6.70106, 37.89957 ], [ -6.68819, 37.90099 ], [ -6.68549, 37.90828 ], [ -6.67024, 37.92245 ], [ -6.65959, 37.9231 ], [ -6.64407, 37.93761 ], [ -6.64493, 37.94666 ], [ -6.66213, 37.94344 ], [ -6.66798, 37.93551 ], [ -6.677, 37.93517 ], [ -6.69481, 37.9432 ], [ -6.70126, 37.95394 ] ] } },
{ "type": "Feature", "properties": { "CMUN": "21035", "NMUN": "Gibraleón", "NPRO": "Huelva", "CPRO": "21", "stroke": "#aaaaaa", "stroke-width": 0.7, "stroke-opacity": 0.45 }, "geometry": { "type": "LineString", "coordinates": [ [ -6.9795, 37.3079 ], [ -6.94699, 37.34024 ], [ -6.9347, 37.33928 ], [ -6.92686, 37.35576 ], [ -6.90576, 37.366 ], [ -6.89894, 37.3648 ], [ -6.87729, 37.36987 ], [ -6.86481, 37.38017 ], [ -6.8659, 37.38784 ], [ -6.85562, 37.40289 ], [ -6.85587, 37.41846 ], [ -6.8688, 37.43199 ], [ -6.8814, 37.44052 ], [ -6.8999, 37.44724 ], [ -6.91512, 37.45849 ], [ -6.93275, 37.4645 ], [ -6.94924, 37.4644 ], [ -6.9731, 37.47089 ], [ -6.98877, 37.47433 ], [ -7.00537, 37.48992 ], [ -7.00697, 37.49584 ], [ -7.02698, 37.5167 ], [ -7.05379, 37.53023 ], [ -7.08641, 37.53585 ], [ -7.09203, 37.52945 ], [ -7.08606, 37.51912 ], [ -7.07155, 37.5247 ], [ -7.06273, 37.52016 ], [ -7.06562, 37.50779 ], [ -7.0616, 37.5001 ], [ -7.06347, 37.48554 ], [ -7.07586, 37.48277 ], [ -7.0839, 37.47616 ], [ -7.08307, 37.46809 ], [ -7.08107, 37.46366 ], [ -7.06377, 37.4624 ], [ -7.05481, 37.45817 ], [ -7.04502, 37.42948 ], [ -7.07194, 37.41411 ], [ -7.08081, 37.39375 ], [ -7.08728, 37.39113 ], [ -7.09897, 37.38254 ], [ -7.10209, 37.37179 ], [ -7.0859, 37.34889 ], [ -7.0779, 37.33002 ], [ -7.0712, 37.30261 ], [ -7.08002, 37.28734 ], [ -7.07828, 37.27787 ], [ -7.06005, 37.25836 ], [ -7.03787, 37.24739 ], [ -7.03036, 37.23972 ], [ -7.00558, 37.23247 ], [ -7.00019, 37.25831 ], [ -7.01927, 37.25344 ], [ -7.0475, 37.27052 ], [ -7.05825, 37.26834 ], [ -7.07769, 37.27874 ], [ -7.0639, 37.2945 ], [ -7.0286, 37.29997 ], [ -7.01606, 37.29997 ], [ -6.9795, 37.3079 ] ] } },
{ "type": "Feature", "properties": { "CMUN": "21036", "NMUN": "Granada de Río-Tinto, La", "NPRO": "Huelva", "CPRO": "21", "stroke": "#aaaaaa", "stroke-width": 0.7, "stroke-opacity": 0.45 }, "geometry": { "type": "LineString", "coordinates": [ [ -6.4749, 37.80833 ], [ -6.49529, 37.81053 ], [ -6.51536, 37.80831 ], [ -6.53186, 37.81014 ], [ -6.53722, 37.80248 ], [ -6.54897, 37.79794 ], [ -6.54552, 37.79033 ], [ -6.53382, 37.78599 ], [ -6.52971, 37.77524 ], [ -6.53655, 37.76074 ], [ -6.54306, 37.75859 ], [ -6.55733, 37.73742 ], [ -6.5238, 37.74233 ], [ -6.50211, 37.73573 ], [ -6.48304, 37.72082 ], [ -6.4841, 37.73132 ], [ -6.47748, 37.73972 ], [ -6.4802, 37.74619 ], [ -6.48046, 37.7761 ], [ -6.47333, 37.79869 ], [ -6.4749, 37.80833 ] ] } },
{ "type": "Feature", "properties": { "CMUN": "21037", "NMUN": "Granado, El", "NPRO": "Huelva", "CPRO": "21", "stroke": "#aaaaaa", "stroke-width": 0.7, "stroke-opacity": 0.45 }, "geometry": { "type": "LineString", "coordinates": [ [ -7.33474, 37.50509 ], [ -7.39753, 37.51538 ], [ -7.39851, 37.52587 ], [ -7.40504, 37.53171 ], [ -7.41078, 37.55322 ], [ -7.42537, 37.55822 ], [ -7.45977, 37.56625 ], [ -7.48504, 37.57537 ], [ -7.5014, 37.57838 ], [ -7.51463, 37.57137 ], [ -7.51104, 37.55953 ], [ -7.52285, 37.55339 ], [ -7.51247, 37.53654 ], [ -7.50971, 37.52316 ], [ -7.49497, 37.52348 ], [ -7.49013, 37.50657 ], [ -7.48201, 37.49618 ], [ -7.46584, 37.48998 ], [ -7.44049, 37.50983 ], [ -7.42273, 37.50597 ], [ -7.42323, 37.4924 ], [ -7.41558, 37.49064 ], [ -7.39319, 37.49322 ], [ -7.37168, 37.48639 ], [ -7.35661, 37.48432 ], [ -7.34787, 37.45765 ], [ -7.36101, 37.44135 ], [ -7.37207, 37.43402 ], [ -7.36029, 37.42253 ], [ -7.34366, 37.42063 ], [ -7.35352, 37.43101 ], [ -7.34193, 37.44639 ], [ -7.31965, 37.46332 ], [ -7.32968, 37.47442 ], [ -7.32946, 37.49278 ], [ -7.33474, 37.50509 ] ] } },
{ "type": "Feature", "properties": { "CMUN": "21038", "NMUN": "Higuera de la Sierra", "NPRO": "Huelva", "CPRO": "21", "stroke": "#aaaaaa", "stroke-width": 0.7, "stroke-opacity": 0.45 }, "geometry": { "type": "LineString", "coordinates": [ [ -6.45012, 37.85668 ], [ -6.45756, 37.85872 ], [ -6.4773, 37.84782 ], [ -6.47387, 37.83343 ], [ -6.47536, 37.82038 ], [ -6.45514, 37.81093 ], [ -6.41864, 37.81075 ], [ -6.40885, 37.82175 ], [ -6.41988, 37.83162 ], [ -6.41844, 37.85353 ], [ -6.43273, 37.8575 ], [ -6.45012, 37.85668 ] ] } },
{ "type": "Feature", "properties": { "CMUN": "21039", "NMUN": "Hinojales", "NPRO": "Huelva", "CPRO": "21", "stroke": "#aaaaaa", "stroke-width": 0.7, "stroke-opacity": 0.45 }, "geometry": { "type": "LineString", "coordinates": [ [ -6.56965, 38.02271 ], [ -6.58233, 38.02085 ], [ -6.58717, 38.02678 ], [ -6.60032, 38.02292 ], [ -6.6054, 38.014 ], [ -6.6234, 37.99864 ], [ -6.62064, 37.99294 ], [ -6.61226, 37.98834 ], [ -6.60002, 37.99156 ], [ -6.58107, 37.98748 ], [ -6.54307, 37.98387 ], [ -6.51702, 37.97638 ], [ -6.50024, 37.97209 ], [ -6.52336, 37.98366 ], [ -6.54181, 38.00467 ], [ -6.5466, 38.01429 ], [ -6.55901, 38.02183 ], [ -6.56965, 38.02271 ] ] } },
{ "type": "Feature", "properties": { "CMUN": "21040", "NMUN": "Hinojos", "NPRO": "Huelva", "CPRO": "21", "stroke": "#aaaaaa", "stroke-width": 0.7, "stroke-opacity": 0.45 }, "geometry": { "type": "LineString", "coordinates": [ [ -6.33612, 37.16962 ], [ -6.35056, 37.18056 ], [ -6.35322, 37.19874 ], [ -6.34525, 37.21828 ], [ -6.35931, 37.23659 ], [ -6.35124, 37.24961 ], [ -6.34973, 37.26517 ], [ -6.33708, 37.27474 ], [ -6.34241, 37.27967 ], [ -6.3365, 37.28945 ], [ -6.33564, 37.30135 ], [ -6.34357, 37.31271 ], [ -6.35853, 37.31996 ], [ -6.38457, 37.33749 ], [ -6.39277, 37.34263 ], [ -6.40812, 37.33351 ], [ -6.42, 37.31987 ], [ -6.44143, 37.33282 ], [ -6.45559, 37.34115 ], [ -6.4532, 37.35766 ], [ -6.44738, 37.36326 ], [ -6.46941, 37.37191 ], [ -6.48702, 37.34643 ], [ -6.4685, 37.33583 ], [ -6.47206, 37.33057 ], [ -6.46597, 37.31388 ], [ -6.44819, 37.2923 ], [ -6.43582, 37.28708 ], [ -6.42326, 37.2759 ], [ -6.41879, 37.26309 ], [ -6.42707, 37.24446 ], [ -6.43225, 37.22248 ], [ -6.44791, 37.21382 ], [ -6.46039, 37.19826 ], [ -6.45629, 37.1792 ], [ -6.46143, 37.17363 ], [ -6.45811, 37.1437 ], [ -6.4616, 37.13466 ], [ -6.45953, 37.11041 ], [ -6.44724, 37.10301 ], [ -6.43397, 37.10061 ], [ -6.43395, 37.08666 ], [ -6.43991, 37.08227 ], [ -6.43645, 37.06799 ], [ -6.42312, 37.04254 ], [ -6.43062, 37.02712 ], [ -6.43234, 37.01421 ], [ -6.42311, 36.98808 ], [ -6.40975, 36.96933 ], [ -6.39972, 36.96 ], [ -6.37889, 36.9347 ], [ -6.36381, 36.9458 ], [ -6.3599, 36.95851 ], [ -6.36117, 36.9719 ], [ -6.35428, 36.98524 ], [ -6.35719, 37.00136 ], [ -6.37366, 37.03277 ], [ -6.37991, 37.04834 ], [ -6.38639, 37.07443 ], [ -6.38157, 37.09131 ], [ -6.37136, 37.10216 ], [ -6.35728, 37.10991 ], [ -6.36009, 37.11729 ], [ -6.34329, 37.12114 ], [ -6.34318, 37.12801 ], [ -6.35553, 37.13451 ], [ -6.35899, 37.14113 ], [ -6.33612, 37.16962 ] ] } },
{ "type": "Feature", "properties": { "CMUN": "21041", "NMUN": "Huelva", "NPRO": "Huelva", "CPRO": "21", "stroke": "#aaaaaa", "stroke-width": 0.7, "stroke-opacity": 0.45 }, "geometry": { "type": "LineString", "coordinates": [ [ -6.89988, 37.15796 ], [ -6.93277, 37.18592 ], [ -6.94192, 37.207 ], [ -6.89601, 37.24969 ], [ -6.87826, 37.2627 ], [ -6.87041, 37.2728 ], [ -6.85068, 37.2838 ], [ -6.85767, 37.29833 ], [ -6.85262, 37.30478 ], [ -6.86674, 37.3236 ], [ -6.88744, 37.34564 ], [ -6.89263, 37.35489 ], [ -6.90576, 37.366 ], [ -6.92686, 37.35576 ], [ -6.9347, 37.33928 ], [ -6.94699, 37.34024 ], [ -6.9795, 37.3079 ], [ -6.97593, 37.2862 ], [ -6.98177, 37.28029 ], [ -6.98297, 37.26915 ], [ -7.00019, 37.25831 ], [ -7.00558, 37.23247 ], [ -6.98663, 37.22482 ], [ -6.97027, 37.20189 ], [ -6.96395, 37.18828 ], [ -6.94049, 37.16596 ], [ -6.93401, 37.16569 ], [ -6.90775, 37.15331 ], [ -6.89988, 37.15796 ] ] } },
{ "type": "Feature", "properties": { "CMUN": "21042", "NMUN": "Isla Cristina", "NPRO": "Huelva", "CPRO": "21", "stroke": "#aaaaaa", "stroke-width": 0.7, "stroke-opacity": 0.45 }, "geometry": { "type": "LineString", "coordinates": [ [ -7.33296, 37.1897 ], [ -7.28483, 37.20064 ], [ -7.23071, 37.20373 ], [ -7.23278, 37.22098 ], [ -7.25568, 37.24629 ], [ -7.28081, 37.26484 ], [ -7.29941, 37.25896 ], [ -7.31369, 37.2633 ], [ -7.33154, 37.26074 ], [ -7.33526, 37.26462 ], [ -7.33026, 37.2556 ], [ -7.31595, 37.24524 ], [ -7.31195, 37.22914 ], [ -7.31462, 37.22005 ], [ -7.32725, 37.22154 ], [ -7.34266, 37.21485 ], [ -7.33086, 37.20586 ], [ -7.33296, 37.1897 ] ] } },
{ "type": "Feature", "properties": { "CMUN": "21043", "NMUN": "Jabugo", "NPRO": "Huelva", "CPRO": "21", "stroke": "#aaaaaa", "stroke-width": 0.7, "stroke-opacity": 0.45 }, "geometry": { "type": "LineString", "coordinates": [ [ -6.70487, 37.88472 ], [ -6.71682, 37.8938 ], [ -6.71831, 37.90344 ], [ -6.71884, 37.92911 ], [ -6.72617, 37.93155 ], [ -6.74048, 37.92659 ], [ -6.74566, 37.93225 ], [ -6.7652, 37.93565 ], [ -6.78039, 37.9256 ], [ -6.80069, 37.91766 ], [ -6.79812, 37.91156 ], [ -6.77685, 37.90676 ], [ -6.77009, 37.91105 ], [ -6.76238, 37.90014 ], [ -6.74497, 37.88936 ], [ -6.73155, 37.88941 ], [ -6.726, 37.88462 ], [ -6.70487, 37.88472 ] ] } },
{ "type": "Feature", "properties": { "CMUN": "21044", "NMUN": "Lepe", "NPRO": "Huelva", "CPRO": "21", "stroke": "#aaaaaa", "stroke-width": 0.7, "stroke-opacity": 0.45 }, "geometry": { "type": "LineString", "coordinates": [ [ -7.28081, 37.26484 ], [ -7.25568, 37.24629 ], [ -7.23278, 37.22098 ], [ -7.23071, 37.20373 ], [ -7.15751, 37.20732 ], [ -7.11548, 37.20748 ], [ -7.06186, 37.20423 ], [ -7.05571, 37.20646 ], [ -7.07047, 37.21136 ], [ -7.13318, 37.21503 ], [ -7.15381, 37.21168 ], [ -7.16838, 37.21666 ], [ -7.17131, 37.22372 ], [ -7.16349, 37.24975 ], [ -7.16236, 37.26226 ], [ -7.17103, 37.26345 ], [ -7.17934, 37.27998 ], [ -7.17119, 37.29013 ], [ -7.18056, 37.29255 ], [ -7.19793, 37.30991 ], [ -7.21324, 37.32122 ], [ -7.22174, 37.32334 ], [ -7.24365, 37.34476 ], [ -7.24651, 37.35166 ], [ -7.25765, 37.35316 ], [ -7.27086, 37.385 ], [ -7.30201, 37.38736 ], [ -7.30788, 37.36871 ], [ -7.30408, 37.35318 ], [ -7.2906, 37.34269 ], [ -7.2795, 37.34025 ], [ -7.26149, 37.32299 ], [ -7.25908, 37.30654 ], [ -7.27259, 37.29105 ], [ -7.28081, 37.26484 ] ] } },
{ "type": "Feature", "properties": { "CMUN": "21045", "NMUN": "Linares de la Sierra", "NPRO": "Huelva", "CPRO": "21", "stroke": "#aaaaaa", "stroke-width": 0.7, "stroke-opacity": 0.45 }, "geometry": { "type": "LineString", "coordinates": [ [ -6.59813, 37.89145 ], [ -6.61471, 37.89396 ], [ -6.64052, 37.88598 ], [ -6.63175, 37.86758 ], [ -6.62566, 37.86552 ], [ -6.61587, 37.83669 ], [ -6.62038, 37.81886 ], [ -6.61095, 37.8126 ], [ -6.5952, 37.815 ], [ -6.57953, 37.82617 ], [ -6.57908, 37.84504 ], [ -6.5891, 37.85698 ], [ -6.58851, 37.86988 ], [ -6.59642, 37.87559 ], [ -6.59813, 37.89145 ] ] } },
{ "type": "Feature", "properties": { "CMUN": "21046", "NMUN": "Lucena del Puerto", "NPRO": "Huelva", "CPRO": "21", "stroke": "#aaaaaa", "stroke-width": 0.7, "stroke-opacity": 0.45 }, "geometry": { "type": "LineString", "coordinates": [ [ -6.72391, 37.19678 ], [ -6.74295, 37.2112 ], [ -6.7056, 37.24239 ], [ -6.71514, 37.25059 ], [ -6.70744, 37.26439 ], [ -6.69766, 37.29117 ], [ -6.71002, 37.31262 ], [ -6.7229, 37.32884 ], [ -6.74988, 37.31681 ], [ -6.75551, 37.31062 ], [ -6.77805, 37.30418 ], [ -6.7793, 37.29803 ], [ -6.75937, 37.26679 ], [ -6.75946, 37.24935 ], [ -6.75396, 37.23768 ], [ -6.75233, 37.19772 ], [ -6.75283, 37.1598 ], [ -6.74083, 37.13675 ], [ -6.72953, 37.09033 ], [ -6.7228, 37.10136 ], [ -6.72508, 37.1124 ], [ -6.73651, 37.13841 ], [ -6.73845, 37.15888 ], [ -6.73718, 37.1752 ], [ -6.73232, 37.18988 ], [ -6.72391, 37.19678 ] ] } },
{ "type": "Feature", "properties": { "CMUN": "21047", "NMUN": "Manzanilla", "NPRO": "Huelva", "CPRO": "21", "stroke": "#aaaaaa", "stroke-width": 0.7, "stroke-opacity": 0.45 }, "geometry": { "type": "LineString", "coordinates": [ [ -6.39256, 37.38653 ], [ -6.40078, 37.3887 ], [ -6.41403, 37.39916 ], [ -6.42516, 37.40519 ], [ -6.44697, 37.41022 ], [ -6.45401, 37.43348 ], [ -6.45577, 37.44706 ], [ -6.46547, 37.4461 ], [ -6.47216, 37.4573 ], [ -6.49233, 37.46184 ], [ -6.5055, 37.45973 ], [ -6.48925, 37.43444 ], [ -6.47869, 37.42426 ], [ -6.46515, 37.41649 ], [ -6.45275, 37.40348 ], [ -6.47089, 37.38126 ], [ -6.46941, 37.37191 ], [ -6.44738, 37.36326 ], [ -6.44112, 37.36844 ], [ -6.42006, 37.35837 ], [ -6.4136, 37.35875 ], [ -6.40016, 37.37267 ], [ -6.39256, 37.38653 ] ] } },
{ "type": "Feature", "properties": { "CMUN": "21048", "NMUN": "Marines, Los", "NPRO": "Huelva", "CPRO": "21", "stroke": "#aaaaaa", "stroke-width": 0.7, "stroke-opacity": 0.45 }, "geometry": { "type": "LineString", "coordinates": [ [ -6.64419, 37.92273 ], [ -6.64568, 37.92305 ], [ -6.63974, 37.91249 ], [ -6.64194, 37.89203 ], [ -6.64788, 37.889 ], [ -6.64725, 37.88631 ], [ -6.64052, 37.88598 ], [ -6.61471, 37.89396 ], [ -6.59813, 37.89145 ], [ -6.59524, 37.90338 ], [ -6.60747, 37.91557 ], [ -6.61082, 37.90983 ], [ -6.62632, 37.91246 ], [ -6.64419, 37.92273 ] ] } },
{ "type": "Feature", "properties": { "CMUN": "21049", "NMUN": "Minas de Riotinto", "NPRO": "Huelva", "CPRO": "21", "stroke": "#aaaaaa", "stroke-width": 0.7, "stroke-opacity": 0.45 }, "geometry": { "type": "LineString", "coordinates": [ [ -6.53609, 37.65098 ], [ -6.56114, 37.69012 ], [ -6.55825, 37.70145 ], [ -6.57514, 37.72463 ], [ -6.58813, 37.72881 ], [ -6.60463, 37.72187 ], [ -6.62085, 37.72047 ], [ -6.62319, 37.71579 ], [ -6.61109, 37.6939 ], [ -6.58382, 37.68629 ], [ -6.57035, 37.66967 ], [ -6.55099, 37.6651 ], [ -6.5417, 37.65028 ], [ -6.53609, 37.65098 ] ] } },
{ "type": "Feature", "properties": { "CMUN": "21050", "NMUN": "Moguer", "NPRO": "Huelva", "CPRO": "21", "stroke": "#aaaaaa", "stroke-width": 0.7, "stroke-opacity": 0.45 }, "geometry": { "type": "LineString", "coordinates": [ [ -6.89601, 37.24969 ], [ -6.8812, 37.23923 ], [ -6.87171, 37.22512 ], [ -6.87307, 37.20821 ], [ -6.86761, 37.19055 ], [ -6.86548, 37.15669 ], [ -6.85993, 37.15066 ], [ -6.83439, 37.13619 ], [ -6.81258, 37.12904 ], [ -6.77246, 37.11196 ], [ -6.72953, 37.09033 ], [ -6.74083, 37.13675 ], [ -6.75283, 37.1598 ], [ -6.75233, 37.19772 ], [ -6.75396, 37.23768 ], [ -6.75946, 37.24935 ], [ -6.75937, 37.26679 ], [ -6.7793, 37.29803 ], [ -6.77805, 37.30418 ], [ -6.782, 37.30896 ], [ -6.79296, 37.30964 ], [ -6.81697, 37.31145 ], [ -6.82609, 37.30326 ], [ -6.85008, 37.29131 ], [ -6.85014, 37.28279 ], [ -6.87293, 37.26913 ], [ -6.87826, 37.2627 ], [ -6.89601, 37.24969 ] ] } },
{ "type": "Feature", "properties": { "CMUN": "21051", "NMUN": "Nava, La", "NPRO": "Huelva", "CPRO": "21", "stroke": "#aaaaaa", "stroke-width": 0.7, "stroke-opacity": 0.45 }, "geometry": { "type": "LineString", "coordinates": [ [ -6.7605, 38.01208 ], [ -6.78322, 38.01311 ], [ -6.8071, 37.99781 ], [ -6.81873, 37.99568 ], [ -6.82095, 37.97792 ], [ -6.81458, 37.96347 ], [ -6.80415, 37.96464 ], [ -6.78874, 37.95099 ], [ -6.77037, 37.94579 ], [ -6.75852, 37.94981 ], [ -6.74367, 37.94592 ], [ -6.74566, 37.93225 ], [ -6.74048, 37.92659 ], [ -6.72617, 37.93155 ], [ -6.71886, 37.94403 ], [ -6.70126, 37.95394 ], [ -6.70134, 37.96695 ], [ -6.70074, 37.9754 ], [ -6.71807, 37.987 ], [ -6.73749, 38.00462 ], [ -6.75329, 38.00399 ], [ -6.7605, 38.01208 ] ] } },
{ "type": "Feature", "properties": { "CMUN": "21052", "NMUN": "Nerva", "NPRO": "Huelva", "CPRO": "21", "stroke": "#aaaaaa", "stroke-width": 0.7, "stroke-opacity": 0.45 }, "geometry": { "type": "LineString", "coordinates": [ [ -6.53609, 37.65098 ], [ -6.52551, 37.66413 ], [ -6.51966, 37.66224 ], [ -6.5009, 37.66888 ], [ -6.50092, 37.67715 ], [ -6.48865, 37.69821 ], [ -6.48492, 37.69769 ], [ -6.47975, 37.70486 ], [ -6.48304, 37.72082 ], [ -6.50211, 37.73573 ], [ -6.5238, 37.74233 ], [ -6.55733, 37.73742 ], [ -6.58518, 37.74271 ], [ -6.58813, 37.72881 ], [ -6.57514, 37.72463 ], [ -6.55825, 37.70145 ], [ -6.56114, 37.69012 ], [ -6.53609, 37.65098 ] ] } },
{ "type": "Feature", "properties": { "CMUN": "21053", "NMUN": "Niebla", "NPRO": "Huelva", "CPRO": "21", "stroke": "#aaaaaa", "stroke-width": 0.7, "stroke-opacity": 0.45 }, "geometry": { "type": "LineString", "coordinates": [ [ -6.62264, 37.34845 ], [ -6.63182, 37.35543 ], [ -6.63636, 37.369 ], [ -6.65274, 37.37689 ], [ -6.67508, 37.39467 ], [ -6.67897, 37.40762 ], [ -6.67718, 37.41675 ], [ -6.67974, 37.43622 ], [ -6.6655, 37.43975 ], [ -6.65244, 37.452 ], [ -6.63157, 37.45895 ], [ -6.62063, 37.45324 ], [ -6.61112, 37.4431 ], [ -6.60464, 37.42949 ], [ -6.58573, 37.43784 ], [ -6.57519, 37.45458 ], [ -6.56987, 37.4786 ], [ -6.57428, 37.49534 ], [ -6.57421, 37.51212 ], [ -6.58902, 37.52548 ], [ -6.5987, 37.51025 ], [ -6.62997, 37.51887 ], [ -6.6397, 37.53001 ], [ -6.66413, 37.53044 ], [ -6.66974, 37.51136 ], [ -6.68089, 37.50845 ], [ -6.68662, 37.51577 ], [ -6.71787, 37.50951 ], [ -6.72964, 37.49936 ], [ -6.75487, 37.49562 ], [ -6.76489, 37.49202 ], [ -6.76298, 37.46804 ], [ -6.76856, 37.45691 ], [ -6.75965, 37.4423 ], [ -6.7462, 37.43844 ], [ -6.73628, 37.43091 ], [ -6.7311, 37.41561 ], [ -6.73736, 37.40924 ], [ -6.73607, 37.39004 ], [ -6.74632, 37.35697 ], [ -6.75782, 37.33132 ], [ -6.75523, 37.32147 ], [ -6.782, 37.30896 ], [ -6.77805, 37.30418 ], [ -6.75551, 37.31062 ], [ -6.74988, 37.31681 ], [ -6.7229, 37.32884 ], [ -6.71236, 37.33258 ], [ -6.71083, 37.34394 ], [ -6.67983, 37.34506 ], [ -6.66673, 37.32944 ], [ -6.63865, 37.32467 ], [ -6.63252, 37.33581 ], [ -6.62243, 37.33468 ], [ -6.62264, 37.34845 ] ] } },
{ "type": "Feature", "properties": { "CMUN": "21054", "NMUN": "Palma del Condado, La", "NPRO": "Huelva", "CPRO": "21", "stroke": "#aaaaaa", "stroke-width": 0.7, "stroke-opacity": 0.45 }, "geometry": { "type": "LineString", "coordinates": [ [ -6.50384, 37.35785 ], [ -6.51758, 37.39571 ], [ -6.53259, 37.42176 ], [ -6.54514, 37.44989 ], [ -6.54447, 37.45998 ], [ -6.57519, 37.45458 ], [ -6.58573, 37.43784 ], [ -6.60464, 37.42949 ], [ -6.59377, 37.41479 ], [ -6.57749, 37.36182 ], [ -6.55116, 37.35598 ], [ -6.51902, 37.36174 ], [ -6.50384, 37.35785 ] ] } },
{ "type": "Feature", "properties": { "CMUN": "21055", "NMUN": "Palos de la Frontera", "NPRO": "Huelva", "CPRO": "21", "stroke": "#aaaaaa", "stroke-width": 0.7, "stroke-opacity": 0.45 }, "geometry": { "type": "LineString", "coordinates": [ [ -6.72953, 37.09033 ], [ -6.77246, 37.11196 ], [ -6.81258, 37.12904 ], [ -6.83439, 37.13619 ], [ -6.85993, 37.15066 ], [ -6.86548, 37.15669 ], [ -6.86761, 37.19055 ], [ -6.87307, 37.20821 ], [ -6.87171, 37.22512 ], [ -6.8812, 37.23923 ], [ -6.89601, 37.24969 ], [ -6.94192, 37.207 ], [ -6.93277, 37.18592 ], [ -6.89988, 37.15796 ], [ -6.89361, 37.16142 ], [ -6.88365, 37.15409 ], [ -6.8198, 37.12821 ], [ -6.78025, 37.1147 ], [ -6.72973, 37.08998 ], [ -6.72953, 37.09033 ] ] } },
{ "type": "Feature", "properties": { "CMUN": "21056", "NMUN": "Paterna del Campo", "NPRO": "Huelva", "CPRO": "21", "stroke": "#aaaaaa", "stroke-width": 0.7, "stroke-opacity": 0.45 }, "geometry": { "type": "LineString", "coordinates": [ [ -6.41403, 37.39916 ], [ -6.4081, 37.41326 ], [ -6.39294, 37.42104 ], [ -6.36714, 37.44067 ], [ -6.36766, 37.45166 ], [ -6.37362, 37.46797 ], [ -6.3807, 37.4782 ], [ -6.38452, 37.49411 ], [ -6.39646, 37.501 ], [ -6.41202, 37.50007 ], [ -6.42468, 37.49308 ], [ -6.43734, 37.50845 ], [ -6.44798, 37.5145 ], [ -6.45394, 37.52323 ], [ -6.45657, 37.51602 ], [ -6.49491, 37.50336 ], [ -6.52444, 37.50559 ], [ -6.52396, 37.51554 ], [ -6.54012, 37.5184 ], [ -6.57221, 37.52887 ], [ -6.5817, 37.5351 ], [ -6.58902, 37.52548 ], [ -6.57421, 37.51212 ], [ -6.57428, 37.49534 ], [ -6.56987, 37.4786 ], [ -6.57519, 37.45458 ], [ -6.54447, 37.45998 ], [ -6.52877, 37.46671 ], [ -6.51034, 37.46723 ], [ -6.5055, 37.45973 ], [ -6.49233, 37.46184 ], [ -6.47216, 37.4573 ], [ -6.46547, 37.4461 ], [ -6.45577, 37.44706 ], [ -6.45401, 37.43348 ], [ -6.44697, 37.41022 ], [ -6.42516, 37.40519 ], [ -6.41403, 37.39916 ] ] } },
{ "type": "Feature", "properties": { "CMUN": "21057", "NMUN": "Paymogo", "NPRO": "Huelva", "CPRO": "21", "stroke": "#aaaaaa", "stroke-width": 0.7, "stroke-opacity": 0.45 }, "geometry": { "type": "LineString", "coordinates": [ [ -7.20248, 37.69481 ], [ -7.20176, 37.71942 ], [ -7.20565, 37.73745 ], [ -7.25769, 37.77653 ], [ -7.26167, 37.80297 ], [ -7.27047, 37.82069 ], [ -7.27319, 37.83344 ], [ -7.30051, 37.84291 ], [ -7.3097, 37.8365 ], [ -7.32096, 37.81948 ], [ -7.36625, 37.79252 ], [ -7.37909, 37.78215 ], [ -7.38214, 37.77526 ], [ -7.40291, 37.76691 ], [ -7.42265, 37.75547 ], [ -7.41826, 37.74674 ], [ -7.42694, 37.74174 ], [ -7.42629, 37.73377 ], [ -7.43504, 37.71946 ], [ -7.43919, 37.7011 ], [ -7.41962, 37.69799 ], [ -7.40046, 37.70169 ], [ -7.36159, 37.69431 ], [ -7.35323, 37.68858 ], [ -7.35255, 37.67985 ], [ -7.2599, 37.69725 ], [ -7.24861, 37.70267 ], [ -7.24421, 37.69499 ], [ -7.20248, 37.69481 ] ] } },
{ "type": "Feature", "properties": { "CMUN": "21058", "NMUN": "Puebla de Guzmán", "NPRO": "Huelva", "CPRO": "21", "stroke": "#aaaaaa", "stroke-width": 0.7, "stroke-opacity": 0.45 }, "geometry": { "type": "LineString", "coordinates": [ [ -7.20248, 37.69481 ], [ -7.24421, 37.69499 ], [ -7.24861, 37.70267 ], [ -7.2599, 37.69725 ], [ -7.35255, 37.67985 ], [ -7.35323, 37.68858 ], [ -7.36159, 37.69431 ], [ -7.40046, 37.70169 ], [ -7.41962, 37.69799 ], [ -7.43919, 37.7011 ], [ -7.44762, 37.69789 ], [ -7.44359, 37.68852 ], [ -7.45256, 37.67779 ], [ -7.44492, 37.66414 ], [ -7.45323, 37.66331 ], [ -7.45566, 37.64571 ], [ -7.47037, 37.63615 ], [ -7.47135, 37.62413 ], [ -7.48653, 37.61152 ], [ -7.48834, 37.60458 ], [ -7.50368, 37.60471 ], [ -7.49647, 37.59401 ], [ -7.50131, 37.58369 ], [ -7.476, 37.59384 ], [ -7.46275, 37.60183 ], [ -7.45019, 37.60511 ], [ -7.4338, 37.60361 ], [ -7.42763, 37.60891 ], [ -7.4114, 37.60672 ], [ -7.39682, 37.61598 ], [ -7.38653, 37.61553 ], [ -7.38449, 37.60625 ], [ -7.36538, 37.60579 ], [ -7.34383, 37.59528 ], [ -7.33849, 37.58464 ], [ -7.31847, 37.58117 ], [ -7.30917, 37.55962 ], [ -7.26707, 37.55282 ], [ -7.23201, 37.54226 ], [ -7.21306, 37.55643 ], [ -7.20102, 37.57131 ], [ -7.18642, 37.5837 ], [ -7.17735, 37.59668 ], [ -7.17333, 37.60908 ], [ -7.17138, 37.63342 ], [ -7.16476, 37.64274 ], [ -7.15273, 37.64494 ], [ -7.15568, 37.6613 ], [ -7.12332, 37.67609 ], [ -7.13264, 37.67347 ], [ -7.14145, 37.6846 ], [ -7.15408, 37.69191 ], [ -7.17295, 37.70159 ], [ -7.17494, 37.69482 ], [ -7.18854, 37.68908 ], [ -7.20248, 37.69481 ] ] } },
{ "type": "Feature", "properties": { "CMUN": "21059", "NMUN": "Puerto Moral", "NPRO": "Huelva", "CPRO": "21", "stroke": "#aaaaaa", "stroke-width": 0.7, "stroke-opacity": 0.45 }, "geometry": { "type": "LineString", "coordinates": [ [ -6.4612, 37.91769 ], [ -6.4706, 37.92861 ], [ -6.47831, 37.91964 ], [ -6.47262, 37.91033 ], [ -6.48577, 37.90331 ], [ -6.484, 37.89654 ], [ -6.49701, 37.88461 ], [ -6.49119, 37.87655 ], [ -6.46248, 37.8655 ], [ -6.45234, 37.86617 ], [ -6.44302, 37.87863 ], [ -6.43704, 37.89912 ], [ -6.4612, 37.91769 ] ] } },
{ "type": "Feature", "properties": { "CMUN": "21060", "NMUN": "Punta Umbría", "NPRO": "Huelva", "CPRO": "21", "stroke": "#aaaaaa", "stroke-width": 0.7, "stroke-opacity": 0.45 }, "geometry": { "type": "LineString", "coordinates": [ [ -7.05305, 37.20786 ], [ -7.02103, 37.201 ], [ -6.96999, 37.17752 ], [ -6.94049, 37.16596 ], [ -6.96395, 37.18828 ], [ -6.97027, 37.20189 ], [ -6.98663, 37.22482 ], [ -7.00558, 37.23247 ], [ -7.03036, 37.23972 ], [ -7.03787, 37.24739 ], [ -7.06005, 37.25836 ], [ -7.06316, 37.25363 ], [ -7.08019, 37.24812 ], [ -7.07488, 37.2362 ], [ -7.0646, 37.23417 ], [ -7.05324, 37.221 ], [ -7.05305, 37.20786 ] ] } },
{ "type": "Feature", "properties": { "CMUN": "21061", "NMUN": "Rociana del Condado", "NPRO": "Huelva", "CPRO": "21", "stroke": "#aaaaaa", "stroke-width": 0.7, "stroke-opacity": 0.45 }, "geometry": { "type": "LineString", "coordinates": [ [ -6.66808, 37.23375 ], [ -6.63943, 37.24053 ], [ -6.61297, 37.25269 ], [ -6.55936, 37.29103 ], [ -6.56303, 37.31576 ], [ -6.57113, 37.3241 ], [ -6.59171, 37.33594 ], [ -6.61491, 37.34941 ], [ -6.62264, 37.34845 ], [ -6.62243, 37.33468 ], [ -6.63252, 37.33581 ], [ -6.63865, 37.32467 ], [ -6.65376, 37.30293 ], [ -6.65694, 37.28558 ], [ -6.67034, 37.26026 ], [ -6.67223, 37.24759 ], [ -6.66808, 37.23375 ] ] } },
{ "type": "Feature", "properties": { "CMUN": "21062", "NMUN": "Rosal de la Frontera", "NPRO": "Huelva", "CPRO": "21", "stroke": "#aaaaaa", "stroke-width": 0.7, "stroke-opacity": 0.45 }, "geometry": { "type": "LineString", "coordinates": [ [ -7.09319, 38.04068 ], [ -7.09878, 38.04385 ], [ -7.12499, 38.02524 ], [ -7.12917, 38.0015 ], [ -7.14541, 38.00275 ], [ -7.15602, 37.99387 ], [ -7.17115, 37.99358 ], [ -7.20222, 38.00348 ], [ -7.20604, 37.99768 ], [ -7.22278, 37.98989 ], [ -7.24349, 37.99204 ], [ -7.2628, 37.9774 ], [ -7.24997, 37.96699 ], [ -7.2486, 37.95418 ], [ -7.25784, 37.93171 ], [ -7.25506, 37.92533 ], [ -7.2811, 37.89853 ], [ -7.27955, 37.87671 ], [ -7.28652, 37.86551 ], [ -7.27609, 37.85968 ], [ -7.24851, 37.86085 ], [ -7.23339, 37.85188 ], [ -7.21019, 37.85016 ], [ -7.2047, 37.85415 ], [ -7.17423, 37.84852 ], [ -7.16809, 37.84979 ], [ -7.14498, 37.84496 ], [ -7.12538, 37.82687 ], [ -7.12693, 37.84149 ], [ -7.12488, 37.86093 ], [ -7.12912, 37.86953 ], [ -7.12701, 37.89082 ], [ -7.11927, 37.91479 ], [ -7.12179, 37.9407 ], [ -7.12846, 37.95989 ], [ -7.12004, 37.97107 ], [ -7.11856, 37.99304 ], [ -7.10895, 38.00879 ], [ -7.10246, 38.0272 ], [ -7.09319, 38.04068 ] ] } },
{ "type": "Feature", "properties": { "CMUN": "21063", "NMUN": "San Bartolomé de la Torre", "NPRO": "Huelva", "CPRO": "21", "stroke": "#aaaaaa", "stroke-width": 0.7, "stroke-opacity": 0.45 }, "geometry": { "type": "LineString", "coordinates": [ [ -7.08728, 37.39113 ], [ -7.08081, 37.39375 ], [ -7.07194, 37.41411 ], [ -7.04502, 37.42948 ], [ -7.05481, 37.45817 ], [ -7.06377, 37.4624 ], [ -7.08107, 37.46366 ], [ -7.08307, 37.46809 ], [ -7.10378, 37.47557 ], [ -7.12296, 37.47713 ], [ -7.12943, 37.44983 ], [ -7.14342, 37.43946 ], [ -7.14484, 37.42315 ], [ -7.13662, 37.39849 ], [ -7.08728, 37.39113 ] ] } },
{ "type": "Feature", "properties": { "CMUN": "21064", "NMUN": "San Juan del Puerto", "NPRO": "Huelva", "CPRO": "21", "stroke": "#aaaaaa", "stroke-width": 0.7, "stroke-opacity": 0.45 }, "geometry": { "type": "MultiLineString", "coordinates": [ [ [ -6.79296, 37.30964 ], [ -6.782, 37.30896 ], [ -6.75523, 37.32147 ], [ -6.75782, 37.33132 ], [ -6.7671, 37.33593 ], [ -6.78366, 37.33423 ], [ -6.79219, 37.31985 ], [ -6.79296, 37.30964 ] ], [ [ -6.87826, 37.2627 ], [ -6.87293, 37.26913 ], [ -6.85014, 37.28279 ], [ -6.85008, 37.29131 ], [ -6.82609, 37.30326 ], [ -6.81697, 37.31145 ], [ -6.84366, 37.36694 ], [ -6.84789, 37.38796 ], [ -6.85548, 37.39464 ], [ -6.85562, 37.40289 ], [ -6.8659, 37.38784 ], [ -6.86481, 37.38017 ], [ -6.87729, 37.36987 ], [ -6.89894, 37.3648 ], [ -6.90576, 37.366 ], [ -6.89263, 37.35489 ], [ -6.88744, 37.34564 ], [ -6.86674, 37.3236 ], [ -6.85262, 37.30478 ], [ -6.85767, 37.29833 ], [ -6.85068, 37.2838 ], [ -6.87041, 37.2728 ], [ -6.87826, 37.2627 ] ] ] } },
{ "type": "Feature", "properties": { "CMUN": "21065", "NMUN": "Sanlúcar de Guadiana", "NPRO": "Huelva", "CPRO": "21", "stroke": "#aaaaaa", "stroke-width": 0.7, "stroke-opacity": 0.45 }, "geometry": { "type": "LineString", "coordinates": [ [ -7.34366, 37.42063 ], [ -7.36029, 37.42253 ], [ -7.37207, 37.43402 ], [ -7.36101, 37.44135 ], [ -7.34787, 37.45765 ], [ -7.35661, 37.48432 ], [ -7.37168, 37.48639 ], [ -7.39319, 37.49322 ], [ -7.41558, 37.49064 ], [ -7.42323, 37.4924 ], [ -7.42273, 37.50597 ], [ -7.44049, 37.50983 ], [ -7.46584, 37.48998 ], [ -7.46958, 37.47132 ], [ -7.4572, 37.45329 ], [ -7.45906, 37.43413 ], [ -7.44567, 37.41847 ], [ -7.45907, 37.41419 ], [ -7.46163, 37.40716 ], [ -7.45067, 37.40196 ], [ -7.42934, 37.41287 ], [ -7.40831, 37.4136 ], [ -7.38245, 37.41123 ], [ -7.3468, 37.39462 ], [ -7.32696, 37.38762 ], [ -7.31451, 37.38609 ], [ -7.30201, 37.38736 ], [ -7.29498, 37.4009 ], [ -7.32286, 37.39834 ], [ -7.33862, 37.40503 ], [ -7.3339, 37.41776 ], [ -7.34366, 37.42063 ] ] } },
{ "type": "Feature", "properties": { "CMUN": "21066", "NMUN": "San Silvestre de Guzmán", "NPRO": "Huelva", "CPRO": "21", "stroke": "#aaaaaa", "stroke-width": 0.7, "stroke-opacity": 0.45 }, "geometry": { "type": "LineString", "coordinates": [ [ -7.31451, 37.38609 ], [ -7.32696, 37.38762 ], [ -7.3468, 37.39462 ], [ -7.38245, 37.41123 ], [ -7.40831, 37.4136 ], [ -7.42934, 37.41287 ], [ -7.45067, 37.40196 ], [ -7.44023, 37.39029 ], [ -7.43796, 37.37947 ], [ -7.42224, 37.37845 ], [ -7.41058, 37.37213 ], [ -7.38237, 37.3669 ], [ -7.36921, 37.35888 ], [ -7.34129, 37.35576 ], [ -7.31184, 37.36137 ], [ -7.31093, 37.37435 ], [ -7.31451, 37.38609 ] ] } },
{ "type": "Feature", "properties": { "CMUN": "21067", "NMUN": "Santa Ana la Real", "NPRO": "Huelva", "CPRO": "21", "stroke": "#aaaaaa", "stroke-width": 0.7, "stroke-opacity": 0.45 }, "geometry": { "type": "LineString", "coordinates": [ [ -6.70487, 37.88472 ], [ -6.726, 37.88462 ], [ -6.745, 37.87747 ], [ -6.7482, 37.85492 ], [ -6.74149, 37.82921 ], [ -6.70081, 37.82798 ], [ -6.68077, 37.82378 ], [ -6.67396, 37.82753 ], [ -6.68668, 37.83211 ], [ -6.69553, 37.84137 ], [ -6.69974, 37.86136 ], [ -6.70708, 37.87645 ], [ -6.70487, 37.88472 ] ] } },
{ "type": "Feature", "properties": { "CMUN": "21068", "NMUN": "Santa Bárbara de Casa", "NPRO": "Huelva", "CPRO": "21", "stroke": "#aaaaaa", "stroke-width": 0.7, "stroke-opacity": 0.45 }, "geometry": { "type": "LineString", "coordinates": [ [ -7.12538, 37.82687 ], [ -7.14498, 37.84496 ], [ -7.16809, 37.84979 ], [ -7.17423, 37.84852 ], [ -7.2047, 37.85415 ], [ -7.21019, 37.85016 ], [ -7.23339, 37.85188 ], [ -7.24851, 37.86085 ], [ -7.27609, 37.85968 ], [ -7.28652, 37.86551 ], [ -7.29753, 37.85676 ], [ -7.30051, 37.84291 ], [ -7.27319, 37.83344 ], [ -7.27047, 37.82069 ], [ -7.26167, 37.80297 ], [ -7.25769, 37.77653 ], [ -7.20565, 37.73745 ], [ -7.20176, 37.71942 ], [ -7.20248, 37.69481 ], [ -7.18854, 37.68908 ], [ -7.17494, 37.69482 ], [ -7.17295, 37.70159 ], [ -7.16721, 37.71798 ], [ -7.16295, 37.74076 ], [ -7.12538, 37.82687 ] ] } },
{ "type": "Feature", "properties": { "CMUN": "21069", "NMUN": "Santa Olalla del Cala", "NPRO": "Huelva", "CPRO": "21", "stroke": "#aaaaaa", "stroke-width": 0.7, "stroke-opacity": 0.45 }, "geometry": { "type": "LineString", "coordinates": [ [ -6.13402, 37.78783 ], [ -6.12643, 37.79717 ], [ -6.12621, 37.8241 ], [ -6.13542, 37.83493 ], [ -6.14496, 37.85689 ], [ -6.15412, 37.85336 ], [ -6.16309, 37.8573 ], [ -6.15919, 37.87344 ], [ -6.14142, 37.88499 ], [ -6.13631, 37.89573 ], [ -6.1251, 37.90334 ], [ -6.14876, 37.91671 ], [ -6.16228, 37.91827 ], [ -6.16997, 37.90982 ], [ -6.1841, 37.92815 ], [ -6.18024, 37.94103 ], [ -6.19624, 37.94912 ], [ -6.20124, 37.96193 ], [ -6.22675, 37.95985 ], [ -6.24483, 37.95638 ], [ -6.25737, 37.93816 ], [ -6.28651, 37.93573 ], [ -6.29361, 37.93169 ], [ -6.31851, 37.92956 ], [ -6.34445, 37.92333 ], [ -6.35433, 37.92381 ], [ -6.36979, 37.91821 ], [ -6.3421, 37.9116 ], [ -6.32066, 37.89051 ], [ -6.29797, 37.8772 ], [ -6.28311, 37.87234 ], [ -6.25421, 37.83866 ], [ -6.24768, 37.82641 ], [ -6.23089, 37.81566 ], [ -6.21553, 37.79124 ], [ -6.2024, 37.80553 ], [ -6.18766, 37.80988 ], [ -6.17738, 37.79816 ], [ -6.15909, 37.79066 ], [ -6.14711, 37.79371 ], [ -6.13402, 37.78783 ] ] } },
{ "type": "Feature", "properties": { "CMUN": "21070", "NMUN": "Trigueros", "NPRO": "Huelva", "CPRO": "21", "stroke": "#aaaaaa", "stroke-width": 0.7, "stroke-opacity": 0.45 }, "geometry": { "type": "LineString", "coordinates": [ [ -6.75782, 37.33132 ], [ -6.74632, 37.35697 ], [ -6.76079, 37.36833 ], [ -6.78494, 37.37373 ], [ -6.79099, 37.39246 ], [ -6.80685, 37.40878 ], [ -6.81607, 37.40615 ], [ -6.83242, 37.42218 ], [ -6.8477, 37.45384 ], [ -6.85837, 37.46656 ], [ -6.87101, 37.48898 ], [ -6.89204, 37.50598 ], [ -6.90174, 37.50681 ], [ -6.92175, 37.52007 ], [ -6.93081, 37.51148 ], [ -6.93952, 37.48638 ], [ -6.9583, 37.4862 ], [ -6.97061, 37.47427 ], [ -6.9731, 37.47089 ], [ -6.94924, 37.4644 ], [ -6.93275, 37.4645 ], [ -6.91512, 37.45849 ], [ -6.8999, 37.44724 ], [ -6.8814, 37.44052 ], [ -6.8688, 37.43199 ], [ -6.85587, 37.41846 ], [ -6.85562, 37.40289 ], [ -6.85548, 37.39464 ], [ -6.84789, 37.38796 ], [ -6.84366, 37.36694 ], [ -6.81697, 37.31145 ], [ -6.79296, 37.30964 ], [ -6.79219, 37.31985 ], [ -6.78366, 37.33423 ], [ -6.7671, 37.33593 ], [ -6.75782, 37.33132 ] ] } },
{ "type": "Feature", "properties": { "CMUN": "21071", "NMUN": "Valdelarco", "NPRO": "Huelva", "CPRO": "21", "stroke": "#aaaaaa", "stroke-width": 0.7, "stroke-opacity": 0.45 }, "geometry": { "type": "LineString", "coordinates": [ [ -6.6619, 37.98258 ], [ -6.67526, 37.97701 ], [ -6.67899, 37.96613 ], [ -6.70134, 37.96695 ], [ -6.70126, 37.95394 ], [ -6.69481, 37.9432 ], [ -6.677, 37.93517 ], [ -6.66798, 37.93551 ], [ -6.66213, 37.94344 ], [ -6.64493, 37.94666 ], [ -6.64407, 37.93761 ], [ -6.65959, 37.9231 ], [ -6.64568, 37.92305 ], [ -6.64419, 37.92273 ], [ -6.64142, 37.93206 ], [ -6.64318, 37.95057 ], [ -6.65363, 37.96261 ], [ -6.66912, 37.96917 ], [ -6.6619, 37.98258 ] ] } },
{ "type": "Feature", "properties": { "CMUN": "21072", "NMUN": "Valverde del Camino", "NPRO": "Huelva", "CPRO": "21", "stroke": "#aaaaaa", "stroke-width": 0.7, "stroke-opacity": 0.45 }, "geometry": { "type": "LineString", "coordinates": [ [ -6.5817, 37.5351 ], [ -6.60019, 37.54878 ], [ -6.63442, 37.5682 ], [ -6.638, 37.57635 ], [ -6.67544, 37.58154 ], [ -6.6866, 37.58701 ], [ -6.69349, 37.59712 ], [ -6.71193, 37.61291 ], [ -6.7392, 37.61566 ], [ -6.78041, 37.62474 ], [ -6.7924, 37.62515 ], [ -6.81991, 37.63127 ], [ -6.82449, 37.62835 ], [ -6.81986, 37.6161 ], [ -6.83451, 37.60971 ], [ -6.847, 37.59368 ], [ -6.84553, 37.57809 ], [ -6.85932, 37.56603 ], [ -6.86212, 37.55555 ], [ -6.8555, 37.54765 ], [ -6.85753, 37.54041 ], [ -6.84644, 37.53152 ], [ -6.83416, 37.53045 ], [ -6.81932, 37.51545 ], [ -6.80108, 37.51431 ], [ -6.77749, 37.5086 ], [ -6.75487, 37.49562 ], [ -6.72964, 37.49936 ], [ -6.71787, 37.50951 ], [ -6.68662, 37.51577 ], [ -6.68089, 37.50845 ], [ -6.66974, 37.51136 ], [ -6.66413, 37.53044 ], [ -6.6397, 37.53001 ], [ -6.62997, 37.51887 ], [ -6.5987, 37.51025 ], [ -6.58902, 37.52548 ], [ -6.5817, 37.5351 ] ] } },
{ "type": "Feature", "properties": { "CMUN": "21073", "NMUN": "Villablanca", "NPRO": "Huelva", "CPRO": "21", "stroke": "#aaaaaa", "stroke-width": 0.7, "stroke-opacity": 0.45 }, "geometry": { "type": "LineString", "coordinates": [ [ -7.28081, 37.26484 ], [ -7.27259, 37.29105 ], [ -7.25908, 37.30654 ], [ -7.26149, 37.32299 ], [ -7.2795, 37.34025 ], [ -7.2906, 37.34269 ], [ -7.30408, 37.35318 ], [ -7.32031, 37.34567 ], [ -7.32606, 37.348 ], [ -7.37657, 37.34596 ], [ -7.38848, 37.34375 ], [ -7.40539, 37.32957 ], [ -7.40423, 37.30644 ], [ -7.38433, 37.28209 ], [ -7.33526, 37.26462 ], [ -7.33154, 37.26074 ], [ -7.31369, 37.2633 ], [ -7.29941, 37.25896 ], [ -7.28081, 37.26484 ] ] } },
{ "type": "Feature", "properties": { "CMUN": "21074", "NMUN": "Villalba del Alcor", "NPRO": "Huelva", "CPRO": "21", "stroke": "#aaaaaa", "stroke-width": 0.7, "stroke-opacity": 0.45 }, "geometry": { "type": "MultiLineString", "coordinates": [ [ [ -6.44143, 37.33282 ], [ -6.42006, 37.35837 ], [ -6.44112, 37.36844 ], [ -6.44738, 37.36326 ], [ -6.4532, 37.35766 ], [ -6.45559, 37.34115 ], [ -6.44143, 37.33282 ] ], [ [ -6.47206, 37.33057 ], [ -6.4685, 37.33583 ], [ -6.48702, 37.34643 ], [ -6.46941, 37.37191 ], [ -6.47089, 37.38126 ], [ -6.45275, 37.40348 ], [ -6.46515, 37.41649 ], [ -6.47869, 37.42426 ], [ -6.48925, 37.43444 ], [ -6.5055, 37.45973 ], [ -6.51034, 37.46723 ], [ -6.52877, 37.46671 ], [ -6.54447, 37.45998 ], [ -6.54514, 37.44989 ], [ -6.53259, 37.42176 ], [ -6.51758, 37.39571 ], [ -6.50384, 37.35785 ], [ -6.49376, 37.34344 ], [ -6.47206, 37.33057 ] ] ] } },
{ "type": "Feature", "properties": { "CMUN": "21075", "NMUN": "Villanueva de las Cruces", "NPRO": "Huelva", "CPRO": "21", "stroke": "#aaaaaa", "stroke-width": 0.7, "stroke-opacity": 0.45 }, "geometry": { "type": "LineString", "coordinates": [ [ -6.98045, 37.57305 ], [ -6.9812, 37.60862 ], [ -6.99976, 37.62658 ], [ -6.99596, 37.63232 ], [ -7.00185, 37.64487 ], [ -6.9959, 37.65194 ], [ -7.00719, 37.66674 ], [ -7.00997, 37.66555 ], [ -7.05187, 37.62402 ], [ -7.06118, 37.61064 ], [ -7.0383, 37.60185 ], [ -7.01677, 37.59853 ], [ -7.002, 37.58397 ], [ -6.99344, 37.58325 ], [ -6.98045, 37.57305 ] ] } },
{ "type": "Feature", "properties": { "CMUN": "21076", "NMUN": "Villanueva de los Castillejos", "NPRO": "Huelva", "CPRO": "21", "stroke": "#aaaaaa", "stroke-width": 0.7, "stroke-opacity": 0.45 }, "geometry": { "type": "LineString", "coordinates": [ [ -7.08728, 37.39113 ], [ -7.13662, 37.39849 ], [ -7.14484, 37.42315 ], [ -7.14342, 37.43946 ], [ -7.12943, 37.44983 ], [ -7.12296, 37.47713 ], [ -7.10378, 37.47557 ], [ -7.08307, 37.46809 ], [ -7.0839, 37.47616 ], [ -7.07586, 37.48277 ], [ -7.06347, 37.48554 ], [ -7.0616, 37.5001 ], [ -7.06562, 37.50779 ], [ -7.06273, 37.52016 ], [ -7.07155, 37.5247 ], [ -7.08606, 37.51912 ], [ -7.09203, 37.52945 ], [ -7.10026, 37.53177 ], [ -7.13857, 37.52059 ], [ -7.1691, 37.51683 ], [ -7.1838, 37.51109 ], [ -7.22556, 37.50118 ], [ -7.25779, 37.50183 ], [ -7.27586, 37.50547 ], [ -7.29256, 37.50418 ], [ -7.33474, 37.50509 ], [ -7.32946, 37.49278 ], [ -7.32968, 37.47442 ], [ -7.31965, 37.46332 ], [ -7.34193, 37.44639 ], [ -7.35352, 37.43101 ], [ -7.34366, 37.42063 ], [ -7.3339, 37.41776 ], [ -7.33862, 37.40503 ], [ -7.32286, 37.39834 ], [ -7.29498, 37.4009 ], [ -7.29006, 37.40955 ], [ -7.24546, 37.40482 ], [ -7.21292, 37.39366 ], [ -7.19843, 37.39504 ], [ -7.16867, 37.38388 ], [ -7.14749, 37.37208 ], [ -7.13481, 37.37369 ], [ -7.11671, 37.36666 ], [ -7.10209, 37.37179 ], [ -7.09897, 37.38254 ], [ -7.08728, 37.39113 ] ] } },
{ "type": "Feature", "properties": { "CMUN": "21077", "NMUN": "Villarrasa", "NPRO": "Huelva", "CPRO": "21", "stroke": "#aaaaaa", "stroke-width": 0.7, "stroke-opacity": 0.45 }, "geometry": { "type": "LineString", "coordinates": [ [ -6.57749, 37.36182 ], [ -6.59377, 37.41479 ], [ -6.60464, 37.42949 ], [ -6.61112, 37.4431 ], [ -6.62063, 37.45324 ], [ -6.63157, 37.45895 ], [ -6.65244, 37.452 ], [ -6.6655, 37.43975 ], [ -6.67974, 37.43622 ], [ -6.67718, 37.41675 ], [ -6.67897, 37.40762 ], [ -6.67508, 37.39467 ], [ -6.65274, 37.37689 ], [ -6.63636, 37.369 ], [ -6.63182, 37.35543 ], [ -6.62264, 37.34845 ], [ -6.61491, 37.34941 ], [ -6.59171, 37.33594 ], [ -6.57749, 37.36182 ] ] } },
{ "type": "Feature", "properties": { "CMUN": "21078", "NMUN": "Zalamea la Real", "NPRO": "Huelva", "CPRO": "21", "stroke": "#aaaaaa", "stroke-width": 0.7, "stroke-opacity": 0.45 }, "geometry": { "type": "LineString", "coordinates": [ [ -6.55035, 37.62106 ], [ -6.56099, 37.64491 ], [ -6.58033, 37.67233 ], [ -6.60866, 37.67494 ], [ -6.62205, 37.6733 ], [ -6.63262, 37.66114 ], [ -6.64422, 37.66613 ], [ -6.63655, 37.67614 ], [ -6.64708, 37.68778 ], [ -6.67232, 37.6901 ], [ -6.69103, 37.69867 ], [ -6.71471, 37.69522 ], [ -6.72085, 37.69119 ], [ -6.74249, 37.7026 ], [ -6.77656, 37.70249 ], [ -6.79604, 37.70071 ], [ -6.79858, 37.69135 ], [ -6.81672, 37.67696 ], [ -6.82631, 37.66888 ], [ -6.81843, 37.66535 ], [ -6.81702, 37.63672 ], [ -6.82449, 37.62835 ], [ -6.81991, 37.63127 ], [ -6.7924, 37.62515 ], [ -6.78041, 37.62474 ], [ -6.7392, 37.61566 ], [ -6.71193, 37.61291 ], [ -6.69349, 37.59712 ], [ -6.6866, 37.58701 ], [ -6.67544, 37.58154 ], [ -6.638, 37.57635 ], [ -6.63442, 37.5682 ], [ -6.60019, 37.54878 ], [ -6.5817, 37.5351 ], [ -6.57742, 37.54633 ], [ -6.59249, 37.54857 ], [ -6.59072, 37.56745 ], [ -6.57051, 37.57173 ], [ -6.56886, 37.58136 ], [ -6.55688, 37.57916 ], [ -6.54908, 37.5878 ], [ -6.55261, 37.59503 ], [ -6.54929, 37.60515 ], [ -6.55035, 37.62106 ] ] } },
{ "type": "Feature", "properties": { "CMUN": "21079", "NMUN": "Zufre", "NPRO": "Huelva", "CPRO": "21", "stroke": "#aaaaaa", "stroke-width": 0.7, "stroke-opacity": 0.45 }, "geometry": { "type": "LineString", "coordinates": [ [ -6.41078, 37.94419 ], [ -6.44223, 37.9564 ], [ -6.44712, 37.94546 ], [ -6.44568, 37.93068 ], [ -6.4612, 37.91769 ], [ -6.43704, 37.89912 ], [ -6.44302, 37.87863 ], [ -6.45234, 37.86617 ], [ -6.45012, 37.85668 ], [ -6.43273, 37.8575 ], [ -6.41844, 37.85353 ], [ -6.41988, 37.83162 ], [ -6.40885, 37.82175 ], [ -6.41864, 37.81075 ], [ -6.45514, 37.81093 ], [ -6.47536, 37.82038 ], [ -6.4749, 37.80833 ], [ -6.47333, 37.79869 ], [ -6.48046, 37.7761 ], [ -6.4802, 37.74619 ], [ -6.47748, 37.73972 ], [ -6.4841, 37.73132 ], [ -6.48304, 37.72082 ], [ -6.47512, 37.72514 ], [ -6.44999, 37.7189 ], [ -6.43088, 37.72747 ], [ -6.42348, 37.73407 ], [ -6.39003, 37.74769 ], [ -6.3488, 37.75744 ], [ -6.32925, 37.75981 ], [ -6.31102, 37.76487 ], [ -6.27849, 37.75841 ], [ -6.25232, 37.76314 ], [ -6.24745, 37.7575 ], [ -6.24437, 37.74074 ], [ -6.23481, 37.73856 ], [ -6.21665, 37.74455 ], [ -6.21989, 37.75447 ], [ -6.2057, 37.76603 ], [ -6.21553, 37.79124 ], [ -6.23089, 37.81566 ], [ -6.24768, 37.82641 ], [ -6.25421, 37.83866 ], [ -6.28311, 37.87234 ], [ -6.29797, 37.8772 ], [ -6.32066, 37.89051 ], [ -6.3421, 37.9116 ], [ -6.36979, 37.91821 ], [ -6.39973, 37.93952 ], [ -6.41078, 37.94419 ] ] } },
{ "type": "Feature", "properties": { "CMUN": "21902", "NMUN": "Zarza-Perrunal, La", "NPRO": "Huelva", "CPRO": "21", "stroke": "#aaaaaa", "stroke-width": 0.7, "stroke-opacity": 0.45 }, "geometry": { "type": "LineString", "coordinates": [ [ -6.85358, 37.72332 ], [ -6.87164, 37.71796 ], [ -6.892, 37.70797 ], [ -6.93414, 37.70256 ], [ -6.94106, 37.68516 ], [ -6.91995, 37.69163 ], [ -6.90902, 37.69064 ], [ -6.91401, 37.67591 ], [ -6.94772, 37.67442 ], [ -6.95604, 37.66883 ], [ -6.95508, 37.6587 ], [ -6.92854, 37.66232 ], [ -6.92138, 37.67307 ], [ -6.90196, 37.67478 ], [ -6.88997, 37.68286 ], [ -6.8656, 37.67298 ], [ -6.85716, 37.6745 ], [ -6.85471, 37.66311 ], [ -6.84243, 37.66883 ], [ -6.82631, 37.66888 ], [ -6.81672, 37.67696 ], [ -6.81292, 37.6865 ], [ -6.81781, 37.69392 ], [ -6.81403, 37.70349 ], [ -6.85272, 37.71581 ], [ -6.85358, 37.72332 ] ] } },
{ "type": "Feature", "properties": { "CMUN": "23001", "NMUN": "Albanchez de Mágina", "NPRO": "Jaén", "CPRO": "23", "stroke": "#aaaaaa", "stroke-width": 0.7, "stroke-opacity": 0.45 }, "geometry": { "type": "LineString", "coordinates": [ [ -3.4398, 37.73249 ], [ -3.43901, 37.7432 ], [ -3.43209, 37.75338 ], [ -3.43082, 37.7691 ], [ -3.43393, 37.77561 ], [ -3.43398, 37.80086 ], [ -3.44644, 37.82052 ], [ -3.45861, 37.82268 ], [ -3.45963, 37.81805 ], [ -3.48351, 37.80498 ], [ -3.49356, 37.79249 ], [ -3.47672, 37.76373 ], [ -3.4718, 37.74719 ], [ -3.47979, 37.74276 ], [ -3.47284, 37.72471 ], [ -3.45658, 37.7323 ], [ -3.4398, 37.73249 ] ] } },
{ "type": "Feature", "properties": { "CMUN": "23002", "NMUN": "Alcalá la Real", "NPRO": "Jaén", "CPRO": "23", "stroke": "#aaaaaa", "stroke-width": 0.7, "stroke-opacity": 0.45 }, "geometry": { "type": "LineString", "coordinates": [ [ -3.92373, 37.37871 ], [ -3.91227, 37.3784 ], [ -3.90144, 37.3835 ], [ -3.88123, 37.38763 ], [ -3.85774, 37.38782 ], [ -3.84353, 37.38534 ], [ -3.8305, 37.40141 ], [ -3.82653, 37.41352 ], [ -3.81803, 37.42136 ], [ -3.81009, 37.43851 ], [ -3.80221, 37.45335 ], [ -3.80834, 37.45781 ], [ -3.83905, 37.46838 ], [ -3.85552, 37.47144 ], [ -3.86611, 37.48844 ], [ -3.86474, 37.50184 ], [ -3.85759, 37.51238 ], [ -3.83786, 37.52219 ], [ -3.83746, 37.52759 ], [ -3.84616, 37.53736 ], [ -3.85644, 37.54106 ], [ -3.86025, 37.53579 ], [ -3.87616, 37.53524 ], [ -3.88516, 37.53856 ], [ -3.89702, 37.5321 ], [ -3.90846, 37.5182 ], [ -3.93739, 37.51509 ], [ -3.97354, 37.4922 ], [ -4.00273, 37.50296 ], [ -4.0159, 37.51566 ], [ -4.03746, 37.509 ], [ -4.05988, 37.50564 ], [ -4.07444, 37.49304 ], [ -4.08735, 37.48593 ], [ -4.06781, 37.47161 ], [ -4.04763, 37.46707 ], [ -4.02902, 37.44219 ], [ -4.02772, 37.43495 ], [ -4.01694, 37.41764 ], [ -4.00082, 37.40209 ], [ -3.98142, 37.38745 ], [ -3.97319, 37.38817 ], [ -3.95089, 37.37835 ], [ -3.92373, 37.37871 ] ] } },
{ "type": "Feature", "properties": { "CMUN": "23003", "NMUN": "Alcaudete", "NPRO": "Jaén", "CPRO": "23", "stroke": "#aaaaaa", "stroke-width": 0.7, "stroke-opacity": 0.45 }, "geometry": { "type": "LineString", "coordinates": [ [ -4.05988, 37.50564 ], [ -4.03746, 37.509 ], [ -4.0159, 37.51566 ], [ -4.01021, 37.54419 ], [ -4.00237, 37.56835 ], [ -4.00405, 37.58445 ], [ -3.98959, 37.59878 ], [ -3.99711, 37.60942 ], [ -4.02672, 37.62462 ], [ -4.05472, 37.63342 ], [ -4.07362, 37.64598 ], [ -4.06872, 37.66059 ], [ -4.07181, 37.66751 ], [ -4.06148, 37.68241 ], [ -4.07913, 37.7055 ], [ -4.10439, 37.6856 ], [ -4.11767, 37.67731 ], [ -4.13515, 37.67663 ], [ -4.16437, 37.68151 ], [ -4.18765, 37.67003 ], [ -4.21483, 37.64674 ], [ -4.22787, 37.63978 ], [ -4.21818, 37.62654 ], [ -4.21032, 37.61559 ], [ -4.18722, 37.61652 ], [ -4.1781, 37.61302 ], [ -4.16314, 37.59931 ], [ -4.16002, 37.57451 ], [ -4.15293, 37.57386 ], [ -4.13935, 37.56018 ], [ -4.12275, 37.5549 ], [ -4.11397, 37.5467 ], [ -4.10918, 37.53325 ], [ -4.0991, 37.53067 ], [ -4.0992, 37.51467 ], [ -4.09517, 37.50993 ], [ -4.05988, 37.50564 ] ] } },
{ "type": "Feature", "properties": { "CMUN": "23004", "NMUN": "Aldeaquemada", "NPRO": "Jaén", "CPRO": "23", "stroke": "#aaaaaa", "stroke-width": 0.7, "stroke-opacity": 0.45 }, "geometry": { "type": "LineString", "coordinates": [ [ -3.36675, 38.36212 ], [ -3.35508, 38.36083 ], [ -3.3006, 38.36944 ], [ -3.29288, 38.37333 ], [ -3.28721, 38.38577 ], [ -3.2922, 38.39869 ], [ -3.28756, 38.41144 ], [ -3.28946, 38.42178 ], [ -3.30997, 38.44133 ], [ -3.30495, 38.45998 ], [ -3.30732, 38.47123 ], [ -3.32232, 38.47297 ], [ -3.34588, 38.46586 ], [ -3.34946, 38.4547 ], [ -3.36415, 38.44769 ], [ -3.38037, 38.45055 ], [ -3.37668, 38.4396 ], [ -3.4019, 38.42395 ], [ -3.40954, 38.4241 ], [ -3.42482, 38.4068 ], [ -3.43324, 38.40803 ], [ -3.45316, 38.4002 ], [ -3.4436, 38.39265 ], [ -3.45148, 38.36933 ], [ -3.43992, 38.36759 ], [ -3.41831, 38.35553 ], [ -3.4033, 38.3569 ], [ -3.39045, 38.35157 ], [ -3.38523, 38.35576 ], [ -3.3704, 38.35387 ], [ -3.36675, 38.36212 ] ] } },
{ "type": "Feature", "properties": { "CMUN": "23005", "NMUN": "Andújar", "NPRO": "Jaén", "CPRO": "23", "stroke": "#aaaaaa", "stroke-width": 0.7, "stroke-opacity": 0.45 }, "geometry": { "type": "LineString", "coordinates": [ [ -4.16661, 38.17382 ], [ -4.13766, 38.15952 ], [ -4.12336, 38.14828 ], [ -4.11066, 38.14301 ], [ -4.11287, 38.13392 ], [ -4.09566, 38.12882 ], [ -4.08585, 38.117 ], [ -4.09735, 38.10368 ], [ -4.10114, 38.08004 ], [ -4.09926, 38.07025 ], [ -4.11472, 38.04735 ], [ -4.12812, 38.0233 ], [ -4.12554, 38.02122 ], [ -4.10872, 38.00954 ], [ -4.07981, 38.00715 ], [ -4.06575, 38.00012 ], [ -4.04562, 37.9811 ], [ -4.03519, 37.96536 ], [ -4.02861, 37.98723 ], [ -3.98509, 38.00086 ], [ -3.96512, 38.00044 ], [ -3.96432, 38.00814 ], [ -3.95322, 38.02526 ], [ -3.93895, 38.03724 ], [ -3.93191, 38.04744 ], [ -3.93013, 38.06242 ], [ -3.93623, 38.0765 ], [ -3.93921, 38.09334 ], [ -3.93681, 38.10534 ], [ -3.94221, 38.11666 ], [ -3.92528, 38.16004 ], [ -3.90451, 38.20269 ], [ -3.89645, 38.23056 ], [ -3.89277, 38.25049 ], [ -3.8938, 38.2706 ], [ -3.87296, 38.33109 ], [ -3.87425, 38.34725 ], [ -3.85989, 38.37334 ], [ -3.87418, 38.37703 ], [ -3.91176, 38.36926 ], [ -3.95016, 38.36898 ], [ -3.96194, 38.3661 ], [ -3.99599, 38.36992 ], [ -4.00645, 38.36807 ], [ -4.02737, 38.37507 ], [ -4.04665, 38.37743 ], [ -4.06802, 38.37971 ], [ -4.08635, 38.37671 ], [ -4.11191, 38.38231 ], [ -4.12855, 38.37945 ], [ -4.14492, 38.38643 ], [ -4.15656, 38.38132 ], [ -4.17505, 38.38441 ], [ -4.1885, 38.38983 ], [ -4.22199, 38.39716 ], [ -4.26757, 38.39842 ], [ -4.2768, 38.39021 ], [ -4.27857, 38.37707 ], [ -4.27448, 38.3722 ], [ -4.26887, 38.34717 ], [ -4.25528, 38.34013 ], [ -4.24738, 38.34262 ], [ -4.23565, 38.33631 ], [ -4.23811, 38.3239 ], [ -4.22615, 38.30386 ], [ -4.21001, 38.30086 ], [ -4.21418, 38.28306 ], [ -4.21424, 38.26888 ], [ -4.20863, 38.26698 ], [ -4.21651, 38.24663 ], [ -4.20305, 38.24557 ], [ -4.19405, 38.23097 ], [ -4.20074, 38.21307 ], [ -4.18978, 38.20583 ], [ -4.1894, 38.19886 ], [ -4.16786, 38.18079 ], [ -4.16661, 38.17382 ] ] } },
{ "type": "Feature", "properties": { "CMUN": "23006", "NMUN": "Arjona", "NPRO": "Jaén", "CPRO": "23", "stroke": "#aaaaaa", "stroke-width": 0.7, "stroke-opacity": 0.45 }, "geometry": { "type": "LineString", "coordinates": [ [ -3.97585, 37.9296 ], [ -3.98599, 37.93935 ], [ -4.00666, 37.93737 ], [ -4.03249, 37.96021 ], [ -4.03519, 37.96536 ], [ -4.04562, 37.9811 ], [ -4.06575, 38.00012 ], [ -4.08084, 37.98418 ], [ -4.09381, 37.97411 ], [ -4.11317, 37.94886 ], [ -4.12727, 37.94348 ], [ -4.14456, 37.94895 ], [ -4.14518, 37.95633 ], [ -4.1726, 37.98731 ], [ -4.20102, 37.99177 ], [ -4.20627, 37.98997 ], [ -4.19557, 37.97666 ], [ -4.19819, 37.96587 ], [ -4.1818, 37.9539 ], [ -4.17956, 37.94012 ], [ -4.1825, 37.93149 ], [ -4.17058, 37.92581 ], [ -4.15874, 37.9161 ], [ -4.12566, 37.90343 ], [ -4.12029, 37.88693 ], [ -4.10911, 37.88528 ], [ -4.1075, 37.85738 ], [ -4.09248, 37.85602 ], [ -4.07001, 37.8603 ], [ -4.04695, 37.85787 ], [ -4.0561, 37.87525 ], [ -4.05679, 37.88535 ], [ -4.04221, 37.88736 ], [ -4.03974, 37.89379 ], [ -4.01572, 37.88913 ], [ -4.01079, 37.88113 ], [ -4.0002, 37.87851 ], [ -3.99772, 37.88421 ], [ -3.98204, 37.89272 ], [ -3.96151, 37.91485 ], [ -3.96611, 37.92753 ], [ -3.97585, 37.9296 ] ] } },
{ "type": "Feature", "properties": { "CMUN": "23007", "NMUN": "Arjonilla", "NPRO": "Jaén", "CPRO": "23", "stroke": "#aaaaaa", "stroke-width": 0.7, "stroke-opacity": 0.45 }, "geometry": { "type": "LineString", "coordinates": [ [ -4.1726, 37.98731 ], [ -4.14518, 37.95633 ], [ -4.14456, 37.94895 ], [ -4.12727, 37.94348 ], [ -4.11317, 37.94886 ], [ -4.09381, 37.97411 ], [ -4.08084, 37.98418 ], [ -4.06575, 38.00012 ], [ -4.07981, 38.00715 ], [ -4.10872, 38.00954 ], [ -4.12554, 38.02122 ], [ -4.12821, 38.01405 ], [ -4.14204, 38.0063 ], [ -4.15428, 38.00454 ], [ -4.1726, 37.98731 ] ] } },
{ "type": "Feature", "properties": { "CMUN": "23008", "NMUN": "Arquillos", "NPRO": "Jaén", "CPRO": "23", "stroke": "#aaaaaa", "stroke-width": 0.7, "stroke-opacity": 0.45 }, "geometry": { "type": "LineString", "coordinates": [ [ -3.37373, 38.16635 ], [ -3.38246, 38.17664 ], [ -3.40027, 38.17387 ], [ -3.40989, 38.18554 ], [ -3.41022, 38.19951 ], [ -3.40645, 38.21142 ], [ -3.394, 38.21621 ], [ -3.3652, 38.21731 ], [ -3.36953, 38.23732 ], [ -3.37854, 38.25521 ], [ -3.38605, 38.24895 ], [ -3.40442, 38.25199 ], [ -3.40513, 38.26678 ], [ -3.40007, 38.2846 ], [ -3.43337, 38.25878 ], [ -3.42707, 38.25062 ], [ -3.43493, 38.23705 ], [ -3.44244, 38.21687 ], [ -3.44901, 38.20699 ], [ -3.46444, 38.2009 ], [ -3.47093, 38.18546 ], [ -3.4319, 38.1537 ], [ -3.4157, 38.1442 ], [ -3.39951, 38.14916 ], [ -3.37373, 38.16635 ] ] } },
{ "type": "Feature", "properties": { "CMUN": "23009", "NMUN": "Baeza", "NPRO": "Jaén", "CPRO": "23", "stroke": "#aaaaaa", "stroke-width": 0.7, "stroke-opacity": 0.45 }, "geometry": { "type": "LineString", "coordinates": [ [ -3.40416, 37.90798 ], [ -3.39856, 37.93322 ], [ -3.41006, 37.95679 ], [ -3.41708, 37.9635 ], [ -3.41178, 37.97954 ], [ -3.42003, 37.9918 ], [ -3.42368, 38.00657 ], [ -3.41908, 38.02099 ], [ -3.41044, 38.03129 ], [ -3.41984, 38.04286 ], [ -3.41984, 38.05425 ], [ -3.43114, 38.04374 ], [ -3.44685, 38.03471 ], [ -3.45854, 38.03157 ], [ -3.48595, 38.03211 ], [ -3.48458, 38.01277 ], [ -3.49976, 38.00543 ], [ -3.51462, 38.00725 ], [ -3.52801, 38.01667 ], [ -3.54126, 38.0197 ], [ -3.52469, 38.0032 ], [ -3.50821, 37.99561 ], [ -3.50889, 37.98492 ], [ -3.51906, 37.97074 ], [ -3.52629, 37.94722 ], [ -3.54288, 37.95966 ], [ -3.55516, 37.95292 ], [ -3.56982, 37.95868 ], [ -3.5905, 37.95327 ], [ -3.57365, 37.93033 ], [ -3.57092, 37.91375 ], [ -3.57764, 37.89486 ], [ -3.59244, 37.8763 ], [ -3.58998, 37.86671 ], [ -3.5802, 37.85326 ], [ -3.57393, 37.85965 ], [ -3.5452, 37.86248 ], [ -3.52889, 37.86603 ], [ -3.51904, 37.86226 ], [ -3.51081, 37.8685 ], [ -3.50272, 37.88442 ], [ -3.49393, 37.88934 ], [ -3.46795, 37.89169 ], [ -3.45255, 37.89086 ], [ -3.45141, 37.91666 ], [ -3.45481, 37.92614 ], [ -3.435, 37.92573 ], [ -3.42949, 37.91674 ], [ -3.41967, 37.91527 ], [ -3.40917, 37.90626 ], [ -3.40416, 37.90798 ] ] } },
{ "type": "Feature", "properties": { "CMUN": "23010", "NMUN": "Bailén", "NPRO": "Jaén", "CPRO": "23", "stroke": "#aaaaaa", "stroke-width": 0.7, "stroke-opacity": 0.45 }, "geometry": { "type": "LineString", "coordinates": [ [ -3.76205, 38.03772 ], [ -3.75014, 38.05683 ], [ -3.7428, 38.05767 ], [ -3.72705, 38.07402 ], [ -3.71343, 38.07711 ], [ -3.71202, 38.08763 ], [ -3.71863, 38.10026 ], [ -3.70639, 38.12826 ], [ -3.71502, 38.13645 ], [ -3.73579, 38.14654 ], [ -3.75768, 38.15113 ], [ -3.79786, 38.14696 ], [ -3.81955, 38.1538 ], [ -3.83217, 38.14531 ], [ -3.82386, 38.13341 ], [ -3.81777, 38.10765 ], [ -3.81294, 38.10361 ], [ -3.81952, 38.09025 ], [ -3.82399, 38.07081 ], [ -3.84077, 38.07015 ], [ -3.85229, 38.06325 ], [ -3.86786, 38.04432 ], [ -3.85725, 38.03974 ], [ -3.8315, 38.04004 ], [ -3.81568, 38.0327 ], [ -3.79098, 38.03158 ], [ -3.76205, 38.03772 ] ] } },
{ "type": "Feature", "properties": { "CMUN": "23011", "NMUN": "Baños de la Encina", "NPRO": "Jaén", "CPRO": "23", "stroke": "#aaaaaa", "stroke-width": 0.7, "stroke-opacity": 0.45 }, "geometry": { "type": "LineString", "coordinates": [ [ -3.69379, 38.23759 ], [ -3.69528, 38.25264 ], [ -3.69011, 38.26657 ], [ -3.67186, 38.27588 ], [ -3.67862, 38.28211 ], [ -3.69009, 38.31995 ], [ -3.68725, 38.34837 ], [ -3.67967, 38.35483 ], [ -3.72621, 38.36864 ], [ -3.73061, 38.37518 ], [ -3.72329, 38.38612 ], [ -3.69807, 38.39667 ], [ -3.69424, 38.40264 ], [ -3.65932, 38.39961 ], [ -3.65166, 38.40501 ], [ -3.69928, 38.41288 ], [ -3.73001, 38.42437 ], [ -3.73966, 38.41399 ], [ -3.76491, 38.42436 ], [ -3.78561, 38.42527 ], [ -3.80118, 38.41995 ], [ -3.80786, 38.42182 ], [ -3.82429, 38.4163 ], [ -3.83006, 38.4128 ], [ -3.83056, 38.3929 ], [ -3.83813, 38.38577 ], [ -3.85989, 38.37334 ], [ -3.86619, 38.35989 ], [ -3.85744, 38.34367 ], [ -3.8618, 38.33651 ], [ -3.84567, 38.32065 ], [ -3.83837, 38.30816 ], [ -3.83716, 38.29706 ], [ -3.82863, 38.28986 ], [ -3.82118, 38.26571 ], [ -3.8276, 38.26076 ], [ -3.84218, 38.22779 ], [ -3.85669, 38.21378 ], [ -3.86512, 38.20968 ], [ -3.85831, 38.19493 ], [ -3.85912, 38.18497 ], [ -3.85183, 38.16676 ], [ -3.83217, 38.14531 ], [ -3.81955, 38.1538 ], [ -3.79786, 38.14696 ], [ -3.75768, 38.15113 ], [ -3.73579, 38.14654 ], [ -3.71702, 38.1616 ], [ -3.7062, 38.1773 ], [ -3.69554, 38.18631 ], [ -3.70558, 38.19461 ], [ -3.68212, 38.21257 ], [ -3.69379, 38.23759 ] ] } },
{ "type": "Feature", "properties": { "CMUN": "23012", "NMUN": "Beas de Segura", "NPRO": "Jaén", "CPRO": "23", "stroke": "#aaaaaa", "stroke-width": 0.7, "stroke-opacity": 0.45 }, "geometry": { "type": "LineString", "coordinates": [ [ -2.76708, 38.24194 ], [ -2.76286, 38.24659 ], [ -2.76176, 38.27042 ], [ -2.75073, 38.27453 ], [ -2.75794, 38.28834 ], [ -2.7505, 38.30032 ], [ -2.7606, 38.30508 ], [ -2.77934, 38.30295 ], [ -2.79257, 38.28922 ], [ -2.80057, 38.29081 ], [ -2.81215, 38.30825 ], [ -2.83012, 38.30817 ], [ -2.83732, 38.29968 ], [ -2.84798, 38.29816 ], [ -2.85795, 38.28648 ], [ -2.89886, 38.28143 ], [ -2.92014, 38.27738 ], [ -2.94977, 38.2798 ], [ -2.95844, 38.29309 ], [ -2.96407, 38.27647 ], [ -2.98378, 38.26483 ], [ -2.97903, 38.2566 ], [ -3.00795, 38.24588 ], [ -3.00854, 38.23777 ], [ -3.01735, 38.22291 ], [ -2.99569, 38.21517 ], [ -2.98074, 38.22597 ], [ -2.96902, 38.22578 ], [ -2.95852, 38.22874 ], [ -2.94165, 38.22618 ], [ -2.91851, 38.21568 ], [ -2.90419, 38.21899 ], [ -2.8666, 38.21607 ], [ -2.8363, 38.21933 ], [ -2.82956, 38.21138 ], [ -2.81879, 38.20818 ], [ -2.80289, 38.21098 ], [ -2.79443, 38.20747 ], [ -2.78109, 38.211 ], [ -2.7791, 38.21964 ], [ -2.76877, 38.23153 ], [ -2.76708, 38.24194 ] ] } },
{ "type": "Feature", "properties": { "CMUN": "23014", "NMUN": "Begíjar", "NPRO": "Jaén", "CPRO": "23", "stroke": "#aaaaaa", "stroke-width": 0.7, "stroke-opacity": 0.45 }, "geometry": { "type": "LineString", "coordinates": [ [ -3.63065, 37.95374 ], [ -3.61636, 37.95065 ], [ -3.60268, 37.95559 ], [ -3.5905, 37.95327 ], [ -3.56982, 37.95868 ], [ -3.55516, 37.95292 ], [ -3.54288, 37.95966 ], [ -3.52629, 37.94722 ], [ -3.51906, 37.97074 ], [ -3.50889, 37.98492 ], [ -3.50821, 37.99561 ], [ -3.52469, 38.0032 ], [ -3.53845, 37.99764 ], [ -3.54592, 37.99029 ], [ -3.58551, 37.99419 ], [ -3.60503, 37.98497 ], [ -3.62226, 37.98338 ], [ -3.63973, 37.97236 ], [ -3.63799, 37.95832 ], [ -3.63065, 37.95374 ] ] } },
{ "type": "Feature", "properties": { "CMUN": "23015", "NMUN": "Bélmez de la Moraleda", "NPRO": "Jaén", "CPRO": "23", "stroke": "#aaaaaa", "stroke-width": 0.7, "stroke-opacity": 0.45 }, "geometry": { "type": "LineString", "coordinates": [ [ -3.37588, 37.76696 ], [ -3.38829, 37.76035 ], [ -3.41345, 37.7532 ], [ -3.41559, 37.74113 ], [ -3.4275, 37.73349 ], [ -3.42252, 37.72217 ], [ -3.4114, 37.7146 ], [ -3.394, 37.70999 ], [ -3.38063, 37.71468 ], [ -3.37209, 37.70124 ], [ -3.35531, 37.69456 ], [ -3.34202, 37.69312 ], [ -3.33427, 37.69774 ], [ -3.33089, 37.72313 ], [ -3.32458, 37.72854 ], [ -3.32955, 37.75349 ], [ -3.33816, 37.76248 ], [ -3.36709, 37.76253 ], [ -3.37588, 37.76696 ] ] } },
{ "type": "Feature", "properties": { "CMUN": "23016", "NMUN": "Benatae", "NPRO": "Jaén", "CPRO": "23", "stroke": "#aaaaaa", "stroke-width": 0.7, "stroke-opacity": 0.45 }, "geometry": { "type": "MultiLineString", "coordinates": [ [ [ -2.53064, 38.27583 ], [ -2.54207, 38.2896 ], [ -2.54696, 38.27919 ], [ -2.55596, 38.27771 ], [ -2.56575, 38.29191 ], [ -2.57354, 38.31239 ], [ -2.58322, 38.31489 ], [ -2.58196, 38.30731 ], [ -2.56589, 38.28563 ], [ -2.5603, 38.27439 ], [ -2.5443, 38.26977 ], [ -2.54133, 38.26379 ], [ -2.53064, 38.27583 ] ], [ [ -2.71206, 38.33944 ], [ -2.69622, 38.34511 ], [ -2.67907, 38.34477 ], [ -2.64505, 38.33716 ], [ -2.62267, 38.34116 ], [ -2.61105, 38.34854 ], [ -2.61758, 38.35868 ], [ -2.62745, 38.36222 ], [ -2.62692, 38.37037 ], [ -2.63822, 38.3742 ], [ -2.63807, 38.38413 ], [ -2.64608, 38.3913 ], [ -2.65464, 38.38777 ], [ -2.67512, 38.38337 ], [ -2.70116, 38.38825 ], [ -2.71565, 38.37473 ], [ -2.71627, 38.36108 ], [ -2.72128, 38.34892 ], [ -2.71206, 38.33944 ] ] ] } },
{ "type": "Feature", "properties": { "CMUN": "23017", "NMUN": "Cabra del Santo Cristo", "NPRO": "Jaén", "CPRO": "23", "stroke": "#aaaaaa", "stroke-width": 0.7, "stroke-opacity": 0.45 }, "geometry": { "type": "LineString", "coordinates": [ [ -3.19708, 37.7264 ], [ -3.20744, 37.73627 ], [ -3.22777, 37.74016 ], [ -3.23294, 37.74717 ], [ -3.23091, 37.76027 ], [ -3.22498, 37.76653 ], [ -3.2246, 37.79184 ], [ -3.22041, 37.80196 ], [ -3.22288, 37.81041 ], [ -3.22035, 37.82157 ], [ -3.22569, 37.83164 ], [ -3.23256, 37.82561 ], [ -3.27356, 37.81964 ], [ -3.26902, 37.80486 ], [ -3.26829, 37.783 ], [ -3.27109, 37.76142 ], [ -3.30877, 37.75019 ], [ -3.29986, 37.73851 ], [ -3.30227, 37.7248 ], [ -3.31376, 37.69931 ], [ -3.31313, 37.68698 ], [ -3.30517, 37.66678 ], [ -3.30635, 37.64596 ], [ -3.31223, 37.63555 ], [ -3.30865, 37.61919 ], [ -3.29693, 37.58796 ], [ -3.28878, 37.60395 ], [ -3.26379, 37.62975 ], [ -3.26249, 37.63921 ], [ -3.22637, 37.63917 ], [ -3.21575, 37.64419 ], [ -3.17206, 37.64287 ], [ -3.14783, 37.62592 ], [ -3.15738, 37.64143 ], [ -3.15883, 37.65289 ], [ -3.16567, 37.66293 ], [ -3.16035, 37.68108 ], [ -3.17186, 37.70379 ], [ -3.18229, 37.71705 ], [ -3.19708, 37.7264 ] ] } },
{ "type": "Feature", "properties": { "CMUN": "23018", "NMUN": "Cambil", "NPRO": "Jaén", "CPRO": "23", "stroke": "#aaaaaa", "stroke-width": 0.7, "stroke-opacity": 0.45 }, "geometry": { "type": "LineString", "coordinates": [ [ -3.55161, 37.60425 ], [ -3.53381, 37.61706 ], [ -3.51693, 37.62313 ], [ -3.50654, 37.61722 ], [ -3.50775, 37.62621 ], [ -3.50032, 37.64343 ], [ -3.49929, 37.65854 ], [ -3.48886, 37.66828 ], [ -3.46685, 37.70415 ], [ -3.47284, 37.72471 ], [ -3.47979, 37.74276 ], [ -3.49769, 37.73525 ], [ -3.52599, 37.73415 ], [ -3.56209, 37.72187 ], [ -3.57196, 37.71505 ], [ -3.58706, 37.715 ], [ -3.60977, 37.70908 ], [ -3.63013, 37.68895 ], [ -3.6111, 37.65931 ], [ -3.60554, 37.65809 ], [ -3.60819, 37.64315 ], [ -3.59974, 37.61774 ], [ -3.60092, 37.60459 ], [ -3.59472, 37.60331 ], [ -3.57785, 37.61324 ], [ -3.56528, 37.61247 ], [ -3.55161, 37.60425 ] ] } },
{ "type": "Feature", "properties": { "CMUN": "23019", "NMUN": "Campillo de Arenas", "NPRO": "Jaén", "CPRO": "23", "stroke": "#aaaaaa", "stroke-width": 0.7, "stroke-opacity": 0.45 }, "geometry": { "type": "LineString", "coordinates": [ [ -3.55161, 37.60425 ], [ -3.56528, 37.61247 ], [ -3.57785, 37.61324 ], [ -3.59472, 37.60331 ], [ -3.60092, 37.60459 ], [ -3.59974, 37.61774 ], [ -3.6082, 37.61582 ], [ -3.62247, 37.60352 ], [ -3.63715, 37.60031 ], [ -3.65309, 37.60561 ], [ -3.6614, 37.62022 ], [ -3.66065, 37.63348 ], [ -3.66778, 37.64193 ], [ -3.67461, 37.66241 ], [ -3.67171, 37.66765 ], [ -3.67873, 37.67413 ], [ -3.69334, 37.66713 ], [ -3.70099, 37.65602 ], [ -3.70136, 37.64556 ], [ -3.70952, 37.63668 ], [ -3.72771, 37.63164 ], [ -3.71588, 37.62496 ], [ -3.70353, 37.62583 ], [ -3.69183, 37.61838 ], [ -3.69645, 37.59803 ], [ -3.70504, 37.58826 ], [ -3.70765, 37.57193 ], [ -3.72171, 37.54564 ], [ -3.73143, 37.53485 ], [ -3.74084, 37.53413 ], [ -3.74117, 37.52032 ], [ -3.7336, 37.52856 ], [ -3.71141, 37.53631 ], [ -3.69403, 37.53733 ], [ -3.64944, 37.5288 ], [ -3.63338, 37.53352 ], [ -3.62379, 37.54254 ], [ -3.60213, 37.55567 ], [ -3.58002, 37.56316 ], [ -3.56401, 37.58212 ], [ -3.56501, 37.58586 ], [ -3.55161, 37.60425 ] ] } },
{ "type": "Feature", "properties": { "CMUN": "23020", "NMUN": "Canena", "NPRO": "Jaén", "CPRO": "23", "stroke": "#aaaaaa", "stroke-width": 0.7, "stroke-opacity": 0.45 }, "geometry": { "type": "LineString", "coordinates": [ [ -3.49221, 38.03997 ], [ -3.47444, 38.03952 ], [ -3.47657, 38.05835 ], [ -3.4958, 38.07368 ], [ -3.50411, 38.07325 ], [ -3.52881, 38.08095 ], [ -3.53361, 38.07395 ], [ -3.518, 38.0508 ], [ -3.49752, 38.03785 ], [ -3.49221, 38.03997 ] ] } },
{ "type": "Feature", "properties": { "CMUN": "23021", "NMUN": "Carboneros", "NPRO": "Jaén", "CPRO": "23", "stroke": "#aaaaaa", "stroke-width": 0.7, "stroke-opacity": 0.45 }, "geometry": { "type": "LineString", "coordinates": [ [ -3.57149, 38.19823 ], [ -3.57616, 38.20395 ], [ -3.60248, 38.22314 ], [ -3.67186, 38.27588 ], [ -3.69011, 38.26657 ], [ -3.69528, 38.25264 ], [ -3.69379, 38.23759 ], [ -3.67759, 38.22878 ], [ -3.60059, 38.1705 ], [ -3.57806, 38.15476 ], [ -3.5669, 38.15849 ], [ -3.56352, 38.16819 ], [ -3.57459, 38.18398 ], [ -3.57149, 38.19823 ] ] } },
{ "type": "Feature", "properties": { "CMUN": "23024", "NMUN": "Carolina, La", "NPRO": "Jaén", "CPRO": "23", "stroke": "#aaaaaa", "stroke-width": 0.7, "stroke-opacity": 0.45 }, "geometry": { "type": "LineString", "coordinates": [ [ -3.48694, 38.2933 ], [ -3.49722, 38.29285 ], [ -3.51347, 38.30519 ], [ -3.54183, 38.3133 ], [ -3.55454, 38.31213 ], [ -3.57712, 38.30424 ], [ -3.59036, 38.32708 ], [ -3.60543, 38.34314 ], [ -3.61444, 38.34692 ], [ -3.61123, 38.35844 ], [ -3.61623, 38.37186 ], [ -3.59824, 38.39847 ], [ -3.62047, 38.39399 ], [ -3.65166, 38.40501 ], [ -3.65932, 38.39961 ], [ -3.69424, 38.40264 ], [ -3.69807, 38.39667 ], [ -3.72329, 38.38612 ], [ -3.73061, 38.37518 ], [ -3.72621, 38.36864 ], [ -3.67967, 38.35483 ], [ -3.68725, 38.34837 ], [ -3.69009, 38.31995 ], [ -3.67862, 38.28211 ], [ -3.67186, 38.27588 ], [ -3.60248, 38.22314 ], [ -3.57616, 38.20395 ], [ -3.57149, 38.19823 ], [ -3.55937, 38.20444 ], [ -3.55307, 38.21406 ], [ -3.5496, 38.23766 ], [ -3.5362, 38.25826 ], [ -3.50767, 38.27048 ], [ -3.50968, 38.27815 ], [ -3.48449, 38.28208 ], [ -3.48694, 38.2933 ] ] } },
{ "type": "Feature", "properties": { "CMUN": "23025", "NMUN": "Castellar", "NPRO": "Jaén", "CPRO": "23", "stroke": "#aaaaaa", "stroke-width": 0.7, "stroke-opacity": 0.45 }, "geometry": { "type": "LineString", "coordinates": [ [ -3.07415, 38.25404 ], [ -3.0862, 38.25984 ], [ -3.08999, 38.27312 ], [ -3.09891, 38.28649 ], [ -3.1, 38.30866 ], [ -3.11915, 38.30401 ], [ -3.14008, 38.30917 ], [ -3.14584, 38.31527 ], [ -3.15818, 38.31095 ], [ -3.17312, 38.32638 ], [ -3.18762, 38.33621 ], [ -3.20738, 38.36128 ], [ -3.23134, 38.38347 ], [ -3.19285, 38.40485 ], [ -3.17651, 38.40902 ], [ -3.14416, 38.40649 ], [ -3.1326, 38.4188 ], [ -3.12299, 38.42388 ], [ -3.11901, 38.43367 ], [ -3.1302, 38.43877 ], [ -3.14992, 38.44006 ], [ -3.18002, 38.44992 ], [ -3.21954, 38.45291 ], [ -3.22241, 38.433 ], [ -3.21773, 38.4277 ], [ -3.21808, 38.41363 ], [ -3.22459, 38.41126 ], [ -3.23814, 38.37112 ], [ -3.22584, 38.36132 ], [ -3.22709, 38.34725 ], [ -3.20604, 38.34117 ], [ -3.19549, 38.32841 ], [ -3.19628, 38.32161 ], [ -3.17058, 38.31947 ], [ -3.16766, 38.29268 ], [ -3.16253, 38.27459 ], [ -3.1622, 38.2415 ], [ -3.15513, 38.21347 ], [ -3.15469, 38.198 ], [ -3.14341, 38.1764 ], [ -3.13794, 38.17309 ], [ -3.12633, 38.16993 ], [ -3.11487, 38.17214 ], [ -3.0975, 38.17743 ], [ -3.08444, 38.18809 ], [ -3.07349, 38.19041 ], [ -3.07054, 38.19769 ], [ -3.05558, 38.19704 ], [ -3.04966, 38.20656 ], [ -3.06359, 38.22109 ], [ -3.0703, 38.23448 ], [ -3.06775, 38.23906 ], [ -3.07415, 38.25404 ] ] } },
{ "type": "Feature", "properties": { "CMUN": "23026", "NMUN": "Castillo de Locubín", "NPRO": "Jaén", "CPRO": "23", "stroke": "#aaaaaa", "stroke-width": 0.7, "stroke-opacity": 0.45 }, "geometry": { "type": "LineString", "coordinates": [ [ -4.0159, 37.51566 ], [ -4.00273, 37.50296 ], [ -3.97354, 37.4922 ], [ -3.93739, 37.51509 ], [ -3.90846, 37.5182 ], [ -3.89702, 37.5321 ], [ -3.88516, 37.53856 ], [ -3.87616, 37.53524 ], [ -3.86025, 37.53579 ], [ -3.85644, 37.54106 ], [ -3.85769, 37.55433 ], [ -3.87377, 37.55937 ], [ -3.87885, 37.57705 ], [ -3.91333, 37.58122 ], [ -3.92965, 37.59077 ], [ -3.93944, 37.58806 ], [ -3.94909, 37.59211 ], [ -3.98959, 37.59878 ], [ -4.00405, 37.58445 ], [ -4.00237, 37.56835 ], [ -4.01021, 37.54419 ], [ -4.0159, 37.51566 ] ] } },
{ "type": "Feature", "properties": { "CMUN": "23027", "NMUN": "Cazalilla", "NPRO": "Jaén", "CPRO": "23", "stroke": "#aaaaaa", "stroke-width": 0.7, "stroke-opacity": 0.45 }, "geometry": { "type": "LineString", "coordinates": [ [ -3.84836, 37.9953 ], [ -3.88672, 38.00258 ], [ -3.89214, 38.01451 ], [ -3.90282, 38.01185 ], [ -3.90512, 38.00256 ], [ -3.90005, 37.97793 ], [ -3.90825, 37.96942 ], [ -3.90714, 37.9482 ], [ -3.92272, 37.9526 ], [ -3.9285, 37.93323 ], [ -3.91281, 37.93147 ], [ -3.91619, 37.92353 ], [ -3.91026, 37.91354 ], [ -3.89097, 37.91554 ], [ -3.87052, 37.90582 ], [ -3.87095, 37.92783 ], [ -3.86215, 37.92974 ], [ -3.86833, 37.95578 ], [ -3.84352, 37.96579 ], [ -3.84836, 37.9953 ] ] } },
{ "type": "Feature", "properties": { "CMUN": "23028", "NMUN": "Cazorla", "NPRO": "Jaén", "CPRO": "23", "stroke": "#aaaaaa", "stroke-width": 0.7, "stroke-opacity": 0.45 }, "geometry": { "type": "LineString", "coordinates": [ [ -2.87271, 37.79203 ], [ -2.85529, 37.81101 ], [ -2.84059, 37.8214 ], [ -2.83958, 37.82867 ], [ -2.82197, 37.84791 ], [ -2.81784, 37.87178 ], [ -2.79949, 37.89004 ], [ -2.79546, 37.90279 ], [ -2.78372, 37.91856 ], [ -2.77431, 37.92558 ], [ -2.78188, 37.93238 ], [ -2.78019, 37.94311 ], [ -2.80109, 37.94735 ], [ -2.8001, 37.95557 ], [ -2.81554, 37.96558 ], [ -2.81815, 37.95584 ], [ -2.83251, 37.94545 ], [ -2.84071, 37.95771 ], [ -2.85007, 37.95149 ], [ -2.86043, 37.93501 ], [ -2.86837, 37.92951 ], [ -2.88943, 37.93791 ], [ -2.90513, 37.93691 ], [ -2.94335, 37.94157 ], [ -2.96035, 37.91769 ], [ -2.9718, 37.9236 ], [ -2.98494, 37.91538 ], [ -2.99694, 37.91795 ], [ -3.00042, 37.92909 ], [ -3.02496, 37.93708 ], [ -3.03667, 37.93803 ], [ -3.04382, 37.95627 ], [ -3.05634, 37.95891 ], [ -3.08119, 37.985 ], [ -3.08724, 37.9954 ], [ -3.09296, 38.00558 ], [ -3.1437, 38.01265 ], [ -3.15829, 38.00931 ], [ -3.15214, 38.00155 ], [ -3.15953, 37.99475 ], [ -3.15927, 37.97965 ], [ -3.17282, 37.97391 ], [ -3.18441, 37.96663 ], [ -3.19154, 37.95712 ], [ -3.18605, 37.95138 ], [ -3.1525, 37.93306 ], [ -3.1202, 37.93425 ], [ -3.10945, 37.92918 ], [ -3.10074, 37.91452 ], [ -3.09916, 37.89177 ], [ -3.07337, 37.89452 ], [ -3.03484, 37.88868 ], [ -3.00419, 37.87073 ], [ -2.99543, 37.86194 ], [ -2.99247, 37.88469 ], [ -2.98049, 37.88274 ], [ -2.95407, 37.87367 ], [ -2.949, 37.86812 ], [ -2.92993, 37.86603 ], [ -2.91138, 37.86919 ], [ -2.90045, 37.8418 ], [ -2.89919, 37.80609 ], [ -2.87645, 37.79111 ], [ -2.87271, 37.79203 ] ] } },
{ "type": "Feature", "properties": { "CMUN": "23029", "NMUN": "Chiclana de Segura", "NPRO": "Jaén", "CPRO": "23", "stroke": "#aaaaaa", "stroke-width": 0.7, "stroke-opacity": 0.45 }, "geometry": { "type": "LineString", "coordinates": [ [ -2.88149, 38.45265 ], [ -2.88977, 38.45588 ], [ -2.90579, 38.46991 ], [ -2.91123, 38.46802 ], [ -2.93844, 38.47474 ], [ -2.95658, 38.46858 ], [ -2.96359, 38.47145 ], [ -2.97693, 38.45489 ], [ -2.99264, 38.45095 ], [ -2.9963, 38.44479 ], [ -2.99223, 38.42859 ], [ -3.00251, 38.40826 ], [ -2.99676, 38.40559 ], [ -2.98075, 38.38457 ], [ -2.98792, 38.37901 ], [ -3.02412, 38.36073 ], [ -3.0333, 38.35277 ], [ -3.06342, 38.34164 ], [ -3.09025, 38.32855 ], [ -3.1, 38.30866 ], [ -3.09891, 38.28649 ], [ -3.08999, 38.27312 ], [ -3.0862, 38.25984 ], [ -3.07415, 38.25404 ], [ -3.05591, 38.24941 ], [ -3.04403, 38.25021 ], [ -3.02823, 38.25735 ], [ -3.00626, 38.25317 ], [ -3.00795, 38.24588 ], [ -2.97903, 38.2566 ], [ -2.98378, 38.26483 ], [ -2.96407, 38.27647 ], [ -2.95844, 38.29309 ], [ -2.94035, 38.30603 ], [ -2.93748, 38.31243 ], [ -2.94324, 38.31826 ], [ -2.94263, 38.33908 ], [ -2.93875, 38.35196 ], [ -2.92445, 38.35172 ], [ -2.91688, 38.35648 ], [ -2.90859, 38.37187 ], [ -2.90322, 38.38384 ], [ -2.90743, 38.39568 ], [ -2.89278, 38.41583 ], [ -2.89322, 38.42648 ], [ -2.88149, 38.45265 ] ] } },
{ "type": "Feature", "properties": { "CMUN": "23030", "NMUN": "Chilluévar", "NPRO": "Jaén", "CPRO": "23", "stroke": "#aaaaaa", "stroke-width": 0.7, "stroke-opacity": 0.45 }, "geometry": { "type": "LineString", "coordinates": [ [ -2.9636, 38.00541 ], [ -2.9816, 38.01568 ], [ -2.99474, 38.01102 ], [ -3.00978, 38.01567 ], [ -3.03661, 38.01801 ], [ -3.05271, 38.00928 ], [ -3.07599, 38.00163 ], [ -3.08724, 37.9954 ], [ -3.08119, 37.985 ], [ -3.05634, 37.95891 ], [ -3.04382, 37.95627 ], [ -3.02224, 37.96083 ], [ -3.02101, 37.97336 ], [ -3.01044, 37.97871 ], [ -3.00605, 37.99089 ], [ -2.98181, 38.00284 ], [ -2.96933, 38.00035 ], [ -2.9636, 38.00541 ] ] } },
{ "type": "Feature", "properties": { "CMUN": "23031", "NMUN": "Escañuela", "NPRO": "Jaén", "CPRO": "23", "stroke": "#aaaaaa", "stroke-width": 0.7, "stroke-opacity": 0.45 }, "geometry": { "type": "LineString", "coordinates": [ [ -4.0002, 37.87851 ], [ -4.01079, 37.88113 ], [ -4.01572, 37.88913 ], [ -4.03974, 37.89379 ], [ -4.04221, 37.88736 ], [ -4.05679, 37.88535 ], [ -4.0561, 37.87525 ], [ -4.04695, 37.85787 ], [ -4.03455, 37.85652 ], [ -4.00938, 37.86878 ], [ -3.99825, 37.87133 ], [ -4.0002, 37.87851 ] ] } },
{ "type": "Feature", "properties": { "CMUN": "23032", "NMUN": "Espeluy", "NPRO": "Jaén", "CPRO": "23", "stroke": "#aaaaaa", "stroke-width": 0.7, "stroke-opacity": 0.45 }, "geometry": { "type": "LineString", "coordinates": [ [ -3.84836, 37.9953 ], [ -3.8315, 38.00425 ], [ -3.82481, 38.01259 ], [ -3.8245, 38.01929 ], [ -3.83695, 38.02697 ], [ -3.8315, 38.04004 ], [ -3.85725, 38.03974 ], [ -3.86786, 38.04432 ], [ -3.88213, 38.03875 ], [ -3.89412, 38.04812 ], [ -3.89938, 38.04109 ], [ -3.89656, 38.02904 ], [ -3.88849, 38.02025 ], [ -3.89214, 38.01451 ], [ -3.88672, 38.00258 ], [ -3.84836, 37.9953 ] ] } },
{ "type": "Feature", "properties": { "CMUN": "23033", "NMUN": "Frailes", "NPRO": "Jaén", "CPRO": "23", "stroke": "#aaaaaa", "stroke-width": 0.7, "stroke-opacity": 0.45 }, "geometry": { "type": "LineString", "coordinates": [ [ -3.77767, 37.49006 ], [ -3.77976, 37.49644 ], [ -3.78838, 37.49863 ], [ -3.79448, 37.51825 ], [ -3.81665, 37.52644 ], [ -3.83746, 37.52759 ], [ -3.83786, 37.52219 ], [ -3.85759, 37.51238 ], [ -3.86474, 37.50184 ], [ -3.86611, 37.48844 ], [ -3.85552, 37.47144 ], [ -3.83905, 37.46838 ], [ -3.80834, 37.45781 ], [ -3.79172, 37.46619 ], [ -3.78835, 37.48766 ], [ -3.77767, 37.49006 ] ] } },
{ "type": "Feature", "properties": { "CMUN": "23034", "NMUN": "Fuensanta de Martos", "NPRO": "Jaén", "CPRO": "23", "stroke": "#aaaaaa", "stroke-width": 0.7, "stroke-opacity": 0.45 }, "geometry": { "type": "LineString", "coordinates": [ [ -3.88669, 37.67853 ], [ -3.91232, 37.67473 ], [ -3.9518, 37.65952 ], [ -3.95524, 37.63858 ], [ -3.94947, 37.61854 ], [ -3.93348, 37.60772 ], [ -3.93467, 37.59974 ], [ -3.91968, 37.59649 ], [ -3.91283, 37.58272 ], [ -3.89641, 37.58775 ], [ -3.89268, 37.58415 ], [ -3.87318, 37.59103 ], [ -3.87022, 37.60612 ], [ -3.8834, 37.63366 ], [ -3.88398, 37.64436 ], [ -3.88293, 37.65563 ], [ -3.88669, 37.67853 ] ] } },
{ "type": "Feature", "properties": { "CMUN": "23035", "NMUN": "Fuerte del Rey", "NPRO": "Jaén", "CPRO": "23", "stroke": "#aaaaaa", "stroke-width": 0.7, "stroke-opacity": 0.45 }, "geometry": { "type": "LineString", "coordinates": [ [ -3.92272, 37.9526 ], [ -3.9375, 37.95335 ], [ -3.94292, 37.93664 ], [ -3.96418, 37.93515 ], [ -3.95398, 37.92424 ], [ -3.91817, 37.90279 ], [ -3.90694, 37.88527 ], [ -3.90155, 37.87125 ], [ -3.88308, 37.86165 ], [ -3.86098, 37.8617 ], [ -3.85682, 37.87196 ], [ -3.85554, 37.88855 ], [ -3.87052, 37.90582 ], [ -3.89097, 37.91554 ], [ -3.91026, 37.91354 ], [ -3.91619, 37.92353 ], [ -3.91281, 37.93147 ], [ -3.9285, 37.93323 ], [ -3.92272, 37.9526 ] ] } },
{ "type": "Feature", "properties": { "CMUN": "23037", "NMUN": "Génave", "NPRO": "Jaén", "CPRO": "23", "stroke": "#aaaaaa", "stroke-width": 0.7, "stroke-opacity": 0.45 }, "geometry": { "type": "LineString", "coordinates": [ [ -2.68625, 38.44664 ], [ -2.71318, 38.47271 ], [ -2.73015, 38.4835 ], [ -2.74363, 38.46903 ], [ -2.75732, 38.46477 ], [ -2.76472, 38.4724 ], [ -2.77095, 38.47679 ], [ -2.78695, 38.47237 ], [ -2.79606, 38.45872 ], [ -2.82001, 38.44391 ], [ -2.79441, 38.41764 ], [ -2.77579, 38.40661 ], [ -2.75825, 38.39931 ], [ -2.73704, 38.402 ], [ -2.73263, 38.41207 ], [ -2.70411, 38.42672 ], [ -2.68625, 38.44664 ] ] } },
{ "type": "Feature", "properties": { "CMUN": "23038", "NMUN": "Guardia de Jaén, La", "NPRO": "Jaén", "CPRO": "23", "stroke": "#aaaaaa", "stroke-width": 0.7, "stroke-opacity": 0.45 }, "geometry": { "type": "LineString", "coordinates": [ [ -3.65408, 37.7579 ], [ -3.66877, 37.7778 ], [ -3.70438, 37.78401 ], [ -3.70797, 37.7791 ], [ -3.74444, 37.77908 ], [ -3.74367, 37.76738 ], [ -3.72272, 37.75261 ], [ -3.71917, 37.74608 ], [ -3.72404, 37.73439 ], [ -3.72398, 37.7188 ], [ -3.71725, 37.71195 ], [ -3.70462, 37.70862 ], [ -3.7011, 37.71747 ], [ -3.68686, 37.72256 ], [ -3.6567, 37.75264 ], [ -3.65408, 37.7579 ] ] } },
{ "type": "Feature", "properties": { "CMUN": "23039", "NMUN": "Guarromán", "NPRO": "Jaén", "CPRO": "23", "stroke": "#aaaaaa", "stroke-width": 0.7, "stroke-opacity": 0.45 }, "geometry": { "type": "MultiLineString", "coordinates": [ [ [ -3.85229, 38.06325 ], [ -3.84077, 38.07015 ], [ -3.82399, 38.07081 ], [ -3.81952, 38.09025 ], [ -3.81294, 38.10361 ], [ -3.81777, 38.10765 ], [ -3.82386, 38.13341 ], [ -3.83217, 38.14531 ], [ -3.88064, 38.15147 ], [ -3.89511, 38.14677 ], [ -3.90159, 38.12223 ], [ -3.89215, 38.11232 ], [ -3.86974, 38.10236 ], [ -3.87487, 38.08986 ], [ -3.86028, 38.08648 ], [ -3.85112, 38.07633 ], [ -3.85229, 38.06325 ] ], [ [ -3.60059, 38.1705 ], [ -3.67759, 38.22878 ], [ -3.69379, 38.23759 ], [ -3.68212, 38.21257 ], [ -3.70558, 38.19461 ], [ -3.69554, 38.18631 ], [ -3.7062, 38.1773 ], [ -3.71702, 38.1616 ], [ -3.73579, 38.14654 ], [ -3.71502, 38.13645 ], [ -3.70639, 38.12826 ], [ -3.70292, 38.13197 ], [ -3.7055, 38.15108 ], [ -3.68785, 38.15993 ], [ -3.6791, 38.17136 ], [ -3.65841, 38.15633 ], [ -3.62393, 38.1611 ], [ -3.61622, 38.15396 ], [ -3.60059, 38.1705 ] ] ] } },
{ "type": "Feature", "properties": { "CMUN": "23040", "NMUN": "Lahiguera", "NPRO": "Jaén", "CPRO": "23", "stroke": "#aaaaaa", "stroke-width": 0.7, "stroke-opacity": 0.45 }, "geometry": { "type": "LineString", "coordinates": [ [ -3.9375, 37.95335 ], [ -3.94958, 37.95889 ], [ -3.94991, 37.96728 ], [ -3.95929, 37.99412 ], [ -3.96512, 38.00044 ], [ -3.98509, 38.00086 ], [ -4.02861, 37.98723 ], [ -4.03519, 37.96536 ], [ -4.03249, 37.96021 ], [ -4.00666, 37.93737 ], [ -3.98599, 37.93935 ], [ -3.97585, 37.9296 ], [ -3.96418, 37.93515 ], [ -3.94292, 37.93664 ], [ -3.9375, 37.95335 ] ] } },
{ "type": "Feature", "properties": { "CMUN": "23041", "NMUN": "Higuera de Calatrava", "NPRO": "Jaén", "CPRO": "23", "stroke": "#aaaaaa", "stroke-width": 0.7, "stroke-opacity": 0.45 }, "geometry": { "type": "LineString", "coordinates": [ [ -4.15084, 37.76085 ], [ -4.14149, 37.77264 ], [ -4.12993, 37.78079 ], [ -4.11594, 37.7854 ], [ -4.11655, 37.81008 ], [ -4.11319, 37.82055 ], [ -4.12876, 37.82705 ], [ -4.13311, 37.83734 ], [ -4.13689, 37.83143 ], [ -4.16319, 37.82361 ], [ -4.16587, 37.8111 ], [ -4.19237, 37.79658 ], [ -4.1998, 37.7878 ], [ -4.21162, 37.78274 ], [ -4.20658, 37.77873 ], [ -4.18718, 37.76713 ], [ -4.1779, 37.76892 ], [ -4.15406, 37.76735 ], [ -4.15084, 37.76085 ] ] } },
{ "type": "Feature", "properties": { "CMUN": "23042", "NMUN": "Hinojares", "NPRO": "Jaén", "CPRO": "23", "stroke": "#aaaaaa", "stroke-width": 0.7, "stroke-opacity": 0.45 }, "geometry": { "type": "LineString", "coordinates": [ [ -3.00643, 37.68274 ], [ -2.97677, 37.71337 ], [ -2.96159, 37.73735 ], [ -2.96898, 37.74311 ], [ -2.96556, 37.76918 ], [ -2.96178, 37.78032 ], [ -2.97319, 37.76607 ], [ -2.99623, 37.75561 ], [ -3.00674, 37.75454 ], [ -3.02632, 37.74409 ], [ -3.02858, 37.73511 ], [ -3.04838, 37.72001 ], [ -3.04282, 37.70563 ], [ -3.00852, 37.688 ], [ -3.00643, 37.68274 ] ] } },
{ "type": "Feature", "properties": { "CMUN": "23043", "NMUN": "Hornos", "NPRO": "Jaén", "CPRO": "23", "stroke": "#aaaaaa", "stroke-width": 0.7, "stroke-opacity": 0.45 }, "geometry": { "type": "MultiLineString", "coordinates": [ [ [ -2.77918, 38.14246 ], [ -2.79642, 38.14603 ], [ -2.81189, 38.13784 ], [ -2.81759, 38.11672 ], [ -2.82883, 38.09764 ], [ -2.81353, 38.09136 ], [ -2.8064, 38.08241 ], [ -2.79716, 38.09585 ], [ -2.76759, 38.10377 ], [ -2.76139, 38.11264 ], [ -2.76524, 38.12464 ], [ -2.77987, 38.13069 ], [ -2.77918, 38.14246 ] ], [ [ -2.79598, 38.17403 ], [ -2.79034, 38.16937 ], [ -2.75419, 38.16684 ], [ -2.72783, 38.17101 ], [ -2.71947, 38.17738 ], [ -2.7008, 38.17771 ], [ -2.68766, 38.17335 ], [ -2.6739, 38.17359 ], [ -2.6325, 38.16684 ], [ -2.63583, 38.19476 ], [ -2.65069, 38.20363 ], [ -2.65329, 38.21608 ], [ -2.65306, 38.23865 ], [ -2.66782, 38.233 ], [ -2.68273, 38.23468 ], [ -2.68815, 38.24002 ], [ -2.71465, 38.24499 ], [ -2.74257, 38.23797 ], [ -2.75899, 38.23783 ], [ -2.76708, 38.24194 ], [ -2.76877, 38.23153 ], [ -2.7791, 38.21964 ], [ -2.78109, 38.211 ], [ -2.79443, 38.20747 ], [ -2.8046, 38.19283 ], [ -2.79598, 38.17403 ] ] ] } },
{ "type": "Feature", "properties": { "CMUN": "23044", "NMUN": "Huelma", "NPRO": "Jaén", "CPRO": "23", "stroke": "#aaaaaa", "stroke-width": 0.7, "stroke-opacity": 0.45 }, "geometry": { "type": "LineString", "coordinates": [ [ -3.43688, 37.57389 ], [ -3.3993, 37.56405 ], [ -3.36657, 37.56761 ], [ -3.35732, 37.57637 ], [ -3.34482, 37.57562 ], [ -3.33132, 37.58183 ], [ -3.29693, 37.58796 ], [ -3.30865, 37.61919 ], [ -3.31223, 37.63555 ], [ -3.30635, 37.64596 ], [ -3.30517, 37.66678 ], [ -3.31313, 37.68698 ], [ -3.31376, 37.69931 ], [ -3.30227, 37.7248 ], [ -3.29986, 37.73851 ], [ -3.30877, 37.75019 ], [ -3.32955, 37.75349 ], [ -3.32458, 37.72854 ], [ -3.33089, 37.72313 ], [ -3.33427, 37.69774 ], [ -3.34202, 37.69312 ], [ -3.35531, 37.69456 ], [ -3.37209, 37.70124 ], [ -3.38063, 37.71468 ], [ -3.394, 37.70999 ], [ -3.4114, 37.7146 ], [ -3.42252, 37.72217 ], [ -3.4275, 37.73349 ], [ -3.4398, 37.73249 ], [ -3.45658, 37.7323 ], [ -3.47284, 37.72471 ], [ -3.46685, 37.70415 ], [ -3.48886, 37.66828 ], [ -3.49929, 37.65854 ], [ -3.50032, 37.64343 ], [ -3.50775, 37.62621 ], [ -3.50654, 37.61722 ], [ -3.47954, 37.60109 ], [ -3.46152, 37.59859 ], [ -3.44972, 37.58446 ], [ -3.43688, 37.57389 ] ] } },
{ "type": "Feature", "properties": { "CMUN": "23045", "NMUN": "Huesa", "NPRO": "Jaén", "CPRO": "23", "stroke": "#aaaaaa", "stroke-width": 0.7, "stroke-opacity": 0.45 }, "geometry": { "type": "LineString", "coordinates": [ [ -3.00821, 37.60796 ], [ -3.01054, 37.62525 ], [ -3.0037, 37.64386 ], [ -2.99465, 37.65355 ], [ -3.00994, 37.65541 ], [ -3.00643, 37.68274 ], [ -3.00852, 37.688 ], [ -3.04282, 37.70563 ], [ -3.04838, 37.72001 ], [ -3.02858, 37.73511 ], [ -3.02632, 37.74409 ], [ -3.03646, 37.74892 ], [ -3.04762, 37.74761 ], [ -3.05337, 37.75413 ], [ -3.05382, 37.76527 ], [ -3.0448, 37.77838 ], [ -3.0541, 37.79163 ], [ -3.06569, 37.78885 ], [ -3.12605, 37.78069 ], [ -3.12067, 37.75912 ], [ -3.12315, 37.74664 ], [ -3.11107, 37.73837 ], [ -3.1173, 37.72487 ], [ -3.10389, 37.68998 ], [ -3.11018, 37.68231 ], [ -3.08325, 37.67312 ], [ -3.0935, 37.66282 ], [ -3.09084, 37.64556 ], [ -3.0934, 37.63629 ], [ -3.07829, 37.60149 ], [ -3.09169, 37.59656 ], [ -3.05762, 37.60692 ], [ -3.05157, 37.61821 ], [ -3.03347, 37.61697 ], [ -3.02438, 37.6115 ], [ -3.00821, 37.60796 ] ] } },
{ "type": "Feature", "properties": { "CMUN": "23046", "NMUN": "Ibros", "NPRO": "Jaén", "CPRO": "23", "stroke": "#aaaaaa", "stroke-width": 0.7, "stroke-opacity": 0.45 }, "geometry": { "type": "LineString", "coordinates": [ [ -3.49221, 38.03997 ], [ -3.49752, 38.03785 ], [ -3.518, 38.0508 ], [ -3.53361, 38.07395 ], [ -3.52881, 38.08095 ], [ -3.50411, 38.07325 ], [ -3.5034, 38.08683 ], [ -3.51691, 38.09612 ], [ -3.52926, 38.08625 ], [ -3.53897, 38.08667 ], [ -3.54957, 38.09647 ], [ -3.56397, 38.09329 ], [ -3.57066, 38.08141 ], [ -3.57909, 38.081 ], [ -3.58538, 38.07203 ], [ -3.58555, 38.04631 ], [ -3.59026, 38.04157 ], [ -3.57175, 38.02089 ], [ -3.54126, 38.0197 ], [ -3.52801, 38.01667 ], [ -3.51462, 38.00725 ], [ -3.49976, 38.00543 ], [ -3.48458, 38.01277 ], [ -3.48595, 38.03211 ], [ -3.49221, 38.03997 ] ] } },
{ "type": "Feature", "properties": { "CMUN": "23047", "NMUN": "Iruela, La", "NPRO": "Jaén", "CPRO": "23", "stroke": "#aaaaaa", "stroke-width": 0.7, "stroke-opacity": 0.45 }, "geometry": { "type": "LineString", "coordinates": [ [ -3.04382, 37.95627 ], [ -3.03667, 37.93803 ], [ -3.02496, 37.93708 ], [ -3.00042, 37.92909 ], [ -2.99694, 37.91795 ], [ -2.98494, 37.91538 ], [ -2.9718, 37.9236 ], [ -2.96035, 37.91769 ], [ -2.94335, 37.94157 ], [ -2.90513, 37.93691 ], [ -2.88943, 37.93791 ], [ -2.86837, 37.92951 ], [ -2.86043, 37.93501 ], [ -2.85007, 37.95149 ], [ -2.84071, 37.95771 ], [ -2.83251, 37.94545 ], [ -2.81815, 37.95584 ], [ -2.81554, 37.96558 ], [ -2.81827, 37.97538 ], [ -2.81453, 37.98638 ], [ -2.84822, 38.00204 ], [ -2.86121, 38.01539 ], [ -2.87193, 37.98282 ], [ -2.88645, 37.98109 ], [ -2.90828, 37.98597 ], [ -2.92805, 38.00016 ], [ -2.93355, 38.0083 ], [ -2.94497, 38.01277 ], [ -2.9636, 38.00541 ], [ -2.96933, 38.00035 ], [ -2.98181, 38.00284 ], [ -3.00605, 37.99089 ], [ -3.01044, 37.97871 ], [ -3.02101, 37.97336 ], [ -3.02224, 37.96083 ], [ -3.04382, 37.95627 ] ] } },
{ "type": "Feature", "properties": { "CMUN": "23048", "NMUN": "Iznatoraf", "NPRO": "Jaén", "CPRO": "23", "stroke": "#aaaaaa", "stroke-width": 0.7, "stroke-opacity": 0.45 }, "geometry": { "type": "MultiLineString", "coordinates": [ [ [ -2.84587, 38.10046 ], [ -2.83665, 38.1182 ], [ -2.88046, 38.13097 ], [ -2.90389, 38.15004 ], [ -2.91374, 38.14103 ], [ -2.92879, 38.13824 ], [ -2.96695, 38.13813 ], [ -2.97398, 38.12267 ], [ -2.95205, 38.11339 ], [ -2.94919, 38.10431 ], [ -2.92175, 38.09567 ], [ -2.90118, 38.1051 ], [ -2.89278, 38.1012 ], [ -2.87031, 38.1034 ], [ -2.84587, 38.10046 ] ], [ [ -3.00233, 38.10344 ], [ -3.02664, 38.11276 ], [ -3.02095, 38.13478 ], [ -3.01377, 38.14127 ], [ -3.01434, 38.15713 ], [ -3.02856, 38.17204 ], [ -3.04277, 38.1671 ], [ -3.06755, 38.17481 ], [ -3.07031, 38.15538 ], [ -3.0941, 38.15765 ], [ -3.1007, 38.16163 ], [ -3.10295, 38.17424 ], [ -3.11487, 38.17214 ], [ -3.12633, 38.16993 ], [ -3.13794, 38.17309 ], [ -3.14207, 38.16778 ], [ -3.13334, 38.16086 ], [ -3.11302, 38.15116 ], [ -3.10961, 38.1374 ], [ -3.09893, 38.14508 ], [ -3.06505, 38.13806 ], [ -3.05761, 38.11297 ], [ -3.04077, 38.10814 ], [ -3.04222, 38.08489 ], [ -3.03168, 38.07802 ], [ -3.02449, 38.09445 ], [ -3.00389, 38.09842 ], [ -3.00233, 38.10344 ] ] ] } },
{ "type": "Feature", "properties": { "CMUN": "23049", "NMUN": "Jabalquinto", "NPRO": "Jaén", "CPRO": "23", "stroke": "#aaaaaa", "stroke-width": 0.7, "stroke-opacity": 0.45 }, "geometry": { "type": "LineString", "coordinates": [ [ -3.82481, 38.01259 ], [ -3.81047, 38.01256 ], [ -3.80649, 37.99407 ], [ -3.80941, 37.98358 ], [ -3.79284, 37.98645 ], [ -3.77815, 37.9853 ], [ -3.76308, 37.97813 ], [ -3.75295, 37.98794 ], [ -3.74299, 37.98878 ], [ -3.73836, 37.98644 ], [ -3.71307, 37.98675 ], [ -3.69823, 37.99843 ], [ -3.68845, 38.00217 ], [ -3.68288, 38.01378 ], [ -3.68741, 38.01987 ], [ -3.68548, 38.0408 ], [ -3.69634, 38.04922 ], [ -3.71431, 38.05215 ], [ -3.72837, 38.06053 ], [ -3.74745, 38.05242 ], [ -3.76205, 38.03772 ], [ -3.79098, 38.03158 ], [ -3.81568, 38.0327 ], [ -3.8315, 38.04004 ], [ -3.83695, 38.02697 ], [ -3.8245, 38.01929 ], [ -3.82481, 38.01259 ] ] } },
{ "type": "Feature", "properties": { "CMUN": "23050", "NMUN": "Jaén", "NPRO": "Jaén", "CPRO": "23", "stroke": "#aaaaaa", "stroke-width": 0.7, "stroke-opacity": 0.45 }, "geometry": { "type": "MultiLineString", "coordinates": [ [ [ -3.84321, 37.73737 ], [ -3.81666, 37.72605 ], [ -3.79795, 37.70985 ], [ -3.78795, 37.68691 ], [ -3.77808, 37.67275 ], [ -3.77553, 37.66108 ], [ -3.7813, 37.64935 ], [ -3.78157, 37.63377 ], [ -3.76447, 37.62811 ], [ -3.75911, 37.63343 ], [ -3.72771, 37.63164 ], [ -3.70952, 37.63668 ], [ -3.70136, 37.64556 ], [ -3.70099, 37.65602 ], [ -3.69334, 37.66713 ], [ -3.67873, 37.67413 ], [ -3.70503, 37.69706 ], [ -3.70462, 37.70862 ], [ -3.71725, 37.71195 ], [ -3.72398, 37.7188 ], [ -3.72404, 37.73439 ], [ -3.71917, 37.74608 ], [ -3.72272, 37.75261 ], [ -3.74367, 37.76738 ], [ -3.74444, 37.77908 ], [ -3.70797, 37.7791 ], [ -3.70438, 37.78401 ], [ -3.66877, 37.7778 ], [ -3.65756, 37.80046 ], [ -3.66084, 37.81475 ], [ -3.64115, 37.82319 ], [ -3.62277, 37.83874 ], [ -3.6252, 37.86887 ], [ -3.61206, 37.87799 ], [ -3.61493, 37.88515 ], [ -3.64153, 37.89534 ], [ -3.65522, 37.89767 ], [ -3.6728, 37.89447 ], [ -3.67475, 37.91459 ], [ -3.70104, 37.91377 ], [ -3.70462, 37.91636 ], [ -3.73404, 37.92003 ], [ -3.7374, 37.91114 ], [ -3.76046, 37.91163 ], [ -3.77602, 37.92152 ], [ -3.7911, 37.91744 ], [ -3.79839, 37.92346 ], [ -3.81784, 37.92768 ], [ -3.82336, 37.93253 ], [ -3.84004, 37.93423 ], [ -3.86215, 37.92974 ], [ -3.87095, 37.92783 ], [ -3.87052, 37.90582 ], [ -3.85554, 37.88855 ], [ -3.85682, 37.87196 ], [ -3.86098, 37.8617 ], [ -3.85919, 37.85557 ], [ -3.83719, 37.8414 ], [ -3.82596, 37.81903 ], [ -3.83474, 37.81184 ], [ -3.83794, 37.77846 ], [ -3.85093, 37.75787 ], [ -3.84321, 37.73737 ] ], [ [ -3.6115, 37.91836 ], [ -3.61822, 37.92509 ], [ -3.61509, 37.93443 ], [ -3.61636, 37.95065 ], [ -3.63065, 37.95374 ], [ -3.63703, 37.93541 ], [ -3.62473, 37.92745 ], [ -3.62477, 37.91268 ], [ -3.6115, 37.91836 ] ] ] } },
{ "type": "Feature", "properties": { "CMUN": "23051", "NMUN": "Jamilena", "NPRO": "Jaén", "CPRO": "23", "stroke": "#aaaaaa", "stroke-width": 0.7, "stroke-opacity": 0.45 }, "geometry": { "type": "LineString", "coordinates": [ [ -3.8903, 37.73055 ], [ -3.89268, 37.73438 ], [ -3.89502, 37.74258 ], [ -3.91202, 37.75686 ], [ -3.92245, 37.74809 ], [ -3.94003, 37.7418 ], [ -3.93943, 37.73146 ], [ -3.92382, 37.72263 ], [ -3.89655, 37.73487 ], [ -3.8903, 37.73055 ] ] } },
{ "type": "Feature", "properties": { "CMUN": "23052", "NMUN": "Jimena", "NPRO": "Jaén", "CPRO": "23", "stroke": "#aaaaaa", "stroke-width": 0.7, "stroke-opacity": 0.45 }, "geometry": { "type": "LineString", "coordinates": [ [ -3.5804, 37.80648 ], [ -3.56405, 37.81025 ], [ -3.53463, 37.83508 ], [ -3.51499, 37.84221 ], [ -3.51471, 37.83343 ], [ -3.48351, 37.80498 ], [ -3.45963, 37.81805 ], [ -3.45861, 37.82268 ], [ -3.45407, 37.83071 ], [ -3.45404, 37.84981 ], [ -3.48573, 37.85862 ], [ -3.50199, 37.86736 ], [ -3.51081, 37.8685 ], [ -3.51904, 37.86226 ], [ -3.52889, 37.86603 ], [ -3.5452, 37.86248 ], [ -3.57393, 37.85965 ], [ -3.5802, 37.85326 ], [ -3.57569, 37.8486 ], [ -3.57681, 37.83594 ], [ -3.57123, 37.82646 ], [ -3.58193, 37.81298 ], [ -3.5804, 37.80648 ] ] } },
{ "type": "Feature", "properties": { "CMUN": "23053", "NMUN": "Jódar", "NPRO": "Jaén", "CPRO": "23", "stroke": "#aaaaaa", "stroke-width": 0.7, "stroke-opacity": 0.45 }, "geometry": { "type": "LineString", "coordinates": [ [ -3.32955, 37.75349 ], [ -3.30877, 37.75019 ], [ -3.27109, 37.76142 ], [ -3.26829, 37.783 ], [ -3.26902, 37.80486 ], [ -3.27356, 37.81964 ], [ -3.27628, 37.83759 ], [ -3.28195, 37.85136 ], [ -3.28115, 37.86464 ], [ -3.29442, 37.87712 ], [ -3.29581, 37.88429 ], [ -3.3212, 37.90416 ], [ -3.3314, 37.90871 ], [ -3.35532, 37.91344 ], [ -3.37637, 37.9128 ], [ -3.39694, 37.90446 ], [ -3.40416, 37.90798 ], [ -3.40917, 37.90626 ], [ -3.40495, 37.88945 ], [ -3.38736, 37.87805 ], [ -3.37774, 37.86499 ], [ -3.37819, 37.84298 ], [ -3.38729, 37.8399 ], [ -3.39361, 37.82167 ], [ -3.36738, 37.81287 ], [ -3.36202, 37.80189 ], [ -3.36079, 37.78652 ], [ -3.38293, 37.77976 ], [ -3.37588, 37.76696 ], [ -3.36709, 37.76253 ], [ -3.33816, 37.76248 ], [ -3.32955, 37.75349 ] ] } },
{ "type": "Feature", "properties": { "CMUN": "23054", "NMUN": "Larva", "NPRO": "Jaén", "CPRO": "23", "stroke": "#aaaaaa", "stroke-width": 0.7, "stroke-opacity": 0.45 }, "geometry": { "type": "LineString", "coordinates": [ [ -3.19708, 37.7264 ], [ -3.18587, 37.73059 ], [ -3.16556, 37.74907 ], [ -3.14983, 37.76866 ], [ -3.18315, 37.80132 ], [ -3.22288, 37.81041 ], [ -3.22041, 37.80196 ], [ -3.2246, 37.79184 ], [ -3.22498, 37.76653 ], [ -3.23091, 37.76027 ], [ -3.23294, 37.74717 ], [ -3.22777, 37.74016 ], [ -3.20744, 37.73627 ], [ -3.19708, 37.7264 ] ] } },
{ "type": "Feature", "properties": { "CMUN": "23055", "NMUN": "Linares", "NPRO": "Jaén", "CPRO": "23", "stroke": "#aaaaaa", "stroke-width": 0.7, "stroke-opacity": 0.45 }, "geometry": { "type": "LineString", "coordinates": [ [ -3.54957, 38.09647 ], [ -3.52454, 38.10985 ], [ -3.51731, 38.1171 ], [ -3.52695, 38.13049 ], [ -3.54144, 38.14235 ], [ -3.56967, 38.14467 ], [ -3.57806, 38.15476 ], [ -3.60059, 38.1705 ], [ -3.61622, 38.15396 ], [ -3.62393, 38.1611 ], [ -3.65841, 38.15633 ], [ -3.6791, 38.17136 ], [ -3.68785, 38.15993 ], [ -3.7055, 38.15108 ], [ -3.70292, 38.13197 ], [ -3.70639, 38.12826 ], [ -3.71863, 38.10026 ], [ -3.71202, 38.08763 ], [ -3.71343, 38.07711 ], [ -3.72705, 38.07402 ], [ -3.7428, 38.05767 ], [ -3.75014, 38.05683 ], [ -3.76205, 38.03772 ], [ -3.74745, 38.05242 ], [ -3.72837, 38.06053 ], [ -3.71431, 38.05215 ], [ -3.69634, 38.04922 ], [ -3.68548, 38.0408 ], [ -3.68741, 38.01987 ], [ -3.68288, 38.01378 ], [ -3.68845, 38.00217 ], [ -3.68121, 38.00787 ], [ -3.66373, 38.00833 ], [ -3.65255, 38.01847 ], [ -3.64609, 38.01538 ], [ -3.62852, 38.024 ], [ -3.61282, 38.03836 ], [ -3.59026, 38.04157 ], [ -3.58555, 38.04631 ], [ -3.58538, 38.07203 ], [ -3.57909, 38.081 ], [ -3.57066, 38.08141 ], [ -3.56397, 38.09329 ], [ -3.54957, 38.09647 ] ] } },
{ "type": "Feature", "properties": { "CMUN": "23056", "NMUN": "Lopera", "NPRO": "Jaén", "CPRO": "23", "stroke": "#aaaaaa", "stroke-width": 0.7, "stroke-opacity": 0.45 }, "geometry": { "type": "LineString", "coordinates": [ [ -4.17058, 37.92581 ], [ -4.1825, 37.93149 ], [ -4.17956, 37.94012 ], [ -4.1818, 37.9539 ], [ -4.19819, 37.96587 ], [ -4.19557, 37.97666 ], [ -4.20627, 37.98997 ], [ -4.22282, 38.00403 ], [ -4.23367, 38.00846 ], [ -4.26481, 38.00942 ], [ -4.25996, 38.02223 ], [ -4.28225, 38.02281 ], [ -4.28445, 38.00383 ], [ -4.27762, 38.00011 ], [ -4.26468, 37.97427 ], [ -4.25991, 37.95776 ], [ -4.25887, 37.93478 ], [ -4.26239, 37.91508 ], [ -4.26608, 37.91095 ], [ -4.25306, 37.9072 ], [ -4.22971, 37.91308 ], [ -4.22727, 37.91703 ], [ -4.2053, 37.92024 ], [ -4.18764, 37.91925 ], [ -4.17058, 37.92581 ] ] } },
{ "type": "Feature", "properties": { "CMUN": "23057", "NMUN": "Lupión", "NPRO": "Jaén", "CPRO": "23", "stroke": "#aaaaaa", "stroke-width": 0.7, "stroke-opacity": 0.45 }, "geometry": { "type": "LineString", "coordinates": [ [ -3.54126, 38.0197 ], [ -3.57175, 38.02089 ], [ -3.59026, 38.04157 ], [ -3.61282, 38.03836 ], [ -3.62852, 38.024 ], [ -3.61773, 38.01656 ], [ -3.59717, 38.01511 ], [ -3.58551, 37.99419 ], [ -3.54592, 37.99029 ], [ -3.53845, 37.99764 ], [ -3.52469, 38.0032 ], [ -3.54126, 38.0197 ] ] } },
{ "type": "Feature", "properties": { "CMUN": "23058", "NMUN": "Mancha Real", "NPRO": "Jaén", "CPRO": "23", "stroke": "#aaaaaa", "stroke-width": 0.7, "stroke-opacity": 0.45 }, "geometry": { "type": "LineString", "coordinates": [ [ -3.5804, 37.80648 ], [ -3.58193, 37.81298 ], [ -3.57123, 37.82646 ], [ -3.57681, 37.83594 ], [ -3.57569, 37.8486 ], [ -3.5802, 37.85326 ], [ -3.58998, 37.86671 ], [ -3.59244, 37.8763 ], [ -3.57764, 37.89486 ], [ -3.57092, 37.91375 ], [ -3.57365, 37.93033 ], [ -3.5905, 37.95327 ], [ -3.60268, 37.95559 ], [ -3.61636, 37.95065 ], [ -3.61509, 37.93443 ], [ -3.61822, 37.92509 ], [ -3.6115, 37.91836 ], [ -3.60079, 37.90405 ], [ -3.61477, 37.89143 ], [ -3.61493, 37.88515 ], [ -3.61206, 37.87799 ], [ -3.6252, 37.86887 ], [ -3.62277, 37.83874 ], [ -3.64115, 37.82319 ], [ -3.66084, 37.81475 ], [ -3.65756, 37.80046 ], [ -3.66877, 37.7778 ], [ -3.65408, 37.7579 ], [ -3.63531, 37.75608 ], [ -3.61999, 37.76364 ], [ -3.58688, 37.75392 ], [ -3.56853, 37.75428 ], [ -3.57811, 37.76724 ], [ -3.59095, 37.77779 ], [ -3.59192, 37.78582 ], [ -3.5804, 37.80648 ] ] } },
{ "type": "Feature", "properties": { "CMUN": "23059", "NMUN": "Marmolejo", "NPRO": "Jaén", "CPRO": "23", "stroke": "#aaaaaa", "stroke-width": 0.7, "stroke-opacity": 0.45 }, "geometry": { "type": "LineString", "coordinates": [ [ -4.12554, 38.02122 ], [ -4.12812, 38.0233 ], [ -4.11472, 38.04735 ], [ -4.09926, 38.07025 ], [ -4.10114, 38.08004 ], [ -4.09735, 38.10368 ], [ -4.08585, 38.117 ], [ -4.09566, 38.12882 ], [ -4.11287, 38.13392 ], [ -4.11066, 38.14301 ], [ -4.12336, 38.14828 ], [ -4.13766, 38.15952 ], [ -4.16661, 38.17382 ], [ -4.16355, 38.14461 ], [ -4.17496, 38.13174 ], [ -4.19315, 38.12753 ], [ -4.20515, 38.10765 ], [ -4.21733, 38.11105 ], [ -4.22155, 38.10225 ], [ -4.21414, 38.0945 ], [ -4.2359, 38.06972 ], [ -4.246, 38.0696 ], [ -4.25233, 38.06209 ], [ -4.25175, 38.05067 ], [ -4.24009, 38.04703 ], [ -4.2506, 38.0389 ], [ -4.2688, 38.0388 ], [ -4.25996, 38.02223 ], [ -4.26481, 38.00942 ], [ -4.23367, 38.00846 ], [ -4.22282, 38.00403 ], [ -4.20627, 37.98997 ], [ -4.20102, 37.99177 ], [ -4.1726, 37.98731 ], [ -4.15428, 38.00454 ], [ -4.14204, 38.0063 ], [ -4.12821, 38.01405 ], [ -4.12554, 38.02122 ] ] } },
{ "type": "Feature", "properties": { "CMUN": "23060", "NMUN": "Martos", "NPRO": "Jaén", "CPRO": "23", "stroke": "#aaaaaa", "stroke-width": 0.7, "stroke-opacity": 0.45 }, "geometry": { "type": "LineString", "coordinates": [ [ -3.87318, 37.59103 ], [ -3.89268, 37.58415 ], [ -3.89641, 37.58775 ], [ -3.91283, 37.58272 ], [ -3.91968, 37.59649 ], [ -3.93467, 37.59974 ], [ -3.93348, 37.60772 ], [ -3.94947, 37.61854 ], [ -3.95524, 37.63858 ], [ -3.9518, 37.65952 ], [ -3.91232, 37.67473 ], [ -3.88669, 37.67853 ], [ -3.88824, 37.72019 ], [ -3.8903, 37.73055 ], [ -3.89655, 37.73487 ], [ -3.92382, 37.72263 ], [ -3.93943, 37.73146 ], [ -3.94003, 37.7418 ], [ -3.96563, 37.73686 ], [ -3.99147, 37.74519 ], [ -4.00367, 37.7579 ], [ -4.01671, 37.76001 ], [ -4.03978, 37.75059 ], [ -4.05481, 37.75307 ], [ -4.06999, 37.76185 ], [ -4.11069, 37.754 ], [ -4.12337, 37.74504 ], [ -4.13603, 37.75032 ], [ -4.14624, 37.72777 ], [ -4.16946, 37.71123 ], [ -4.18351, 37.70704 ], [ -4.1803, 37.69933 ], [ -4.16437, 37.68151 ], [ -4.13515, 37.67663 ], [ -4.11767, 37.67731 ], [ -4.10439, 37.6856 ], [ -4.07913, 37.7055 ], [ -4.06148, 37.68241 ], [ -4.07181, 37.66751 ], [ -4.06872, 37.66059 ], [ -4.07362, 37.64598 ], [ -4.05472, 37.63342 ], [ -4.02672, 37.62462 ], [ -3.99711, 37.60942 ], [ -3.98959, 37.59878 ], [ -3.94909, 37.59211 ], [ -3.93944, 37.58806 ], [ -3.92965, 37.59077 ], [ -3.91333, 37.58122 ], [ -3.87885, 37.57705 ], [ -3.87318, 37.59103 ] ] } },
{ "type": "Feature", "properties": { "CMUN": "23061", "NMUN": "Mengíbar", "NPRO": "Jaén", "CPRO": "23", "stroke": "#aaaaaa", "stroke-width": 0.7, "stroke-opacity": 0.45 }, "geometry": { "type": "LineString", "coordinates": [ [ -3.74055, 37.981 ], [ -3.74299, 37.98878 ], [ -3.75295, 37.98794 ], [ -3.76308, 37.97813 ], [ -3.77815, 37.9853 ], [ -3.79284, 37.98645 ], [ -3.80941, 37.98358 ], [ -3.80649, 37.99407 ], [ -3.81047, 38.01256 ], [ -3.82481, 38.01259 ], [ -3.8315, 38.00425 ], [ -3.84836, 37.9953 ], [ -3.84352, 37.96579 ], [ -3.86833, 37.95578 ], [ -3.86215, 37.92974 ], [ -3.84004, 37.93423 ], [ -3.82336, 37.93253 ], [ -3.81784, 37.92768 ], [ -3.79839, 37.92346 ], [ -3.7911, 37.91744 ], [ -3.77602, 37.92152 ], [ -3.7727, 37.93788 ], [ -3.77915, 37.95078 ], [ -3.75739, 37.95097 ], [ -3.74903, 37.96679 ], [ -3.73701, 37.96635 ], [ -3.74055, 37.981 ] ] } },
{ "type": "Feature", "properties": { "CMUN": "23062", "NMUN": "Montizón", "NPRO": "Jaén", "CPRO": "23", "stroke": "#aaaaaa", "stroke-width": 0.7, "stroke-opacity": 0.45 }, "geometry": { "type": "LineString", "coordinates": [ [ -3.1302, 38.43877 ], [ -3.11901, 38.43367 ], [ -3.12299, 38.42388 ], [ -3.1326, 38.4188 ], [ -3.14416, 38.40649 ], [ -3.17651, 38.40902 ], [ -3.19285, 38.40485 ], [ -3.23134, 38.38347 ], [ -3.20738, 38.36128 ], [ -3.18762, 38.33621 ], [ -3.17312, 38.32638 ], [ -3.15818, 38.31095 ], [ -3.14584, 38.31527 ], [ -3.14008, 38.30917 ], [ -3.11915, 38.30401 ], [ -3.1, 38.30866 ], [ -3.09025, 38.32855 ], [ -3.06342, 38.34164 ], [ -3.0333, 38.35277 ], [ -3.02412, 38.36073 ], [ -2.98792, 38.37901 ], [ -2.98075, 38.38457 ], [ -2.99676, 38.40559 ], [ -3.00251, 38.40826 ], [ -3.00537, 38.41486 ], [ -3.06497, 38.47825 ], [ -3.11807, 38.44869 ], [ -3.1302, 38.43877 ] ] } },
{ "type": "Feature", "properties": { "CMUN": "23063", "NMUN": "Navas de San Juan", "NPRO": "Jaén", "CPRO": "23", "stroke": "#aaaaaa", "stroke-width": 0.7, "stroke-opacity": 0.45 }, "geometry": { "type": "LineString", "coordinates": [ [ -3.29919, 38.13903 ], [ -3.30004, 38.14532 ], [ -3.2715, 38.15789 ], [ -3.26529, 38.13815 ], [ -3.27672, 38.12644 ], [ -3.26757, 38.11881 ], [ -3.24692, 38.14317 ], [ -3.22731, 38.14136 ], [ -3.24087, 38.16506 ], [ -3.25441, 38.17526 ], [ -3.26968, 38.20028 ], [ -3.29388, 38.22522 ], [ -3.30809, 38.24348 ], [ -3.32133, 38.24999 ], [ -3.33121, 38.26559 ], [ -3.32614, 38.27504 ], [ -3.34069, 38.3045 ], [ -3.35113, 38.31904 ], [ -3.366, 38.34596 ], [ -3.36675, 38.36212 ], [ -3.3704, 38.35387 ], [ -3.38523, 38.35576 ], [ -3.39045, 38.35157 ], [ -3.3986, 38.34417 ], [ -3.38679, 38.33149 ], [ -3.39013, 38.32403 ], [ -3.38862, 38.30676 ], [ -3.39633, 38.30146 ], [ -3.40007, 38.2846 ], [ -3.40513, 38.26678 ], [ -3.40442, 38.25199 ], [ -3.38605, 38.24895 ], [ -3.37854, 38.25521 ], [ -3.36953, 38.23732 ], [ -3.3652, 38.21731 ], [ -3.394, 38.21621 ], [ -3.40645, 38.21142 ], [ -3.41022, 38.19951 ], [ -3.40989, 38.18554 ], [ -3.40027, 38.17387 ], [ -3.38246, 38.17664 ], [ -3.37373, 38.16635 ], [ -3.36493, 38.16385 ], [ -3.34885, 38.14905 ], [ -3.33963, 38.12463 ], [ -3.3293, 38.12547 ], [ -3.31072, 38.1276 ], [ -3.29919, 38.13903 ] ] } },
{ "type": "Feature", "properties": { "CMUN": "23064", "NMUN": "Noalejo", "NPRO": "Jaén", "CPRO": "23", "stroke": "#aaaaaa", "stroke-width": 0.7, "stroke-opacity": 0.45 }, "geometry": { "type": "LineString", "coordinates": [ [ -3.55161, 37.60425 ], [ -3.56501, 37.58586 ], [ -3.56401, 37.58212 ], [ -3.58002, 37.56316 ], [ -3.60213, 37.55567 ], [ -3.62379, 37.54254 ], [ -3.63338, 37.53352 ], [ -3.64944, 37.5288 ], [ -3.69403, 37.53733 ], [ -3.71141, 37.53631 ], [ -3.7336, 37.52856 ], [ -3.74117, 37.52032 ], [ -3.74392, 37.51451 ], [ -3.76207, 37.50138 ], [ -3.77976, 37.49644 ], [ -3.77767, 37.49006 ], [ -3.77083, 37.47987 ], [ -3.74319, 37.48717 ], [ -3.72924, 37.4886 ], [ -3.71152, 37.50313 ], [ -3.68301, 37.51796 ], [ -3.67197, 37.51822 ], [ -3.64336, 37.52648 ], [ -3.62707, 37.52854 ], [ -3.59999, 37.54734 ], [ -3.58289, 37.55387 ], [ -3.55877, 37.56624 ], [ -3.55525, 37.57359 ], [ -3.53644, 37.58081 ], [ -3.53845, 37.59366 ], [ -3.53011, 37.60236 ], [ -3.50654, 37.61722 ], [ -3.51693, 37.62313 ], [ -3.53381, 37.61706 ], [ -3.55161, 37.60425 ] ] } },
{ "type": "Feature", "properties": { "CMUN": "23065", "NMUN": "Orcera", "NPRO": "Jaén", "CPRO": "23", "stroke": "#aaaaaa", "stroke-width": 0.7, "stroke-opacity": 0.45 }, "geometry": { "type": "MultiLineString", "coordinates": [ [ [ -2.5603, 38.27439 ], [ -2.56589, 38.28563 ], [ -2.58196, 38.30731 ], [ -2.58322, 38.31489 ], [ -2.59048, 38.31813 ], [ -2.59186, 38.33028 ], [ -2.59982, 38.3339 ], [ -2.5958, 38.34339 ], [ -2.61105, 38.34854 ], [ -2.62267, 38.34116 ], [ -2.64505, 38.33716 ], [ -2.67907, 38.34477 ], [ -2.69622, 38.34511 ], [ -2.71206, 38.33944 ], [ -2.72131, 38.32562 ], [ -2.75082, 38.31886 ], [ -2.7606, 38.30508 ], [ -2.7505, 38.30032 ], [ -2.7278, 38.30819 ], [ -2.70595, 38.30327 ], [ -2.66221, 38.30764 ], [ -2.63553, 38.31592 ], [ -2.61409, 38.30432 ], [ -2.60823, 38.26095 ], [ -2.60036, 38.25293 ], [ -2.58333, 38.24656 ], [ -2.55833, 38.26666 ], [ -2.5603, 38.27439 ] ], [ [ -2.82001, 38.44391 ], [ -2.79606, 38.45872 ], [ -2.78695, 38.47237 ], [ -2.80111, 38.48605 ], [ -2.80819, 38.4972 ], [ -2.83594, 38.48283 ], [ -2.84987, 38.48045 ], [ -2.85644, 38.47426 ], [ -2.87922, 38.46363 ], [ -2.88149, 38.45265 ], [ -2.89322, 38.42648 ], [ -2.89278, 38.41583 ], [ -2.90743, 38.39568 ], [ -2.90322, 38.38384 ], [ -2.90859, 38.37187 ], [ -2.90016, 38.37218 ], [ -2.86275, 38.39505 ], [ -2.85113, 38.40756 ], [ -2.85065, 38.42356 ], [ -2.84435, 38.42821 ], [ -2.83985, 38.4442 ], [ -2.82001, 38.44391 ] ] ] } },
{ "type": "Feature", "properties": { "CMUN": "23066", "NMUN": "Peal de Becerro", "NPRO": "Jaén", "CPRO": "23", "stroke": "#aaaaaa", "stroke-width": 0.7, "stroke-opacity": 0.45 }, "geometry": { "type": "MultiLineString", "coordinates": [ [ [ -2.88029, 37.75995 ], [ -2.87271, 37.79203 ], [ -2.87645, 37.79111 ], [ -2.89919, 37.80609 ], [ -2.90045, 37.8418 ], [ -2.91138, 37.86919 ], [ -2.92993, 37.86603 ], [ -2.949, 37.86812 ], [ -2.95407, 37.87367 ], [ -2.98049, 37.88274 ], [ -2.99247, 37.88469 ], [ -2.99543, 37.86194 ], [ -2.9871, 37.85986 ], [ -2.96598, 37.84642 ], [ -2.95683, 37.84672 ], [ -2.95584, 37.8335 ], [ -2.94799, 37.83085 ], [ -2.93181, 37.81627 ], [ -2.91922, 37.81554 ], [ -2.9035, 37.80605 ], [ -2.90344, 37.78569 ], [ -2.89546, 37.78039 ], [ -2.90009, 37.76787 ], [ -2.89006, 37.76146 ], [ -2.88029, 37.75995 ] ], [ [ -3.09916, 37.89177 ], [ -3.10074, 37.91452 ], [ -3.10945, 37.92918 ], [ -3.1202, 37.93425 ], [ -3.1525, 37.93306 ], [ -3.18605, 37.95138 ], [ -3.19154, 37.95712 ], [ -3.19847, 37.958 ], [ -3.2203, 37.9445 ], [ -3.23414, 37.94702 ], [ -3.23602, 37.94033 ], [ -3.2501, 37.93808 ], [ -3.25485, 37.92541 ], [ -3.23709, 37.92781 ], [ -3.23443, 37.91854 ], [ -3.22241, 37.91624 ], [ -3.22553, 37.90396 ], [ -3.20958, 37.891 ], [ -3.21863, 37.86197 ], [ -3.20664, 37.85546 ], [ -3.20806, 37.83854 ], [ -3.18445, 37.83706 ], [ -3.14487, 37.85597 ], [ -3.13236, 37.86917 ], [ -3.10081, 37.88848 ], [ -3.09916, 37.89177 ] ] ] } },
{ "type": "Feature", "properties": { "CMUN": "23067", "NMUN": "Pegalajar", "NPRO": "Jaén", "CPRO": "23", "stroke": "#aaaaaa", "stroke-width": 0.7, "stroke-opacity": 0.45 }, "geometry": { "type": "LineString", "coordinates": [ [ -3.63013, 37.68895 ], [ -3.60977, 37.70908 ], [ -3.58706, 37.715 ], [ -3.57196, 37.71505 ], [ -3.56209, 37.72187 ], [ -3.52599, 37.73415 ], [ -3.54161, 37.73844 ], [ -3.56385, 37.74944 ], [ -3.56853, 37.75428 ], [ -3.58688, 37.75392 ], [ -3.61999, 37.76364 ], [ -3.63531, 37.75608 ], [ -3.65408, 37.7579 ], [ -3.6567, 37.75264 ], [ -3.68686, 37.72256 ], [ -3.7011, 37.71747 ], [ -3.70462, 37.70862 ], [ -3.70503, 37.69706 ], [ -3.67873, 37.67413 ], [ -3.67171, 37.66765 ], [ -3.65068, 37.67866 ], [ -3.64124, 37.67817 ], [ -3.63013, 37.68895 ] ] } },
{ "type": "Feature", "properties": { "CMUN": "23069", "NMUN": "Porcuna", "NPRO": "Jaén", "CPRO": "23", "stroke": "#aaaaaa", "stroke-width": 0.7, "stroke-opacity": 0.45 }, "geometry": { "type": "LineString", "coordinates": [ [ -4.13311, 37.83734 ], [ -4.12705, 37.84853 ], [ -4.11627, 37.85752 ], [ -4.1075, 37.85738 ], [ -4.10911, 37.88528 ], [ -4.12029, 37.88693 ], [ -4.12566, 37.90343 ], [ -4.15874, 37.9161 ], [ -4.17058, 37.92581 ], [ -4.18764, 37.91925 ], [ -4.2053, 37.92024 ], [ -4.22727, 37.91703 ], [ -4.22971, 37.91308 ], [ -4.25306, 37.9072 ], [ -4.26608, 37.91095 ], [ -4.27481, 37.90279 ], [ -4.27331, 37.89669 ], [ -4.27992, 37.87604 ], [ -4.2777, 37.85697 ], [ -4.28086, 37.82867 ], [ -4.28454, 37.81846 ], [ -4.28755, 37.80049 ], [ -4.27931, 37.79406 ], [ -4.25903, 37.78869 ], [ -4.22534, 37.7866 ], [ -4.21162, 37.78274 ], [ -4.1998, 37.7878 ], [ -4.19237, 37.79658 ], [ -4.16587, 37.8111 ], [ -4.16319, 37.82361 ], [ -4.13689, 37.83143 ], [ -4.13311, 37.83734 ] ] } },
{ "type": "Feature", "properties": { "CMUN": "23070", "NMUN": "Pozo Alcón", "NPRO": "Jaén", "CPRO": "23", "stroke": "#aaaaaa", "stroke-width": 0.7, "stroke-opacity": 0.45 }, "geometry": { "type": "LineString", "coordinates": [ [ -2.88842, 37.67649 ], [ -2.88404, 37.68132 ], [ -2.89891, 37.68479 ], [ -2.9041, 37.70989 ], [ -2.90072, 37.72316 ], [ -2.907, 37.72748 ], [ -2.90243, 37.73895 ], [ -2.9044, 37.74888 ], [ -2.89006, 37.76146 ], [ -2.90009, 37.76787 ], [ -2.89546, 37.78039 ], [ -2.90344, 37.78569 ], [ -2.9035, 37.80605 ], [ -2.91922, 37.81554 ], [ -2.93181, 37.81627 ], [ -2.94799, 37.83085 ], [ -2.95511, 37.81578 ], [ -2.95398, 37.78739 ], [ -2.96178, 37.78032 ], [ -2.96556, 37.76918 ], [ -2.96898, 37.74311 ], [ -2.96159, 37.73735 ], [ -2.97677, 37.71337 ], [ -3.00643, 37.68274 ], [ -3.00994, 37.65541 ], [ -2.99465, 37.65355 ], [ -3.0037, 37.64386 ], [ -3.01054, 37.62525 ], [ -3.00821, 37.60796 ], [ -2.99566, 37.60312 ], [ -2.97818, 37.60275 ], [ -2.98285, 37.61336 ], [ -2.97518, 37.62039 ], [ -2.97605, 37.63267 ], [ -2.9196, 37.65962 ], [ -2.9022, 37.66571 ], [ -2.88842, 37.67649 ] ] } },
{ "type": "Feature", "properties": { "CMUN": "23071", "NMUN": "Puente de Génave", "NPRO": "Jaén", "CPRO": "23", "stroke": "#aaaaaa", "stroke-width": 0.7, "stroke-opacity": 0.45 }, "geometry": { "type": "LineString", "coordinates": [ [ -2.77934, 38.30295 ], [ -2.7747, 38.33538 ], [ -2.79757, 38.36503 ], [ -2.81204, 38.36521 ], [ -2.81608, 38.37232 ], [ -2.83199, 38.35802 ], [ -2.83984, 38.36219 ], [ -2.86923, 38.37068 ], [ -2.8657, 38.35026 ], [ -2.868, 38.34473 ], [ -2.85806, 38.34824 ], [ -2.84507, 38.34538 ], [ -2.84153, 38.32919 ], [ -2.81706, 38.31923 ], [ -2.81215, 38.30825 ], [ -2.80057, 38.29081 ], [ -2.79257, 38.28922 ], [ -2.77934, 38.30295 ] ] } },
{ "type": "Feature", "properties": { "CMUN": "23072", "NMUN": "Puerta de Segura, La", "NPRO": "Jaén", "CPRO": "23", "stroke": "#aaaaaa", "stroke-width": 0.7, "stroke-opacity": 0.45 }, "geometry": { "type": "LineString", "coordinates": [ [ -2.71565, 38.37473 ], [ -2.71824, 38.38003 ], [ -2.73957, 38.38743 ], [ -2.75188, 38.38581 ], [ -2.75825, 38.39931 ], [ -2.77579, 38.40661 ], [ -2.79441, 38.41764 ], [ -2.82001, 38.44391 ], [ -2.83985, 38.4442 ], [ -2.84435, 38.42821 ], [ -2.85065, 38.42356 ], [ -2.85113, 38.40756 ], [ -2.86275, 38.39505 ], [ -2.85944, 38.38673 ], [ -2.86923, 38.37068 ], [ -2.83984, 38.36219 ], [ -2.83199, 38.35802 ], [ -2.81608, 38.37232 ], [ -2.81204, 38.36521 ], [ -2.79757, 38.36503 ], [ -2.7747, 38.33538 ], [ -2.77934, 38.30295 ], [ -2.7606, 38.30508 ], [ -2.75082, 38.31886 ], [ -2.72131, 38.32562 ], [ -2.71206, 38.33944 ], [ -2.72128, 38.34892 ], [ -2.71627, 38.36108 ], [ -2.71565, 38.37473 ] ] } },
{ "type": "Feature", "properties": { "CMUN": "23073", "NMUN": "Quesada", "NPRO": "Jaén", "CPRO": "23", "stroke": "#aaaaaa", "stroke-width": 0.7, "stroke-opacity": 0.45 }, "geometry": { "type": "LineString", "coordinates": [ [ -2.94799, 37.83085 ], [ -2.95584, 37.8335 ], [ -2.95683, 37.84672 ], [ -2.96598, 37.84642 ], [ -2.9871, 37.85986 ], [ -2.99543, 37.86194 ], [ -3.00419, 37.87073 ], [ -3.03484, 37.88868 ], [ -3.07337, 37.89452 ], [ -3.09916, 37.89177 ], [ -3.10081, 37.88848 ], [ -3.13236, 37.86917 ], [ -3.14487, 37.85597 ], [ -3.18445, 37.83706 ], [ -3.20806, 37.83854 ], [ -3.22569, 37.83164 ], [ -3.22035, 37.82157 ], [ -3.22288, 37.81041 ], [ -3.18315, 37.80132 ], [ -3.14983, 37.76866 ], [ -3.16556, 37.74907 ], [ -3.18587, 37.73059 ], [ -3.19708, 37.7264 ], [ -3.18229, 37.71705 ], [ -3.17186, 37.70379 ], [ -3.16035, 37.68108 ], [ -3.16567, 37.66293 ], [ -3.15883, 37.65289 ], [ -3.15738, 37.64143 ], [ -3.14783, 37.62592 ], [ -3.14291, 37.62148 ], [ -3.11651, 37.60812 ], [ -3.09973, 37.60549 ], [ -3.09169, 37.59656 ], [ -3.07829, 37.60149 ], [ -3.0934, 37.63629 ], [ -3.09084, 37.64556 ], [ -3.0935, 37.66282 ], [ -3.08325, 37.67312 ], [ -3.11018, 37.68231 ], [ -3.10389, 37.68998 ], [ -3.1173, 37.72487 ], [ -3.11107, 37.73837 ], [ -3.12315, 37.74664 ], [ -3.12067, 37.75912 ], [ -3.12605, 37.78069 ], [ -3.06569, 37.78885 ], [ -3.0541, 37.79163 ], [ -3.0448, 37.77838 ], [ -3.05382, 37.76527 ], [ -3.05337, 37.75413 ], [ -3.04762, 37.74761 ], [ -3.03646, 37.74892 ], [ -3.02632, 37.74409 ], [ -3.00674, 37.75454 ], [ -2.99623, 37.75561 ], [ -2.97319, 37.76607 ], [ -2.96178, 37.78032 ], [ -2.95398, 37.78739 ], [ -2.95511, 37.81578 ], [ -2.94799, 37.83085 ] ] } },
{ "type": "Feature", "properties": { "CMUN": "23074", "NMUN": "Rus", "NPRO": "Jaén", "CPRO": "23", "stroke": "#aaaaaa", "stroke-width": 0.7, "stroke-opacity": 0.45 }, "geometry": { "type": "LineString", "coordinates": [ [ -3.48595, 38.03211 ], [ -3.45854, 38.03157 ], [ -3.44685, 38.03471 ], [ -3.43114, 38.04374 ], [ -3.41984, 38.05425 ], [ -3.43307, 38.07098 ], [ -3.43411, 38.08721 ], [ -3.41688, 38.10547 ], [ -3.40295, 38.11381 ], [ -3.41125, 38.12096 ], [ -3.43738, 38.12721 ], [ -3.45898, 38.11101 ], [ -3.47074, 38.09808 ], [ -3.48352, 38.09229 ], [ -3.49782, 38.09335 ], [ -3.5034, 38.08683 ], [ -3.50411, 38.07325 ], [ -3.4958, 38.07368 ], [ -3.47657, 38.05835 ], [ -3.47444, 38.03952 ], [ -3.49221, 38.03997 ], [ -3.48595, 38.03211 ] ] } },
{ "type": "Feature", "properties": { "CMUN": "23075", "NMUN": "Sabiote", "NPRO": "Jaén", "CPRO": "23", "stroke": "#aaaaaa", "stroke-width": 0.7, "stroke-opacity": 0.45 }, "geometry": { "type": "LineString", "coordinates": [ [ -3.1976, 38.07633 ], [ -3.15924, 38.09101 ], [ -3.1699, 38.10215 ], [ -3.19249, 38.11649 ], [ -3.19865, 38.13287 ], [ -3.19967, 38.14549 ], [ -3.22045, 38.14522 ], [ -3.22731, 38.14136 ], [ -3.24692, 38.14317 ], [ -3.26757, 38.11881 ], [ -3.27672, 38.12644 ], [ -3.29759, 38.1265 ], [ -3.29919, 38.13903 ], [ -3.31072, 38.1276 ], [ -3.3293, 38.12547 ], [ -3.3273, 38.09663 ], [ -3.34026, 38.08039 ], [ -3.34222, 38.06896 ], [ -3.33224, 38.05523 ], [ -3.31921, 38.04871 ], [ -3.29299, 38.04871 ], [ -3.27261, 38.04579 ], [ -3.25896, 38.03892 ], [ -3.24632, 38.04944 ], [ -3.24268, 38.0583 ], [ -3.21329, 38.07775 ], [ -3.1976, 38.07633 ] ] } },
{ "type": "Feature", "properties": { "CMUN": "23076", "NMUN": "Santa Elena", "NPRO": "Jaén", "CPRO": "23", "stroke": "#aaaaaa", "stroke-width": 0.7, "stroke-opacity": 0.45 }, "geometry": { "type": "LineString", "coordinates": [ [ -3.45316, 38.4002 ], [ -3.47259, 38.39796 ], [ -3.48547, 38.40403 ], [ -3.52425, 38.4091 ], [ -3.53335, 38.41509 ], [ -3.53261, 38.43406 ], [ -3.54189, 38.44538 ], [ -3.56736, 38.45203 ], [ -3.58308, 38.45147 ], [ -3.58636, 38.43395 ], [ -3.58585, 38.4056 ], [ -3.59824, 38.39847 ], [ -3.61623, 38.37186 ], [ -3.61123, 38.35844 ], [ -3.61444, 38.34692 ], [ -3.60543, 38.34314 ], [ -3.59036, 38.32708 ], [ -3.57712, 38.30424 ], [ -3.55454, 38.31213 ], [ -3.54183, 38.3133 ], [ -3.51347, 38.30519 ], [ -3.49722, 38.29285 ], [ -3.48694, 38.2933 ], [ -3.47664, 38.30524 ], [ -3.49972, 38.33397 ], [ -3.49135, 38.33831 ], [ -3.4963, 38.34871 ], [ -3.48453, 38.36252 ], [ -3.47464, 38.36693 ], [ -3.45148, 38.36933 ], [ -3.4436, 38.39265 ], [ -3.45316, 38.4002 ] ] } },
{ "type": "Feature", "properties": { "CMUN": "23077", "NMUN": "Santiago de Calatrava", "NPRO": "Jaén", "CPRO": "23", "stroke": "#aaaaaa", "stroke-width": 0.7, "stroke-opacity": 0.45 }, "geometry": { "type": "LineString", "coordinates": [ [ -4.15084, 37.76085 ], [ -4.15406, 37.76735 ], [ -4.1779, 37.76892 ], [ -4.18718, 37.76713 ], [ -4.20658, 37.77873 ], [ -4.20745, 37.77004 ], [ -4.2175, 37.7671 ], [ -4.22841, 37.75571 ], [ -4.23471, 37.7389 ], [ -4.23816, 37.71963 ], [ -4.20783, 37.71082 ], [ -4.18351, 37.70704 ], [ -4.16946, 37.71123 ], [ -4.14624, 37.72777 ], [ -4.13603, 37.75032 ], [ -4.14512, 37.74985 ], [ -4.15084, 37.76085 ] ] } },
{ "type": "Feature", "properties": { "CMUN": "23079", "NMUN": "Santisteban del Puerto", "NPRO": "Jaén", "CPRO": "23", "stroke": "#aaaaaa", "stroke-width": 0.7, "stroke-opacity": 0.45 }, "geometry": { "type": "LineString", "coordinates": [ [ -3.13794, 38.17309 ], [ -3.14341, 38.1764 ], [ -3.15469, 38.198 ], [ -3.15513, 38.21347 ], [ -3.1622, 38.2415 ], [ -3.16253, 38.27459 ], [ -3.16766, 38.29268 ], [ -3.17058, 38.31947 ], [ -3.19628, 38.32161 ], [ -3.19549, 38.32841 ], [ -3.20604, 38.34117 ], [ -3.22709, 38.34725 ], [ -3.22584, 38.36132 ], [ -3.23814, 38.37112 ], [ -3.22459, 38.41126 ], [ -3.21808, 38.41363 ], [ -3.21773, 38.4277 ], [ -3.22241, 38.433 ], [ -3.21954, 38.45291 ], [ -3.23222, 38.45476 ], [ -3.28001, 38.4604 ], [ -3.28847, 38.46924 ], [ -3.29676, 38.47057 ], [ -3.30526, 38.47928 ], [ -3.33535, 38.4805 ], [ -3.37501, 38.47523 ], [ -3.38037, 38.45055 ], [ -3.36415, 38.44769 ], [ -3.34946, 38.4547 ], [ -3.34588, 38.46586 ], [ -3.32232, 38.47297 ], [ -3.30732, 38.47123 ], [ -3.30495, 38.45998 ], [ -3.30997, 38.44133 ], [ -3.28946, 38.42178 ], [ -3.28756, 38.41144 ], [ -3.2922, 38.39869 ], [ -3.28721, 38.38577 ], [ -3.29288, 38.37333 ], [ -3.3006, 38.36944 ], [ -3.35508, 38.36083 ], [ -3.36675, 38.36212 ], [ -3.366, 38.34596 ], [ -3.35113, 38.31904 ], [ -3.34069, 38.3045 ], [ -3.32614, 38.27504 ], [ -3.33121, 38.26559 ], [ -3.32133, 38.24999 ], [ -3.30809, 38.24348 ], [ -3.29388, 38.22522 ], [ -3.26968, 38.20028 ], [ -3.25441, 38.17526 ], [ -3.24087, 38.16506 ], [ -3.22731, 38.14136 ], [ -3.22045, 38.14522 ], [ -3.19967, 38.14549 ], [ -3.19865, 38.13287 ], [ -3.18341, 38.15162 ], [ -3.15204, 38.15645 ], [ -3.14207, 38.16778 ], [ -3.13794, 38.17309 ] ] } },
{ "type": "Feature", "properties": { "CMUN": "23080", "NMUN": "Santo Tomé", "NPRO": "Jaén", "CPRO": "23", "stroke": "#aaaaaa", "stroke-width": 0.7, "stroke-opacity": 0.45 }, "geometry": { "type": "LineString", "coordinates": [ [ -2.9636, 38.00541 ], [ -2.94497, 38.01277 ], [ -2.93355, 38.0083 ], [ -2.92805, 38.00016 ], [ -2.90828, 37.98597 ], [ -2.88645, 37.98109 ], [ -2.87193, 37.98282 ], [ -2.86121, 38.01539 ], [ -2.86794, 38.01667 ], [ -2.87786, 38.00331 ], [ -2.89776, 38.01066 ], [ -2.90413, 38.02368 ], [ -2.91945, 38.01682 ], [ -2.93317, 38.02375 ], [ -2.93709, 38.03078 ], [ -2.96623, 38.04053 ], [ -2.9785, 38.02904 ], [ -2.99304, 38.04099 ], [ -3.01921, 38.04128 ], [ -3.04045, 38.0373 ], [ -3.05066, 38.03124 ], [ -3.06382, 38.04173 ], [ -3.08178, 38.0462 ], [ -3.09099, 38.03413 ], [ -3.10003, 38.04164 ], [ -3.11051, 38.03421 ], [ -3.11776, 38.03794 ], [ -3.12861, 38.0325 ], [ -3.13547, 38.03654 ], [ -3.13352, 38.02714 ], [ -3.1437, 38.01265 ], [ -3.09296, 38.00558 ], [ -3.08724, 37.9954 ], [ -3.07599, 38.00163 ], [ -3.05271, 38.00928 ], [ -3.03661, 38.01801 ], [ -3.00978, 38.01567 ], [ -2.99474, 38.01102 ], [ -2.9816, 38.01568 ], [ -2.9636, 38.00541 ] ] } },
{ "type": "Feature", "properties": { "CMUN": "23081", "NMUN": "Segura de la Sierra", "NPRO": "Jaén", "CPRO": "23", "stroke": "#aaaaaa", "stroke-width": 0.7, "stroke-opacity": 0.45 }, "geometry": { "type": "MultiLineString", "coordinates": [ [ [ -2.68973, 37.97382 ], [ -2.67084, 37.96142 ], [ -2.65037, 37.97138 ], [ -2.66398, 37.98086 ], [ -2.65127, 37.99623 ], [ -2.65298, 38.0069 ], [ -2.64421, 38.02331 ], [ -2.66061, 38.02076 ], [ -2.66155, 38.01366 ], [ -2.67417, 37.99652 ], [ -2.68713, 37.98502 ], [ -2.68973, 37.97382 ] ], [ [ -2.6297, 38.01581 ], [ -2.63933, 38.01551 ], [ -2.63749, 38.00445 ], [ -2.62256, 37.99053 ], [ -2.612, 38.00095 ], [ -2.61437, 38.00704 ], [ -2.6297, 38.01581 ] ], [ [ -2.54133, 38.26379 ], [ -2.5443, 38.26977 ], [ -2.5603, 38.27439 ], [ -2.55833, 38.26666 ], [ -2.58333, 38.24656 ], [ -2.60036, 38.25293 ], [ -2.60823, 38.26095 ], [ -2.61409, 38.30432 ], [ -2.63553, 38.31592 ], [ -2.66221, 38.30764 ], [ -2.70595, 38.30327 ], [ -2.7278, 38.30819 ], [ -2.7505, 38.30032 ], [ -2.75794, 38.28834 ], [ -2.75073, 38.27453 ], [ -2.76176, 38.27042 ], [ -2.76286, 38.24659 ], [ -2.76708, 38.24194 ], [ -2.75899, 38.23783 ], [ -2.74257, 38.23797 ], [ -2.71465, 38.24499 ], [ -2.68815, 38.24002 ], [ -2.68273, 38.23468 ], [ -2.66782, 38.233 ], [ -2.65306, 38.23865 ], [ -2.65329, 38.21608 ], [ -2.65069, 38.20363 ], [ -2.63583, 38.19476 ], [ -2.6325, 38.16684 ], [ -2.6224, 38.15814 ], [ -2.60754, 38.16982 ], [ -2.61147, 38.18009 ], [ -2.60857, 38.19044 ], [ -2.61747, 38.19684 ], [ -2.6176, 38.22047 ], [ -2.58284, 38.22976 ], [ -2.55939, 38.24501 ], [ -2.55507, 38.25374 ], [ -2.54133, 38.26379 ] ], [ [ -2.4537, 38.21825 ], [ -2.44286, 38.23127 ], [ -2.44426, 38.2514 ], [ -2.43547, 38.26542 ], [ -2.44078, 38.28511 ], [ -2.48148, 38.29495 ], [ -2.48508, 38.30177 ], [ -2.48416, 38.31588 ], [ -2.49463, 38.30709 ], [ -2.5141, 38.31122 ], [ -2.52375, 38.30496 ], [ -2.52888, 38.29521 ], [ -2.54207, 38.2896 ], [ -2.53064, 38.27583 ], [ -2.50975, 38.27783 ], [ -2.4977, 38.26226 ], [ -2.49193, 38.26097 ], [ -2.49495, 38.24359 ], [ -2.48292, 38.24901 ], [ -2.45954, 38.23535 ], [ -2.4537, 38.21825 ] ], [ [ -2.868, 38.34473 ], [ -2.8657, 38.35026 ], [ -2.86923, 38.37068 ], [ -2.85944, 38.38673 ], [ -2.86275, 38.39505 ], [ -2.90016, 38.37218 ], [ -2.90859, 38.37187 ], [ -2.91688, 38.35648 ], [ -2.92445, 38.35172 ], [ -2.93875, 38.35196 ], [ -2.94263, 38.33908 ], [ -2.94324, 38.31826 ], [ -2.93748, 38.31243 ], [ -2.92586, 38.32284 ], [ -2.90652, 38.33045 ], [ -2.89631, 38.33097 ], [ -2.89078, 38.33768 ], [ -2.868, 38.34473 ] ] ] } },
{ "type": "Feature", "properties": { "CMUN": "23082", "NMUN": "Siles", "NPRO": "Jaén", "CPRO": "23", "stroke": "#aaaaaa", "stroke-width": 0.7, "stroke-opacity": 0.45 }, "geometry": { "type": "MultiLineString", "coordinates": [ [ [ -2.57188, 38.43786 ], [ -2.5674, 38.46066 ], [ -2.5766, 38.47578 ], [ -2.56663, 38.49047 ], [ -2.58008, 38.50355 ], [ -2.59372, 38.51129 ], [ -2.6043, 38.51289 ], [ -2.58686, 38.48403 ], [ -2.60009, 38.4703 ], [ -2.59333, 38.45765 ], [ -2.60662, 38.44375 ], [ -2.60885, 38.43414 ], [ -2.62829, 38.4226 ], [ -2.64362, 38.4172 ], [ -2.65721, 38.38996 ], [ -2.65464, 38.38777 ], [ -2.64608, 38.3913 ], [ -2.63807, 38.38413 ], [ -2.63822, 38.3742 ], [ -2.62692, 38.37037 ], [ -2.62745, 38.36222 ], [ -2.61758, 38.35868 ], [ -2.61105, 38.34854 ], [ -2.5958, 38.34339 ], [ -2.59982, 38.3339 ], [ -2.59186, 38.33028 ], [ -2.59048, 38.31813 ], [ -2.58322, 38.31489 ], [ -2.57354, 38.31239 ], [ -2.56575, 38.29191 ], [ -2.55596, 38.27771 ], [ -2.54696, 38.27919 ], [ -2.54207, 38.2896 ], [ -2.52888, 38.29521 ], [ -2.52375, 38.30496 ], [ -2.5141, 38.31122 ], [ -2.49463, 38.30709 ], [ -2.48416, 38.31588 ], [ -2.48104, 38.32446 ], [ -2.47896, 38.34881 ], [ -2.4858, 38.35374 ], [ -2.49238, 38.3713 ], [ -2.48159, 38.39308 ], [ -2.49187, 38.39874 ], [ -2.51217, 38.40006 ], [ -2.53492, 38.40625 ], [ -2.55006, 38.4031 ], [ -2.56131, 38.41195 ], [ -2.57155, 38.41393 ], [ -2.57684, 38.42308 ], [ -2.57188, 38.43786 ] ], [ [ -2.78695, 38.47237 ], [ -2.77095, 38.47679 ], [ -2.76472, 38.4724 ], [ -2.76837, 38.49682 ], [ -2.78058, 38.50933 ], [ -2.78762, 38.50955 ], [ -2.80824, 38.50112 ], [ -2.80819, 38.4972 ], [ -2.80111, 38.48605 ], [ -2.78695, 38.47237 ] ] ] } },
{ "type": "Feature", "properties": { "CMUN": "23084", "NMUN": "Sorihuela del Guadalimar", "NPRO": "Jaén", "CPRO": "23", "stroke": "#aaaaaa", "stroke-width": 0.7, "stroke-opacity": 0.45 }, "geometry": { "type": "MultiLineString", "coordinates": [ [ [ -2.8046, 38.19283 ], [ -2.79443, 38.20747 ], [ -2.80289, 38.21098 ], [ -2.81879, 38.20818 ], [ -2.82956, 38.21138 ], [ -2.8363, 38.21933 ], [ -2.8666, 38.21607 ], [ -2.86588, 38.19117 ], [ -2.87893, 38.18581 ], [ -2.89058, 38.18612 ], [ -2.90774, 38.17893 ], [ -2.89622, 38.1675 ], [ -2.85611, 38.18484 ], [ -2.83002, 38.17862 ], [ -2.81506, 38.1834 ], [ -2.8046, 38.19283 ] ], [ [ -2.96902, 38.22578 ], [ -2.98074, 38.22597 ], [ -2.99569, 38.21517 ], [ -3.01735, 38.22291 ], [ -3.00854, 38.23777 ], [ -3.00795, 38.24588 ], [ -3.00626, 38.25317 ], [ -3.02823, 38.25735 ], [ -3.04403, 38.25021 ], [ -3.05591, 38.24941 ], [ -3.07415, 38.25404 ], [ -3.06775, 38.23906 ], [ -3.0703, 38.23448 ], [ -3.06359, 38.22109 ], [ -3.04966, 38.20656 ], [ -3.02615, 38.20192 ], [ -3.02139, 38.214 ], [ -3.00144, 38.21524 ], [ -2.97917, 38.20743 ], [ -2.96902, 38.22578 ] ] ] } },
{ "type": "Feature", "properties": { "CMUN": "23085", "NMUN": "Torreblascopedro", "NPRO": "Jaén", "CPRO": "23", "stroke": "#aaaaaa", "stroke-width": 0.7, "stroke-opacity": 0.45 }, "geometry": { "type": "LineString", "coordinates": [ [ -3.74055, 37.981 ], [ -3.72567, 37.96813 ], [ -3.71883, 37.96877 ], [ -3.71034, 37.95933 ], [ -3.69278, 37.95597 ], [ -3.67744, 37.94665 ], [ -3.64777, 37.94466 ], [ -3.63799, 37.95832 ], [ -3.63973, 37.97236 ], [ -3.62226, 37.98338 ], [ -3.60503, 37.98497 ], [ -3.58551, 37.99419 ], [ -3.59717, 38.01511 ], [ -3.61773, 38.01656 ], [ -3.62852, 38.024 ], [ -3.64609, 38.01538 ], [ -3.65255, 38.01847 ], [ -3.66373, 38.00833 ], [ -3.68121, 38.00787 ], [ -3.68845, 38.00217 ], [ -3.69823, 37.99843 ], [ -3.71307, 37.98675 ], [ -3.73836, 37.98644 ], [ -3.74299, 37.98878 ], [ -3.74055, 37.981 ] ] } },
{ "type": "Feature", "properties": { "CMUN": "23086", "NMUN": "Torredelcampo", "NPRO": "Jaén", "CPRO": "23", "stroke": "#aaaaaa", "stroke-width": 0.7, "stroke-opacity": 0.45 }, "geometry": { "type": "LineString", "coordinates": [ [ -3.98521, 37.81333 ], [ -3.97383, 37.79755 ], [ -3.94241, 37.77527 ], [ -3.91202, 37.75686 ], [ -3.89502, 37.74258 ], [ -3.89268, 37.73438 ], [ -3.87929, 37.73725 ], [ -3.86863, 37.73407 ], [ -3.85805, 37.73873 ], [ -3.84321, 37.73737 ], [ -3.85093, 37.75787 ], [ -3.83794, 37.77846 ], [ -3.83474, 37.81184 ], [ -3.82596, 37.81903 ], [ -3.83719, 37.8414 ], [ -3.85919, 37.85557 ], [ -3.86098, 37.8617 ], [ -3.88308, 37.86165 ], [ -3.90155, 37.87125 ], [ -3.90694, 37.88527 ], [ -3.91817, 37.90279 ], [ -3.95398, 37.92424 ], [ -3.96418, 37.93515 ], [ -3.97585, 37.9296 ], [ -3.96611, 37.92753 ], [ -3.96151, 37.91485 ], [ -3.98204, 37.89272 ], [ -3.99772, 37.88421 ], [ -4.0002, 37.87851 ], [ -3.99825, 37.87133 ], [ -3.99253, 37.85586 ], [ -3.97969, 37.8446 ], [ -3.97225, 37.8212 ], [ -3.98521, 37.81333 ] ] } },
{ "type": "Feature", "properties": { "CMUN": "23087", "NMUN": "Torredonjimeno", "NPRO": "Jaén", "CPRO": "23", "stroke": "#aaaaaa", "stroke-width": 0.7, "stroke-opacity": 0.45 }, "geometry": { "type": "LineString", "coordinates": [ [ -3.98521, 37.81333 ], [ -4.01085, 37.83169 ], [ -4.03455, 37.85652 ], [ -4.04695, 37.85787 ], [ -4.07001, 37.8603 ], [ -4.09248, 37.85602 ], [ -4.1075, 37.85738 ], [ -4.11627, 37.85752 ], [ -4.12705, 37.84853 ], [ -4.13311, 37.83734 ], [ -4.12876, 37.82705 ], [ -4.11319, 37.82055 ], [ -4.11655, 37.81008 ], [ -4.11594, 37.7854 ], [ -4.12993, 37.78079 ], [ -4.14149, 37.77264 ], [ -4.15084, 37.76085 ], [ -4.14512, 37.74985 ], [ -4.13603, 37.75032 ], [ -4.12337, 37.74504 ], [ -4.11069, 37.754 ], [ -4.06999, 37.76185 ], [ -4.05481, 37.75307 ], [ -4.03978, 37.75059 ], [ -4.01671, 37.76001 ], [ -4.00367, 37.7579 ], [ -3.99147, 37.74519 ], [ -3.96563, 37.73686 ], [ -3.94003, 37.7418 ], [ -3.92245, 37.74809 ], [ -3.91202, 37.75686 ], [ -3.94241, 37.77527 ], [ -3.97383, 37.79755 ], [ -3.98521, 37.81333 ] ] } },
{ "type": "Feature", "properties": { "CMUN": "23088", "NMUN": "Torreperogil", "NPRO": "Jaén", "CPRO": "23", "stroke": "#aaaaaa", "stroke-width": 0.7, "stroke-opacity": 0.45 }, "geometry": { "type": "LineString", "coordinates": [ [ -3.18441, 37.96663 ], [ -3.17282, 37.97391 ], [ -3.17852, 37.98811 ], [ -3.19438, 38.00136 ], [ -3.18534, 38.00917 ], [ -3.18812, 38.02508 ], [ -3.19408, 38.03543 ], [ -3.19441, 38.04755 ], [ -3.21375, 38.0491 ], [ -3.22357, 38.04523 ], [ -3.23064, 38.05625 ], [ -3.22777, 38.06268 ], [ -3.21522, 38.06821 ], [ -3.20005, 38.06548 ], [ -3.1976, 38.07633 ], [ -3.21329, 38.07775 ], [ -3.24268, 38.0583 ], [ -3.24632, 38.04944 ], [ -3.25896, 38.03892 ], [ -3.27261, 38.04579 ], [ -3.29299, 38.04871 ], [ -3.31921, 38.04871 ], [ -3.31134, 38.04048 ], [ -3.31652, 38.02625 ], [ -3.29411, 38.00783 ], [ -3.27621, 37.97446 ], [ -3.26567, 37.96985 ], [ -3.22952, 37.96525 ], [ -3.18441, 37.96663 ] ] } },
{ "type": "Feature", "properties": { "CMUN": "23090", "NMUN": "Torres", "NPRO": "Jaén", "CPRO": "23", "stroke": "#aaaaaa", "stroke-width": 0.7, "stroke-opacity": 0.45 }, "geometry": { "type": "LineString", "coordinates": [ [ -3.52599, 37.73415 ], [ -3.49769, 37.73525 ], [ -3.47979, 37.74276 ], [ -3.4718, 37.74719 ], [ -3.47672, 37.76373 ], [ -3.49356, 37.79249 ], [ -3.48351, 37.80498 ], [ -3.51471, 37.83343 ], [ -3.51499, 37.84221 ], [ -3.53463, 37.83508 ], [ -3.56405, 37.81025 ], [ -3.5804, 37.80648 ], [ -3.59192, 37.78582 ], [ -3.59095, 37.77779 ], [ -3.57811, 37.76724 ], [ -3.56853, 37.75428 ], [ -3.56385, 37.74944 ], [ -3.54161, 37.73844 ], [ -3.52599, 37.73415 ] ] } },
{ "type": "Feature", "properties": { "CMUN": "23091", "NMUN": "Torres de Albánchez", "NPRO": "Jaén", "CPRO": "23", "stroke": "#aaaaaa", "stroke-width": 0.7, "stroke-opacity": 0.45 }, "geometry": { "type": "LineString", "coordinates": [ [ -2.60662, 38.44375 ], [ -2.6127, 38.45204 ], [ -2.63634, 38.44896 ], [ -2.64568, 38.45039 ], [ -2.66777, 38.46044 ], [ -2.68625, 38.44664 ], [ -2.70411, 38.42672 ], [ -2.73263, 38.41207 ], [ -2.73704, 38.402 ], [ -2.75825, 38.39931 ], [ -2.75188, 38.38581 ], [ -2.73957, 38.38743 ], [ -2.71824, 38.38003 ], [ -2.71565, 38.37473 ], [ -2.70116, 38.38825 ], [ -2.67512, 38.38337 ], [ -2.65464, 38.38777 ], [ -2.65721, 38.38996 ], [ -2.64362, 38.4172 ], [ -2.62829, 38.4226 ], [ -2.60885, 38.43414 ], [ -2.60662, 38.44375 ] ] } },
{ "type": "Feature", "properties": { "CMUN": "23092", "NMUN": "Úbeda", "NPRO": "Jaén", "CPRO": "23", "stroke": "#aaaaaa", "stroke-width": 0.7, "stroke-opacity": 0.45 }, "geometry": { "type": "MultiLineString", "coordinates": [ [ [ -3.31921, 38.04871 ], [ -3.33224, 38.05523 ], [ -3.34222, 38.06896 ], [ -3.34026, 38.08039 ], [ -3.3273, 38.09663 ], [ -3.3293, 38.12547 ], [ -3.33963, 38.12463 ], [ -3.34885, 38.14905 ], [ -3.36493, 38.16385 ], [ -3.37373, 38.16635 ], [ -3.39951, 38.14916 ], [ -3.39949, 38.14099 ], [ -3.40679, 38.12272 ], [ -3.41125, 38.12096 ], [ -3.40295, 38.11381 ], [ -3.41688, 38.10547 ], [ -3.43411, 38.08721 ], [ -3.43307, 38.07098 ], [ -3.41984, 38.05425 ], [ -3.41984, 38.04286 ], [ -3.41044, 38.03129 ], [ -3.41908, 38.02099 ], [ -3.42368, 38.00657 ], [ -3.42003, 37.9918 ], [ -3.41178, 37.97954 ], [ -3.41708, 37.9635 ], [ -3.41006, 37.95679 ], [ -3.39856, 37.93322 ], [ -3.40416, 37.90798 ], [ -3.39694, 37.90446 ], [ -3.37637, 37.9128 ], [ -3.35532, 37.91344 ], [ -3.3314, 37.90871 ], [ -3.3212, 37.90416 ], [ -3.29581, 37.88429 ], [ -3.29442, 37.87712 ], [ -3.28115, 37.86464 ], [ -3.28195, 37.85136 ], [ -3.27628, 37.83759 ], [ -3.27356, 37.81964 ], [ -3.23256, 37.82561 ], [ -3.22569, 37.83164 ], [ -3.20806, 37.83854 ], [ -3.20664, 37.85546 ], [ -3.21863, 37.86197 ], [ -3.20958, 37.891 ], [ -3.22553, 37.90396 ], [ -3.22241, 37.91624 ], [ -3.23443, 37.91854 ], [ -3.23709, 37.92781 ], [ -3.25485, 37.92541 ], [ -3.2501, 37.93808 ], [ -3.23602, 37.94033 ], [ -3.23414, 37.94702 ], [ -3.2203, 37.9445 ], [ -3.19847, 37.958 ], [ -3.19154, 37.95712 ], [ -3.18441, 37.96663 ], [ -3.22952, 37.96525 ], [ -3.26567, 37.96985 ], [ -3.27621, 37.97446 ], [ -3.29411, 38.00783 ], [ -3.31652, 38.02625 ], [ -3.31134, 38.04048 ], [ -3.31921, 38.04871 ] ], [ [ -3.1437, 38.01265 ], [ -3.13352, 38.02714 ], [ -3.13547, 38.03654 ], [ -3.14317, 38.05235 ], [ -3.14444, 38.06247 ], [ -3.15924, 38.09101 ], [ -3.1976, 38.07633 ], [ -3.20005, 38.06548 ], [ -3.21522, 38.06821 ], [ -3.22777, 38.06268 ], [ -3.23064, 38.05625 ], [ -3.22357, 38.04523 ], [ -3.21375, 38.0491 ], [ -3.19441, 38.04755 ], [ -3.19408, 38.03543 ], [ -3.18812, 38.02508 ], [ -3.18534, 38.00917 ], [ -3.19438, 38.00136 ], [ -3.17852, 37.98811 ], [ -3.17282, 37.97391 ], [ -3.15927, 37.97965 ], [ -3.15953, 37.99475 ], [ -3.15214, 38.00155 ], [ -3.15829, 38.00931 ], [ -3.1437, 38.01265 ] ], [ [ -3.29919, 38.13903 ], [ -3.29759, 38.1265 ], [ -3.27672, 38.12644 ], [ -3.26529, 38.13815 ], [ -3.2715, 38.15789 ], [ -3.30004, 38.14532 ], [ -3.29919, 38.13903 ] ] ] } },
{ "type": "Feature", "properties": { "CMUN": "23093", "NMUN": "Valdepeñas de Jaén", "NPRO": "Jaén", "CPRO": "23", "stroke": "#aaaaaa", "stroke-width": 0.7, "stroke-opacity": 0.45 }, "geometry": { "type": "LineString", "coordinates": [ [ -3.74117, 37.52032 ], [ -3.74084, 37.53413 ], [ -3.73143, 37.53485 ], [ -3.72171, 37.54564 ], [ -3.70765, 37.57193 ], [ -3.70504, 37.58826 ], [ -3.69645, 37.59803 ], [ -3.69183, 37.61838 ], [ -3.70353, 37.62583 ], [ -3.71588, 37.62496 ], [ -3.72771, 37.63164 ], [ -3.75911, 37.63343 ], [ -3.76447, 37.62811 ], [ -3.78157, 37.63377 ], [ -3.81867, 37.6443 ], [ -3.83848, 37.63873 ], [ -3.88398, 37.64436 ], [ -3.8834, 37.63366 ], [ -3.87022, 37.60612 ], [ -3.87318, 37.59103 ], [ -3.87885, 37.57705 ], [ -3.87377, 37.55937 ], [ -3.85769, 37.55433 ], [ -3.85644, 37.54106 ], [ -3.84616, 37.53736 ], [ -3.83746, 37.52759 ], [ -3.81665, 37.52644 ], [ -3.79448, 37.51825 ], [ -3.78838, 37.49863 ], [ -3.77976, 37.49644 ], [ -3.76207, 37.50138 ], [ -3.74392, 37.51451 ], [ -3.74117, 37.52032 ] ] } },
{ "type": "Feature", "properties": { "CMUN": "23094", "NMUN": "Vilches", "NPRO": "Jaén", "CPRO": "23", "stroke": "#aaaaaa", "stroke-width": 0.7, "stroke-opacity": 0.45 }, "geometry": { "type": "LineString", "coordinates": [ [ -3.39951, 38.14916 ], [ -3.4157, 38.1442 ], [ -3.4319, 38.1537 ], [ -3.47093, 38.18546 ], [ -3.46444, 38.2009 ], [ -3.44901, 38.20699 ], [ -3.44244, 38.21687 ], [ -3.43493, 38.23705 ], [ -3.42707, 38.25062 ], [ -3.43337, 38.25878 ], [ -3.40007, 38.2846 ], [ -3.39633, 38.30146 ], [ -3.38862, 38.30676 ], [ -3.39013, 38.32403 ], [ -3.38679, 38.33149 ], [ -3.3986, 38.34417 ], [ -3.39045, 38.35157 ], [ -3.4033, 38.3569 ], [ -3.41831, 38.35553 ], [ -3.43992, 38.36759 ], [ -3.45148, 38.36933 ], [ -3.47464, 38.36693 ], [ -3.48453, 38.36252 ], [ -3.4963, 38.34871 ], [ -3.49135, 38.33831 ], [ -3.49972, 38.33397 ], [ -3.47664, 38.30524 ], [ -3.48694, 38.2933 ], [ -3.48449, 38.28208 ], [ -3.50968, 38.27815 ], [ -3.50767, 38.27048 ], [ -3.5362, 38.25826 ], [ -3.5496, 38.23766 ], [ -3.55307, 38.21406 ], [ -3.55937, 38.20444 ], [ -3.57149, 38.19823 ], [ -3.57459, 38.18398 ], [ -3.56352, 38.16819 ], [ -3.5669, 38.15849 ], [ -3.57806, 38.15476 ], [ -3.56967, 38.14467 ], [ -3.54144, 38.14235 ], [ -3.52695, 38.13049 ], [ -3.51731, 38.1171 ], [ -3.52454, 38.10985 ], [ -3.54957, 38.09647 ], [ -3.53897, 38.08667 ], [ -3.52926, 38.08625 ], [ -3.51691, 38.09612 ], [ -3.5034, 38.08683 ], [ -3.49782, 38.09335 ], [ -3.48352, 38.09229 ], [ -3.47074, 38.09808 ], [ -3.45898, 38.11101 ], [ -3.43738, 38.12721 ], [ -3.41125, 38.12096 ], [ -3.40679, 38.12272 ], [ -3.39949, 38.14099 ], [ -3.39951, 38.14916 ] ] } },
{ "type": "Feature", "properties": { "CMUN": "23095", "NMUN": "Villacarrillo", "NPRO": "Jaén", "CPRO": "23", "stroke": "#aaaaaa", "stroke-width": 0.7, "stroke-opacity": 0.45 }, "geometry": { "type": "LineString", "coordinates": [ [ -2.97398, 38.12267 ], [ -2.98998, 38.11523 ], [ -3.00233, 38.10344 ], [ -3.00389, 38.09842 ], [ -3.02449, 38.09445 ], [ -3.03168, 38.07802 ], [ -3.04222, 38.08489 ], [ -3.04077, 38.10814 ], [ -3.05761, 38.11297 ], [ -3.06505, 38.13806 ], [ -3.09893, 38.14508 ], [ -3.10961, 38.1374 ], [ -3.11302, 38.15116 ], [ -3.13334, 38.16086 ], [ -3.14207, 38.16778 ], [ -3.15204, 38.15645 ], [ -3.18341, 38.15162 ], [ -3.19865, 38.13287 ], [ -3.19249, 38.11649 ], [ -3.1699, 38.10215 ], [ -3.15924, 38.09101 ], [ -3.14444, 38.06247 ], [ -3.14317, 38.05235 ], [ -3.13547, 38.03654 ], [ -3.12861, 38.0325 ], [ -3.11776, 38.03794 ], [ -3.11051, 38.03421 ], [ -3.10003, 38.04164 ], [ -3.09099, 38.03413 ], [ -3.08178, 38.0462 ], [ -3.06382, 38.04173 ], [ -3.05066, 38.03124 ], [ -3.04045, 38.0373 ], [ -3.01921, 38.04128 ], [ -2.99304, 38.04099 ], [ -2.9785, 38.02904 ], [ -2.96623, 38.04053 ], [ -2.93709, 38.03078 ], [ -2.93317, 38.02375 ], [ -2.91945, 38.01682 ], [ -2.90413, 38.02368 ], [ -2.89715, 38.03772 ], [ -2.90289, 38.04819 ], [ -2.89915, 38.06248 ], [ -2.87419, 38.07273 ], [ -2.86821, 38.08385 ], [ -2.85843, 38.08572 ], [ -2.85624, 38.09491 ], [ -2.84587, 38.10046 ], [ -2.87031, 38.1034 ], [ -2.89278, 38.1012 ], [ -2.90118, 38.1051 ], [ -2.92175, 38.09567 ], [ -2.94919, 38.10431 ], [ -2.95205, 38.11339 ], [ -2.97398, 38.12267 ] ] } },
{ "type": "Feature", "properties": { "CMUN": "23096", "NMUN": "Villanueva de la Reina", "NPRO": "Jaén", "CPRO": "23", "stroke": "#aaaaaa", "stroke-width": 0.7, "stroke-opacity": 0.45 }, "geometry": { "type": "LineString", "coordinates": [ [ -3.92272, 37.9526 ], [ -3.90714, 37.9482 ], [ -3.90825, 37.96942 ], [ -3.90005, 37.97793 ], [ -3.90512, 38.00256 ], [ -3.90282, 38.01185 ], [ -3.89214, 38.01451 ], [ -3.88849, 38.02025 ], [ -3.89656, 38.02904 ], [ -3.89938, 38.04109 ], [ -3.89412, 38.04812 ], [ -3.88213, 38.03875 ], [ -3.86786, 38.04432 ], [ -3.85229, 38.06325 ], [ -3.85112, 38.07633 ], [ -3.86028, 38.08648 ], [ -3.87487, 38.08986 ], [ -3.86974, 38.10236 ], [ -3.89215, 38.11232 ], [ -3.90159, 38.12223 ], [ -3.89511, 38.14677 ], [ -3.88064, 38.15147 ], [ -3.83217, 38.14531 ], [ -3.85183, 38.16676 ], [ -3.85912, 38.18497 ], [ -3.85831, 38.19493 ], [ -3.86512, 38.20968 ], [ -3.85669, 38.21378 ], [ -3.84218, 38.22779 ], [ -3.8276, 38.26076 ], [ -3.82118, 38.26571 ], [ -3.82863, 38.28986 ], [ -3.83716, 38.29706 ], [ -3.83837, 38.30816 ], [ -3.84567, 38.32065 ], [ -3.8618, 38.33651 ], [ -3.85744, 38.34367 ], [ -3.86619, 38.35989 ], [ -3.85989, 38.37334 ], [ -3.87425, 38.34725 ], [ -3.87296, 38.33109 ], [ -3.8938, 38.2706 ], [ -3.89277, 38.25049 ], [ -3.89645, 38.23056 ], [ -3.90451, 38.20269 ], [ -3.92528, 38.16004 ], [ -3.94221, 38.11666 ], [ -3.93681, 38.10534 ], [ -3.93921, 38.09334 ], [ -3.93623, 38.0765 ], [ -3.93013, 38.06242 ], [ -3.93191, 38.04744 ], [ -3.93895, 38.03724 ], [ -3.95322, 38.02526 ], [ -3.96432, 38.00814 ], [ -3.96512, 38.00044 ], [ -3.95929, 37.99412 ], [ -3.94991, 37.96728 ], [ -3.94958, 37.95889 ], [ -3.9375, 37.95335 ], [ -3.92272, 37.9526 ] ] } },
{ "type": "Feature", "properties": { "CMUN": "23097", "NMUN": "Villanueva del Arzobispo", "NPRO": "Jaén", "CPRO": "23", "stroke": "#aaaaaa", "stroke-width": 0.7, "stroke-opacity": 0.45 }, "geometry": { "type": "LineString", "coordinates": [ [ -2.83665, 38.1182 ], [ -2.82282, 38.14117 ], [ -2.82351, 38.14804 ], [ -2.81068, 38.16564 ], [ -2.79598, 38.17403 ], [ -2.8046, 38.19283 ], [ -2.81506, 38.1834 ], [ -2.83002, 38.17862 ], [ -2.85611, 38.18484 ], [ -2.89622, 38.1675 ], [ -2.90774, 38.17893 ], [ -2.89058, 38.18612 ], [ -2.87893, 38.18581 ], [ -2.86588, 38.19117 ], [ -2.8666, 38.21607 ], [ -2.90419, 38.21899 ], [ -2.91851, 38.21568 ], [ -2.94165, 38.22618 ], [ -2.95852, 38.22874 ], [ -2.96902, 38.22578 ], [ -2.97917, 38.20743 ], [ -3.00144, 38.21524 ], [ -3.02139, 38.214 ], [ -3.02615, 38.20192 ], [ -3.04966, 38.20656 ], [ -3.05558, 38.19704 ], [ -3.07054, 38.19769 ], [ -3.07349, 38.19041 ], [ -3.08444, 38.18809 ], [ -3.0975, 38.17743 ], [ -3.11487, 38.17214 ], [ -3.10295, 38.17424 ], [ -3.1007, 38.16163 ], [ -3.0941, 38.15765 ], [ -3.07031, 38.15538 ], [ -3.06755, 38.17481 ], [ -3.04277, 38.1671 ], [ -3.02856, 38.17204 ], [ -3.01434, 38.15713 ], [ -3.01377, 38.14127 ], [ -3.02095, 38.13478 ], [ -3.02664, 38.11276 ], [ -3.00233, 38.10344 ], [ -2.98998, 38.11523 ], [ -2.97398, 38.12267 ], [ -2.96695, 38.13813 ], [ -2.92879, 38.13824 ], [ -2.91374, 38.14103 ], [ -2.90389, 38.15004 ], [ -2.88046, 38.13097 ], [ -2.83665, 38.1182 ] ] } },
{ "type": "Feature", "properties": { "CMUN": "23098", "NMUN": "Villardompardo", "NPRO": "Jaén", "CPRO": "23", "stroke": "#aaaaaa", "stroke-width": 0.7, "stroke-opacity": 0.45 }, "geometry": { "type": "LineString", "coordinates": [ [ -3.98521, 37.81333 ], [ -3.97225, 37.8212 ], [ -3.97969, 37.8446 ], [ -3.99253, 37.85586 ], [ -3.99825, 37.87133 ], [ -4.00938, 37.86878 ], [ -4.03455, 37.85652 ], [ -4.01085, 37.83169 ], [ -3.98521, 37.81333 ] ] } },
{ "type": "Feature", "properties": { "CMUN": "23099", "NMUN": "Villares, Los", "NPRO": "Jaén", "CPRO": "23", "stroke": "#aaaaaa", "stroke-width": 0.7, "stroke-opacity": 0.45 }, "geometry": { "type": "LineString", "coordinates": [ [ -3.78157, 37.63377 ], [ -3.7813, 37.64935 ], [ -3.77553, 37.66108 ], [ -3.77808, 37.67275 ], [ -3.78795, 37.68691 ], [ -3.79795, 37.70985 ], [ -3.81666, 37.72605 ], [ -3.84321, 37.73737 ], [ -3.85805, 37.73873 ], [ -3.86863, 37.73407 ], [ -3.87929, 37.73725 ], [ -3.89268, 37.73438 ], [ -3.8903, 37.73055 ], [ -3.88824, 37.72019 ], [ -3.88669, 37.67853 ], [ -3.88293, 37.65563 ], [ -3.88398, 37.64436 ], [ -3.83848, 37.63873 ], [ -3.81867, 37.6443 ], [ -3.78157, 37.63377 ] ] } },
{ "type": "Feature", "properties": { "CMUN": "23101", "NMUN": "Villarrodrigo", "NPRO": "Jaén", "CPRO": "23", "stroke": "#aaaaaa", "stroke-width": 0.7, "stroke-opacity": 0.45 }, "geometry": { "type": "LineString", "coordinates": [ [ -2.6043, 38.51289 ], [ -2.61691, 38.51275 ], [ -2.64335, 38.5075 ], [ -2.67273, 38.49662 ], [ -2.69744, 38.5002 ], [ -2.7281, 38.51191 ], [ -2.74355, 38.50669 ], [ -2.75213, 38.51025 ], [ -2.77578, 38.51287 ], [ -2.77921, 38.5103 ], [ -2.78058, 38.50933 ], [ -2.76837, 38.49682 ], [ -2.76472, 38.4724 ], [ -2.75732, 38.46477 ], [ -2.74363, 38.46903 ], [ -2.73015, 38.4835 ], [ -2.71318, 38.47271 ], [ -2.68625, 38.44664 ], [ -2.66777, 38.46044 ], [ -2.64568, 38.45039 ], [ -2.63634, 38.44896 ], [ -2.6127, 38.45204 ], [ -2.60662, 38.44375 ], [ -2.59333, 38.45765 ], [ -2.60009, 38.4703 ], [ -2.58686, 38.48403 ], [ -2.6043, 38.51289 ] ] } },
{ "type": "Feature", "properties": { "CMUN": "23901", "NMUN": "Cárcheles", "NPRO": "Jaén", "CPRO": "23", "stroke": "#aaaaaa", "stroke-width": 0.7, "stroke-opacity": 0.45 }, "geometry": { "type": "LineString", "coordinates": [ [ -3.59974, 37.61774 ], [ -3.60819, 37.64315 ], [ -3.60554, 37.65809 ], [ -3.6111, 37.65931 ], [ -3.63013, 37.68895 ], [ -3.64124, 37.67817 ], [ -3.65068, 37.67866 ], [ -3.67171, 37.66765 ], [ -3.67461, 37.66241 ], [ -3.66778, 37.64193 ], [ -3.66065, 37.63348 ], [ -3.6614, 37.62022 ], [ -3.65309, 37.60561 ], [ -3.63715, 37.60031 ], [ -3.62247, 37.60352 ], [ -3.6082, 37.61582 ], [ -3.59974, 37.61774 ] ] } },
{ "type": "Feature", "properties": { "CMUN": "23902", "NMUN": "Bedmar y Garcíez", "NPRO": "Jaén", "CPRO": "23", "stroke": "#aaaaaa", "stroke-width": 0.7, "stroke-opacity": 0.45 }, "geometry": { "type": "LineString", "coordinates": [ [ -3.4275, 37.73349 ], [ -3.41559, 37.74113 ], [ -3.41345, 37.7532 ], [ -3.38829, 37.76035 ], [ -3.37588, 37.76696 ], [ -3.38293, 37.77976 ], [ -3.36079, 37.78652 ], [ -3.36202, 37.80189 ], [ -3.36738, 37.81287 ], [ -3.39361, 37.82167 ], [ -3.38729, 37.8399 ], [ -3.37819, 37.84298 ], [ -3.37774, 37.86499 ], [ -3.38736, 37.87805 ], [ -3.40495, 37.88945 ], [ -3.40917, 37.90626 ], [ -3.41967, 37.91527 ], [ -3.42949, 37.91674 ], [ -3.435, 37.92573 ], [ -3.45481, 37.92614 ], [ -3.45141, 37.91666 ], [ -3.45255, 37.89086 ], [ -3.46795, 37.89169 ], [ -3.49393, 37.88934 ], [ -3.50272, 37.88442 ], [ -3.51081, 37.8685 ], [ -3.50199, 37.86736 ], [ -3.48573, 37.85862 ], [ -3.45404, 37.84981 ], [ -3.45407, 37.83071 ], [ -3.45861, 37.82268 ], [ -3.44644, 37.82052 ], [ -3.43398, 37.80086 ], [ -3.43393, 37.77561 ], [ -3.43082, 37.7691 ], [ -3.43209, 37.75338 ], [ -3.43901, 37.7432 ], [ -3.4398, 37.73249 ], [ -3.4275, 37.73349 ] ] } },
{ "type": "Feature", "properties": { "CMUN": "23903", "NMUN": "Villatorres", "NPRO": "Jaén", "CPRO": "23", "stroke": "#aaaaaa", "stroke-width": 0.7, "stroke-opacity": 0.45 }, "geometry": { "type": "LineString", "coordinates": [ [ -3.63065, 37.95374 ], [ -3.63799, 37.95832 ], [ -3.64777, 37.94466 ], [ -3.67744, 37.94665 ], [ -3.69278, 37.95597 ], [ -3.71034, 37.95933 ], [ -3.71883, 37.96877 ], [ -3.72567, 37.96813 ], [ -3.74055, 37.981 ], [ -3.73701, 37.96635 ], [ -3.74903, 37.96679 ], [ -3.75739, 37.95097 ], [ -3.77915, 37.95078 ], [ -3.7727, 37.93788 ], [ -3.77602, 37.92152 ], [ -3.76046, 37.91163 ], [ -3.7374, 37.91114 ], [ -3.73404, 37.92003 ], [ -3.70462, 37.91636 ], [ -3.70104, 37.91377 ], [ -3.67475, 37.91459 ], [ -3.6728, 37.89447 ], [ -3.65522, 37.89767 ], [ -3.64153, 37.89534 ], [ -3.61493, 37.88515 ], [ -3.61477, 37.89143 ], [ -3.60079, 37.90405 ], [ -3.6115, 37.91836 ], [ -3.62477, 37.91268 ], [ -3.62473, 37.92745 ], [ -3.63703, 37.93541 ], [ -3.63065, 37.95374 ] ] } },
{ "type": "Feature", "properties": { "CMUN": "23904", "NMUN": "Santiago-Pontones", "NPRO": "Jaén", "CPRO": "23", "stroke": "#aaaaaa", "stroke-width": 0.7, "stroke-opacity": 0.45 }, "geometry": { "type": "MultiLineString", "coordinates": [ [ [ -2.68973, 37.97382 ], [ -2.68713, 37.98502 ], [ -2.67417, 37.99652 ], [ -2.66155, 38.01366 ], [ -2.66061, 38.02076 ], [ -2.64421, 38.02331 ], [ -2.65298, 38.0069 ], [ -2.65127, 37.99623 ], [ -2.66398, 37.98086 ], [ -2.65037, 37.97138 ], [ -2.64253, 37.98108 ], [ -2.62033, 37.98822 ], [ -2.5982, 38.00558 ], [ -2.59994, 38.04362 ], [ -2.59896, 38.05877 ], [ -2.59143, 38.06953 ], [ -2.57376, 38.07412 ], [ -2.56602, 38.08321 ], [ -2.55129, 38.0841 ], [ -2.53782, 38.09733 ], [ -2.52092, 38.10731 ], [ -2.50851, 38.12901 ], [ -2.49858, 38.13171 ], [ -2.46849, 38.16498 ], [ -2.46846, 38.1728 ], [ -2.44685, 38.18434 ], [ -2.44706, 38.20757 ], [ -2.4537, 38.21825 ], [ -2.45954, 38.23535 ], [ -2.48292, 38.24901 ], [ -2.49495, 38.24359 ], [ -2.49193, 38.26097 ], [ -2.4977, 38.26226 ], [ -2.50975, 38.27783 ], [ -2.53064, 38.27583 ], [ -2.54133, 38.26379 ], [ -2.55507, 38.25374 ], [ -2.55939, 38.24501 ], [ -2.58284, 38.22976 ], [ -2.6176, 38.22047 ], [ -2.61747, 38.19684 ], [ -2.60857, 38.19044 ], [ -2.61147, 38.18009 ], [ -2.60754, 38.16982 ], [ -2.6224, 38.15814 ], [ -2.6325, 38.16684 ], [ -2.6739, 38.17359 ], [ -2.68766, 38.17335 ], [ -2.7008, 38.17771 ], [ -2.71947, 38.17738 ], [ -2.72783, 38.17101 ], [ -2.75419, 38.16684 ], [ -2.79034, 38.16937 ], [ -2.79598, 38.17403 ], [ -2.81068, 38.16564 ], [ -2.82351, 38.14804 ], [ -2.82282, 38.14117 ], [ -2.83665, 38.1182 ], [ -2.84587, 38.10046 ], [ -2.85624, 38.09491 ], [ -2.85843, 38.08572 ], [ -2.86821, 38.08385 ], [ -2.87419, 38.07273 ], [ -2.89915, 38.06248 ], [ -2.90289, 38.04819 ], [ -2.89715, 38.03772 ], [ -2.90413, 38.02368 ], [ -2.89776, 38.01066 ], [ -2.87786, 38.00331 ], [ -2.86794, 38.01667 ], [ -2.86121, 38.01539 ], [ -2.84822, 38.00204 ], [ -2.81453, 37.98638 ], [ -2.81827, 37.97538 ], [ -2.81554, 37.96558 ], [ -2.8001, 37.95557 ], [ -2.80109, 37.94735 ], [ -2.78019, 37.94311 ], [ -2.78188, 37.93238 ], [ -2.77431, 37.92558 ], [ -2.76616, 37.9205 ], [ -2.74432, 37.93491 ], [ -2.7313, 37.94885 ], [ -2.72286, 37.96246 ], [ -2.69145, 37.97281 ], [ -2.68973, 37.97382 ] ], [ [ -2.6297, 38.01581 ], [ -2.61437, 38.00704 ], [ -2.612, 38.00095 ], [ -2.62256, 37.99053 ], [ -2.63749, 38.00445 ], [ -2.63933, 38.01551 ], [ -2.6297, 38.01581 ] ], [ [ -2.77918, 38.14246 ], [ -2.77987, 38.13069 ], [ -2.76524, 38.12464 ], [ -2.76139, 38.11264 ], [ -2.76759, 38.10377 ], [ -2.79716, 38.09585 ], [ -2.8064, 38.08241 ], [ -2.81353, 38.09136 ], [ -2.82883, 38.09764 ], [ -2.81759, 38.11672 ], [ -2.81189, 38.13784 ], [ -2.79642, 38.14603 ], [ -2.77918, 38.14246 ] ] ] } },
{ "type": "Feature", "properties": { "CMUN": "23905", "NMUN": "Arroyo del Ojanco", "NPRO": "Jaén", "CPRO": "23", "stroke": "#aaaaaa", "stroke-width": 0.7, "stroke-opacity": 0.45 }, "geometry": { "type": "LineString", "coordinates": [ [ -2.95844, 38.29309 ], [ -2.94977, 38.2798 ], [ -2.92014, 38.27738 ], [ -2.89886, 38.28143 ], [ -2.85795, 38.28648 ], [ -2.84798, 38.29816 ], [ -2.83732, 38.29968 ], [ -2.83012, 38.30817 ], [ -2.81215, 38.30825 ], [ -2.81706, 38.31923 ], [ -2.84153, 38.32919 ], [ -2.84507, 38.34538 ], [ -2.85806, 38.34824 ], [ -2.868, 38.34473 ], [ -2.89078, 38.33768 ], [ -2.89631, 38.33097 ], [ -2.90652, 38.33045 ], [ -2.92586, 38.32284 ], [ -2.93748, 38.31243 ], [ -2.94035, 38.30603 ], [ -2.95844, 38.29309 ] ] } },
{ "type": "Feature", "properties": { "CMUN": "29001", "NMUN": "Alameda", "NPRO": "Málaga", "CPRO": "29", "stroke": "#aaaaaa", "stroke-width": 0.7, "stroke-opacity": 0.45 }, "geometry": { "type": "LineString", "coordinates": [ [ -4.67523, 37.1943 ], [ -4.65614, 37.19584 ], [ -4.63556, 37.20174 ], [ -4.6023, 37.20924 ], [ -4.59626, 37.22146 ], [ -4.60448, 37.23781 ], [ -4.61409, 37.2428 ], [ -4.61708, 37.2562 ], [ -4.62949, 37.25455 ], [ -4.64533, 37.24685 ], [ -4.65335, 37.25583 ], [ -4.67593, 37.2581 ], [ -4.69103, 37.25185 ], [ -4.69957, 37.25678 ], [ -4.71257, 37.25393 ], [ -4.71969, 37.2597 ], [ -4.73343, 37.25003 ], [ -4.73575, 37.24483 ], [ -4.71795, 37.23989 ], [ -4.73231, 37.22615 ], [ -4.72727, 37.21373 ], [ -4.70861, 37.19769 ], [ -4.7016, 37.20077 ], [ -4.67523, 37.1943 ] ] } },
{ "type": "Feature", "properties": { "CMUN": "29002", "NMUN": "Alcaucín", "NPRO": "Málaga", "CPRO": "29", "stroke": "#aaaaaa", "stroke-width": 0.7, "stroke-opacity": 0.45 }, "geometry": { "type": "LineString", "coordinates": [ [ -4.04906, 36.90617 ], [ -4.05377, 36.91497 ], [ -4.08162, 36.93002 ], [ -4.092, 36.93325 ], [ -4.09916, 36.94231 ], [ -4.09989, 36.95271 ], [ -4.11133, 36.94966 ], [ -4.13895, 36.95225 ], [ -4.14251, 36.93879 ], [ -4.16216, 36.9187 ], [ -4.16219, 36.90221 ], [ -4.1498, 36.89118 ], [ -4.15109, 36.87631 ], [ -4.13509, 36.87771 ], [ -4.13284, 36.88782 ], [ -4.09185, 36.90071 ], [ -4.04906, 36.90617 ] ] } },
{ "type": "Feature", "properties": { "CMUN": "29003", "NMUN": "Alfarnate", "NPRO": "Málaga", "CPRO": "29", "stroke": "#aaaaaa", "stroke-width": 0.7, "stroke-opacity": 0.45 }, "geometry": { "type": "LineString", "coordinates": [ [ -4.22335, 37.01234 ], [ -4.25193, 37.02298 ], [ -4.27251, 37.0149 ], [ -4.29947, 36.99816 ], [ -4.31211, 36.98279 ], [ -4.31082, 36.98084 ], [ -4.28087, 36.98954 ], [ -4.25983, 36.98404 ], [ -4.23863, 36.96221 ], [ -4.21691, 36.95543 ], [ -4.21926, 36.97036 ], [ -4.19309, 36.98045 ], [ -4.21542, 36.99177 ], [ -4.22335, 37.01234 ] ] } },
{ "type": "Feature", "properties": { "CMUN": "29004", "NMUN": "Alfarnatejo", "NPRO": "Málaga", "CPRO": "29", "stroke": "#aaaaaa", "stroke-width": 0.7, "stroke-opacity": 0.45 }, "geometry": { "type": "LineString", "coordinates": [ [ -4.21691, 36.95543 ], [ -4.23863, 36.96221 ], [ -4.25983, 36.98404 ], [ -4.28087, 36.98954 ], [ -4.31082, 36.98084 ], [ -4.29869, 36.97386 ], [ -4.29319, 36.96513 ], [ -4.2799, 36.96212 ], [ -4.26842, 36.95454 ], [ -4.26679, 36.94002 ], [ -4.25421, 36.9347 ], [ -4.24381, 36.94358 ], [ -4.21691, 36.95543 ] ] } },
{ "type": "Feature", "properties": { "CMUN": "29005", "NMUN": "Algarrobo", "NPRO": "Málaga", "CPRO": "29", "stroke": "#aaaaaa", "stroke-width": 0.7, "stroke-opacity": 0.45 }, "geometry": { "type": "LineString", "coordinates": [ [ -4.04169, 36.74415 ], [ -4.03031, 36.76966 ], [ -4.0227, 36.77844 ], [ -4.03583, 36.78448 ], [ -4.0525, 36.78566 ], [ -4.05699, 36.77277 ], [ -4.05978, 36.74764 ], [ -4.04169, 36.74415 ] ] } },
{ "type": "Feature", "properties": { "CMUN": "29006", "NMUN": "Algatocín", "NPRO": "Málaga", "CPRO": "29", "stroke": "#aaaaaa", "stroke-width": 0.7, "stroke-opacity": 0.45 }, "geometry": { "type": "LineString", "coordinates": [ [ -5.24633, 36.57748 ], [ -5.25487, 36.58408 ], [ -5.27334, 36.5893 ], [ -5.28934, 36.58495 ], [ -5.30805, 36.59211 ], [ -5.32441, 36.5831 ], [ -5.33077, 36.57091 ], [ -5.306, 36.55914 ], [ -5.2824, 36.56158 ], [ -5.27529, 36.55959 ], [ -5.25283, 36.56737 ], [ -5.24633, 36.57748 ] ] } },
{ "type": "Feature", "properties": { "CMUN": "29007", "NMUN": "Alhaurín de la Torre", "NPRO": "Málaga", "CPRO": "29", "stroke": "#aaaaaa", "stroke-width": 0.7, "stroke-opacity": 0.45 }, "geometry": { "type": "LineString", "coordinates": [ [ -4.59704, 36.61183 ], [ -4.5848, 36.61748 ], [ -4.56152, 36.62096 ], [ -4.55039, 36.62724 ], [ -4.53543, 36.6411 ], [ -4.52972, 36.65136 ], [ -4.52837, 36.66654 ], [ -4.52152, 36.68046 ], [ -4.53754, 36.69715 ], [ -4.56069, 36.701 ], [ -4.56129, 36.70928 ], [ -4.56898, 36.71666 ], [ -4.59709, 36.69775 ], [ -4.62446, 36.68862 ], [ -4.63916, 36.68784 ], [ -4.64063, 36.6784 ], [ -4.63281, 36.66554 ], [ -4.63755, 36.64756 ], [ -4.6392, 36.62376 ], [ -4.62916, 36.62042 ], [ -4.62199, 36.6253 ], [ -4.59704, 36.61183 ] ] } },
{ "type": "Feature", "properties": { "CMUN": "29008", "NMUN": "Alhaurín el Grande", "NPRO": "Málaga", "CPRO": "29", "stroke": "#aaaaaa", "stroke-width": 0.7, "stroke-opacity": 0.45 }, "geometry": { "type": "LineString", "coordinates": [ [ -4.63916, 36.68784 ], [ -4.66647, 36.6927 ], [ -4.67504, 36.69127 ], [ -4.691, 36.70485 ], [ -4.71505, 36.69835 ], [ -4.71396, 36.6965 ], [ -4.71261, 36.69425 ], [ -4.70796, 36.68179 ], [ -4.70687, 36.67998 ], [ -4.70663, 36.67905 ], [ -4.70736, 36.67822 ], [ -4.7135, 36.67544 ], [ -4.71681, 36.65804 ], [ -4.72966, 36.64469 ], [ -4.73644, 36.63285 ], [ -4.72777, 36.61545 ], [ -4.7372, 36.60549 ], [ -4.72709, 36.59686 ], [ -4.70191, 36.60443 ], [ -4.67693, 36.61616 ], [ -4.64405, 36.61234 ], [ -4.6392, 36.62376 ], [ -4.63755, 36.64756 ], [ -4.63281, 36.66554 ], [ -4.64063, 36.6784 ], [ -4.63916, 36.68784 ] ] } },
{ "type": "Feature", "properties": { "CMUN": "29009", "NMUN": "Almáchar", "NPRO": "Málaga", "CPRO": "29", "stroke": "#aaaaaa", "stroke-width": 0.7, "stroke-opacity": 0.45 }, "geometry": { "type": "MultiLineString", "coordinates": [ [ [ -4.20932, 36.79349 ], [ -4.20905, 36.80144 ], [ -4.19652, 36.80906 ], [ -4.18246, 36.80975 ], [ -4.18277, 36.81645 ], [ -4.21096, 36.82318 ], [ -4.22261, 36.82195 ], [ -4.21706, 36.81328 ], [ -4.23746, 36.79987 ], [ -4.24358, 36.78585 ], [ -4.23797, 36.78107 ], [ -4.2201, 36.78262 ], [ -4.21283, 36.79278 ], [ -4.20932, 36.79349 ] ], [ [ -4.24096, 36.90845 ], [ -4.25689, 36.89942 ], [ -4.25562, 36.89674 ], [ -4.24249, 36.88894 ], [ -4.232, 36.90285 ], [ -4.24096, 36.90845 ] ] ] } },
{ "type": "Feature", "properties": { "CMUN": "29010", "NMUN": "Almargen", "NPRO": "Málaga", "CPRO": "29", "stroke": "#aaaaaa", "stroke-width": 0.7, "stroke-opacity": 0.45 }, "geometry": { "type": "LineString", "coordinates": [ [ -5.05309, 37.0306 ], [ -5.05256, 37.00628 ], [ -5.03638, 36.9926 ], [ -5.01244, 36.99013 ], [ -5.00395, 36.98295 ], [ -4.99169, 37.00561 ], [ -4.99558, 37.01667 ], [ -4.99133, 37.03109 ], [ -4.98829, 37.06458 ], [ -5.00632, 37.05678 ], [ -5.02591, 37.05184 ], [ -5.04679, 37.03995 ], [ -5.05309, 37.0306 ] ] } },
{ "type": "Feature", "properties": { "CMUN": "29011", "NMUN": "Almogía", "NPRO": "Málaga", "CPRO": "29", "stroke": "#aaaaaa", "stroke-width": 0.7, "stroke-opacity": 0.45 }, "geometry": { "type": "LineString", "coordinates": [ [ -4.58789, 36.78411 ], [ -4.56095, 36.78159 ], [ -4.55345, 36.77159 ], [ -4.53979, 36.77125 ], [ -4.52478, 36.78052 ], [ -4.50392, 36.78657 ], [ -4.49342, 36.80118 ], [ -4.46694, 36.81317 ], [ -4.46299, 36.84271 ], [ -4.4657, 36.84967 ], [ -4.47141, 36.86248 ], [ -4.48237, 36.86777 ], [ -4.49175, 36.88492 ], [ -4.49225, 36.90752 ], [ -4.5366, 36.9001 ], [ -4.5518, 36.89954 ], [ -4.57675, 36.89251 ], [ -4.59744, 36.89367 ], [ -4.62537, 36.90006 ], [ -4.63121, 36.88194 ], [ -4.62322, 36.87499 ], [ -4.61822, 36.85276 ], [ -4.62804, 36.83488 ], [ -4.63081, 36.81895 ], [ -4.62541, 36.80976 ], [ -4.59019, 36.79475 ], [ -4.58789, 36.78411 ] ] } },
{ "type": "Feature", "properties": { "CMUN": "29012", "NMUN": "Álora", "NPRO": "Málaga", "CPRO": "29", "stroke": "#aaaaaa", "stroke-width": 0.7, "stroke-opacity": 0.45 }, "geometry": { "type": "LineString", "coordinates": [ [ -4.62541, 36.80976 ], [ -4.63081, 36.81895 ], [ -4.62804, 36.83488 ], [ -4.61822, 36.85276 ], [ -4.62322, 36.87499 ], [ -4.63121, 36.88194 ], [ -4.62537, 36.90006 ], [ -4.66079, 36.90684 ], [ -4.6716, 36.91141 ], [ -4.683, 36.91519 ], [ -4.71644, 36.92789 ], [ -4.76859, 36.91936 ], [ -4.77145, 36.91497 ], [ -4.76329, 36.91002 ], [ -4.76438, 36.89788 ], [ -4.77441, 36.87803 ], [ -4.78619, 36.86432 ], [ -4.79045, 36.85298 ], [ -4.77504, 36.85429 ], [ -4.76556, 36.84115 ], [ -4.76421, 36.82898 ], [ -4.74948, 36.82091 ], [ -4.74671, 36.81034 ], [ -4.75622, 36.79909 ], [ -4.74329, 36.79631 ], [ -4.7372, 36.80207 ], [ -4.7246, 36.79341 ], [ -4.68474, 36.79913 ], [ -4.6763, 36.79143 ], [ -4.65069, 36.78689 ], [ -4.63662, 36.79239 ], [ -4.62541, 36.80976 ] ] } },
{ "type": "Feature", "properties": { "CMUN": "29013", "NMUN": "Alozaina", "NPRO": "Málaga", "CPRO": "29", "stroke": "#aaaaaa", "stroke-width": 0.7, "stroke-opacity": 0.45 }, "geometry": { "type": "LineString", "coordinates": [ [ -4.8279, 36.70944 ], [ -4.81962, 36.72147 ], [ -4.81813, 36.72542 ], [ -4.81795, 36.7267 ], [ -4.8191, 36.73053 ], [ -4.81931, 36.73184 ], [ -4.84315, 36.75104 ], [ -4.88637, 36.7705 ], [ -4.88893, 36.75128 ], [ -4.89406, 36.74295 ], [ -4.89092, 36.71426 ], [ -4.87417, 36.71568 ], [ -4.86127, 36.70354 ], [ -4.84617, 36.6943 ], [ -4.83295, 36.70598 ], [ -4.8279, 36.70944 ] ] } },
{ "type": "Feature", "properties": { "CMUN": "29014", "NMUN": "Alpandeire", "NPRO": "Málaga", "CPRO": "29", "stroke": "#aaaaaa", "stroke-width": 0.7, "stroke-opacity": 0.45 }, "geometry": { "type": "LineString", "coordinates": [ [ -5.18959, 36.67007 ], [ -5.21333, 36.6985 ], [ -5.23187, 36.69364 ], [ -5.24767, 36.68544 ], [ -5.23958, 36.67033 ], [ -5.22978, 36.66398 ], [ -5.23796, 36.65304 ], [ -5.22824, 36.63244 ], [ -5.23473, 36.62316 ], [ -5.2433, 36.61283 ], [ -5.2329, 36.59871 ], [ -5.22908, 36.60269 ], [ -5.23367, 36.61064 ], [ -5.22632, 36.61635 ], [ -5.19791, 36.62528 ], [ -5.19273, 36.63329 ], [ -5.19698, 36.65037 ], [ -5.18959, 36.67007 ] ] } },
{ "type": "Feature", "properties": { "CMUN": "29015", "NMUN": "Antequera", "NPRO": "Málaga", "CPRO": "29", "stroke": "#aaaaaa", "stroke-width": 0.7, "stroke-opacity": 0.45 }, "geometry": { "type": "LineString", "coordinates": [ [ -4.59744, 36.89367 ], [ -4.5988, 36.91388 ], [ -4.57803, 36.92127 ], [ -4.5831, 36.94157 ], [ -4.59747, 36.94824 ], [ -4.59355, 36.9572 ], [ -4.58242, 36.95847 ], [ -4.57751, 36.94822 ], [ -4.55483, 36.94526 ], [ -4.5235, 36.95603 ], [ -4.49405, 36.97312 ], [ -4.47277, 36.97219 ], [ -4.47698, 36.96252 ], [ -4.47669, 36.93866 ], [ -4.46162, 36.92078 ], [ -4.45985, 36.91054 ], [ -4.37786, 36.91668 ], [ -4.36817, 36.92861 ], [ -4.36157, 36.94419 ], [ -4.35941, 36.95828 ], [ -4.34693, 36.96689 ], [ -4.36195, 36.98983 ], [ -4.38472, 37.00491 ], [ -4.42084, 37.00952 ], [ -4.43374, 37.02495 ], [ -4.43927, 37.04089 ], [ -4.44515, 37.04459 ], [ -4.46002, 37.06921 ], [ -4.47319, 37.08342 ], [ -4.49174, 37.08413 ], [ -4.49324, 37.10677 ], [ -4.49046, 37.1294 ], [ -4.48376, 37.14789 ], [ -4.48313, 37.15823 ], [ -4.45731, 37.18584 ], [ -4.47582, 37.20336 ], [ -4.48944, 37.23108 ], [ -4.49808, 37.22334 ], [ -4.50061, 37.21607 ], [ -4.52258, 37.20993 ], [ -4.53374, 37.21212 ], [ -4.54472, 37.21739 ], [ -4.56026, 37.21933 ], [ -4.57621, 37.20916 ], [ -4.6023, 37.20924 ], [ -4.63556, 37.20174 ], [ -4.61923, 37.18219 ], [ -4.61464, 37.16398 ], [ -4.59982, 37.1563 ], [ -4.60931, 37.15022 ], [ -4.61218, 37.11746 ], [ -4.62438, 37.11707 ], [ -4.61953, 37.10429 ], [ -4.60788, 37.09168 ], [ -4.60595, 37.08237 ], [ -4.62047, 37.07278 ], [ -4.64015, 37.09175 ], [ -4.65932, 37.08083 ], [ -4.67039, 37.0795 ], [ -4.68991, 37.09133 ], [ -4.72093, 37.09842 ], [ -4.72103, 37.08786 ], [ -4.73468, 37.07318 ], [ -4.73952, 37.06075 ], [ -4.75507, 37.06355 ], [ -4.77938, 37.07414 ], [ -4.7867, 37.08377 ], [ -4.82332, 37.09847 ], [ -4.82779, 37.09175 ], [ -4.79599, 37.04496 ], [ -4.78314, 37.01341 ], [ -4.78121, 36.9937 ], [ -4.77594, 36.98903 ], [ -4.78408, 36.96326 ], [ -4.78014, 36.94286 ], [ -4.78619, 36.93706 ], [ -4.77145, 36.91497 ], [ -4.76859, 36.91936 ], [ -4.71644, 36.92789 ], [ -4.683, 36.91519 ], [ -4.6997, 36.9307 ], [ -4.71202, 36.93249 ], [ -4.71343, 36.94257 ], [ -4.68806, 36.9549 ], [ -4.67089, 36.95951 ], [ -4.63943, 36.95877 ], [ -4.64001, 36.95164 ], [ -4.65347, 36.93312 ], [ -4.65801, 36.9172 ], [ -4.6716, 36.91141 ], [ -4.66079, 36.90684 ], [ -4.62537, 36.90006 ], [ -4.59744, 36.89367 ] ] } },
{ "type": "Feature", "properties": { "CMUN": "29016", "NMUN": "Árchez", "NPRO": "Málaga", "CPRO": "29", "stroke": "#aaaaaa", "stroke-width": 0.7, "stroke-opacity": 0.45 }, "geometry": { "type": "LineString", "coordinates": [ [ -3.98627, 36.82451 ], [ -3.98978, 36.84243 ], [ -4.00507, 36.84005 ], [ -4.01428, 36.82995 ], [ -3.99534, 36.82075 ], [ -3.99345, 36.80207 ], [ -3.98815, 36.80646 ], [ -3.98627, 36.82451 ] ] } },
{ "type": "Feature", "properties": { "CMUN": "29017", "NMUN": "Archidona", "NPRO": "Málaga", "CPRO": "29", "stroke": "#aaaaaa", "stroke-width": 0.7, "stroke-opacity": 0.45 }, "geometry": { "type": "LineString", "coordinates": [ [ -4.28284, 37.07144 ], [ -4.28658, 37.09823 ], [ -4.28707, 37.11952 ], [ -4.30937, 37.153 ], [ -4.32154, 37.15057 ], [ -4.32929, 37.15489 ], [ -4.34551, 37.15641 ], [ -4.35862, 37.1623 ], [ -4.36626, 37.17022 ], [ -4.36967, 37.16053 ], [ -4.3837, 37.15527 ], [ -4.39654, 37.16318 ], [ -4.42717, 37.1547 ], [ -4.43693, 37.1479 ], [ -4.46995, 37.15031 ], [ -4.48376, 37.14789 ], [ -4.49046, 37.1294 ], [ -4.49324, 37.10677 ], [ -4.49174, 37.08413 ], [ -4.47319, 37.08342 ], [ -4.46002, 37.06921 ], [ -4.44515, 37.04459 ], [ -4.43927, 37.04089 ], [ -4.43374, 37.02495 ], [ -4.42862, 37.03258 ], [ -4.41179, 37.04479 ], [ -4.38618, 37.04208 ], [ -4.37527, 37.05337 ], [ -4.35423, 37.06312 ], [ -4.34112, 37.07384 ], [ -4.3114, 37.07971 ], [ -4.29634, 37.07266 ], [ -4.28284, 37.07144 ] ] } },
{ "type": "Feature", "properties": { "CMUN": "29018", "NMUN": "Ardales", "NPRO": "Málaga", "CPRO": "29", "stroke": "#aaaaaa", "stroke-width": 0.7, "stroke-opacity": 0.45 }, "geometry": { "type": "LineString", "coordinates": [ [ -4.79045, 36.85298 ], [ -4.78619, 36.86432 ], [ -4.77441, 36.87803 ], [ -4.76438, 36.89788 ], [ -4.76329, 36.91002 ], [ -4.77145, 36.91497 ], [ -4.78619, 36.93706 ], [ -4.82644, 36.93906 ], [ -4.8498, 36.92585 ], [ -4.86702, 36.9277 ], [ -4.88224, 36.92386 ], [ -4.89014, 36.91666 ], [ -4.91136, 36.90703 ], [ -4.92967, 36.90624 ], [ -4.93904, 36.89345 ], [ -4.93077, 36.87623 ], [ -4.91699, 36.86527 ], [ -4.89703, 36.84227 ], [ -4.891, 36.84594 ], [ -4.85787, 36.85144 ], [ -4.84115, 36.85557 ], [ -4.83982, 36.86171 ], [ -4.82764, 36.86718 ], [ -4.79756, 36.86348 ], [ -4.79045, 36.85298 ] ] } },
{ "type": "Feature", "properties": { "CMUN": "29019", "NMUN": "Arenas", "NPRO": "Málaga", "CPRO": "29", "stroke": "#aaaaaa", "stroke-width": 0.7, "stroke-opacity": 0.45 }, "geometry": { "type": "LineString", "coordinates": [ [ -4.11299, 36.83703 ], [ -4.12719, 36.83038 ], [ -4.10612, 36.83031 ], [ -4.09542, 36.82423 ], [ -4.08056, 36.82237 ], [ -4.0734, 36.81684 ], [ -4.07379, 36.80306 ], [ -4.06413, 36.78859 ], [ -4.05493, 36.78573 ], [ -4.05699, 36.77277 ], [ -4.0525, 36.78566 ], [ -4.03583, 36.78448 ], [ -4.02413, 36.80511 ], [ -4.01783, 36.8258 ], [ -4.02504, 36.83269 ], [ -4.03439, 36.83178 ], [ -4.05569, 36.83055 ], [ -4.07073, 36.83292 ], [ -4.09118, 36.83043 ], [ -4.10295, 36.833 ], [ -4.11299, 36.83703 ] ] } },
{ "type": "Feature", "properties": { "CMUN": "29020", "NMUN": "Arriate", "NPRO": "Málaga", "CPRO": "29", "stroke": "#aaaaaa", "stroke-width": 0.7, "stroke-opacity": 0.45 }, "geometry": { "type": "LineString", "coordinates": [ [ -5.11276, 36.78952 ], [ -5.12223, 36.80085 ], [ -5.1185, 36.80981 ], [ -5.13286, 36.81332 ], [ -5.14673, 36.8057 ], [ -5.15494, 36.79278 ], [ -5.15229, 36.78126 ], [ -5.13909, 36.77995 ], [ -5.13726, 36.79186 ], [ -5.11276, 36.78952 ] ] } },
{ "type": "Feature", "properties": { "CMUN": "29021", "NMUN": "Atajate", "NPRO": "Málaga", "CPRO": "29", "stroke": "#aaaaaa", "stroke-width": 0.7, "stroke-opacity": 0.45 }, "geometry": { "type": "LineString", "coordinates": [ [ -5.23473, 36.62316 ], [ -5.22824, 36.63244 ], [ -5.23796, 36.65304 ], [ -5.22978, 36.66398 ], [ -5.23958, 36.67033 ], [ -5.23937, 36.66149 ], [ -5.25119, 36.65371 ], [ -5.27198, 36.63323 ], [ -5.25572, 36.62342 ], [ -5.23473, 36.62316 ] ] } },
{ "type": "Feature", "properties": { "CMUN": "29022", "NMUN": "Benadalid", "NPRO": "Málaga", "CPRO": "29", "stroke": "#aaaaaa", "stroke-width": 0.7, "stroke-opacity": 0.45 }, "geometry": { "type": "LineString", "coordinates": [ [ -5.27198, 36.63323 ], [ -5.3128, 36.62723 ], [ -5.32031, 36.61 ], [ -5.30554, 36.60381 ], [ -5.27859, 36.59797 ], [ -5.25135, 36.60103 ], [ -5.23542, 36.59605 ], [ -5.2329, 36.59871 ], [ -5.2433, 36.61283 ], [ -5.23473, 36.62316 ], [ -5.25572, 36.62342 ], [ -5.27198, 36.63323 ] ] } },
{ "type": "Feature", "properties": { "CMUN": "29023", "NMUN": "Benahavís", "NPRO": "Málaga", "CPRO": "29", "stroke": "#aaaaaa", "stroke-width": 0.7, "stroke-opacity": 0.45 }, "geometry": { "type": "LineString", "coordinates": [ [ -4.97059, 36.5369 ], [ -4.98015, 36.54259 ], [ -4.98456, 36.56028 ], [ -4.99841, 36.57506 ], [ -5.00525, 36.59507 ], [ -5.01829, 36.60464 ], [ -5.02462, 36.61577 ], [ -5.02381, 36.62973 ], [ -5.03642, 36.63477 ], [ -5.04282, 36.64243 ], [ -5.05106, 36.63519 ], [ -5.05494, 36.6321 ], [ -5.06201, 36.6088 ], [ -5.08041, 36.59236 ], [ -5.08543, 36.58128 ], [ -5.09965, 36.57226 ], [ -5.10627, 36.55921 ], [ -5.12069, 36.54337 ], [ -5.1401, 36.52999 ], [ -5.1221, 36.52378 ], [ -5.10941, 36.51302 ], [ -5.10566, 36.50525 ], [ -5.08848, 36.49245 ], [ -5.07485, 36.47287 ], [ -5.06142, 36.46919 ], [ -5.04111, 36.47437 ], [ -5.01487, 36.49305 ], [ -5.01215, 36.49751 ], [ -4.98961, 36.50928 ], [ -4.98669, 36.52166 ], [ -4.97059, 36.5369 ] ] } },
{ "type": "Feature", "properties": { "CMUN": "29024", "NMUN": "Benalauría", "NPRO": "Málaga", "CPRO": "29", "stroke": "#aaaaaa", "stroke-width": 0.7, "stroke-opacity": 0.45 }, "geometry": { "type": "LineString", "coordinates": [ [ -5.23542, 36.59605 ], [ -5.25135, 36.60103 ], [ -5.27859, 36.59797 ], [ -5.30554, 36.60381 ], [ -5.32031, 36.61 ], [ -5.33206, 36.60087 ], [ -5.3307, 36.58616 ], [ -5.34189, 36.57375 ], [ -5.35727, 36.57369 ], [ -5.36889, 36.56737 ], [ -5.36855, 36.55574 ], [ -5.34705, 36.56237 ], [ -5.33745, 36.5612 ], [ -5.33077, 36.57091 ], [ -5.32441, 36.5831 ], [ -5.30805, 36.59211 ], [ -5.28934, 36.58495 ], [ -5.27334, 36.5893 ], [ -5.25487, 36.58408 ], [ -5.24633, 36.57748 ], [ -5.23542, 36.59605 ] ] } },
{ "type": "Feature", "properties": { "CMUN": "29025", "NMUN": "Benalmádena", "NPRO": "Málaga", "CPRO": "29", "stroke": "#aaaaaa", "stroke-width": 0.7, "stroke-opacity": 0.45 }, "geometry": { "type": "LineString", "coordinates": [ [ -4.58989, 36.57132 ], [ -4.55844, 36.58043 ], [ -4.5405, 36.57922 ], [ -4.53016, 36.5883 ], [ -4.50949, 36.59933 ], [ -4.53457, 36.607 ], [ -4.54729, 36.62013 ], [ -4.56152, 36.62096 ], [ -4.5848, 36.61748 ], [ -4.59704, 36.61183 ], [ -4.59217, 36.59782 ], [ -4.59557, 36.58757 ], [ -4.58989, 36.57132 ] ] } },
{ "type": "Feature", "properties": { "CMUN": "29026", "NMUN": "Benamargosa", "NPRO": "Málaga", "CPRO": "29", "stroke": "#aaaaaa", "stroke-width": 0.7, "stroke-opacity": 0.45 }, "geometry": { "type": "LineString", "coordinates": [ [ -4.18831, 36.85683 ], [ -4.20887, 36.87861 ], [ -4.20964, 36.85624 ], [ -4.2067, 36.83867 ], [ -4.21461, 36.82727 ], [ -4.21096, 36.82318 ], [ -4.18277, 36.81645 ], [ -4.18087, 36.83019 ], [ -4.1871, 36.84293 ], [ -4.18831, 36.85683 ] ] } },
{ "type": "Feature", "properties": { "CMUN": "29027", "NMUN": "Benamocarra", "NPRO": "Málaga", "CPRO": "29", "stroke": "#aaaaaa", "stroke-width": 0.7, "stroke-opacity": 0.45 }, "geometry": { "type": "LineString", "coordinates": [ [ -4.17545, 36.77113 ], [ -4.1671, 36.76991 ], [ -4.15065, 36.78797 ], [ -4.15472, 36.79737 ], [ -4.16329, 36.80156 ], [ -4.17928, 36.79424 ], [ -4.17312, 36.78913 ], [ -4.17545, 36.77113 ] ] } },
{ "type": "Feature", "properties": { "CMUN": "29028", "NMUN": "Benaoján", "NPRO": "Málaga", "CPRO": "29", "stroke": "#aaaaaa", "stroke-width": 0.7, "stroke-opacity": 0.45 }, "geometry": { "type": "LineString", "coordinates": [ [ -5.23187, 36.69364 ], [ -5.23077, 36.70109 ], [ -5.21622, 36.71677 ], [ -5.21391, 36.72724 ], [ -5.22718, 36.74469 ], [ -5.23772, 36.73564 ], [ -5.24905, 36.73173 ], [ -5.30296, 36.68521 ], [ -5.32403, 36.67334 ], [ -5.31626, 36.66208 ], [ -5.266, 36.68211 ], [ -5.24767, 36.68544 ], [ -5.23187, 36.69364 ] ] } },
{ "type": "Feature", "properties": { "CMUN": "29029", "NMUN": "Benarrabá", "NPRO": "Málaga", "CPRO": "29", "stroke": "#aaaaaa", "stroke-width": 0.7, "stroke-opacity": 0.45 }, "geometry": { "type": "LineString", "coordinates": [ [ -5.25283, 36.56737 ], [ -5.27529, 36.55959 ], [ -5.2824, 36.56158 ], [ -5.306, 36.55914 ], [ -5.33077, 36.57091 ], [ -5.33745, 36.5612 ], [ -5.34705, 36.56237 ], [ -5.36855, 36.55574 ], [ -5.36634, 36.546 ], [ -5.34512, 36.5496 ], [ -5.3269, 36.54278 ], [ -5.31343, 36.54641 ], [ -5.29486, 36.5384 ], [ -5.27882, 36.52452 ], [ -5.27822, 36.51983 ], [ -5.27228, 36.51797 ], [ -5.26236, 36.52407 ], [ -5.25815, 36.53319 ], [ -5.26182, 36.54481 ], [ -5.25671, 36.55881 ], [ -5.25283, 36.56737 ] ] } },
{ "type": "Feature", "properties": { "CMUN": "29030", "NMUN": "Borge, El", "NPRO": "Málaga", "CPRO": "29", "stroke": "#aaaaaa", "stroke-width": 0.7, "stroke-opacity": 0.45 }, "geometry": { "type": "MultiLineString", "coordinates": [ [ [ -4.22261, 36.82195 ], [ -4.23927, 36.82446 ], [ -4.2437, 36.82961 ], [ -4.26131, 36.83134 ], [ -4.26194, 36.82129 ], [ -4.27289, 36.81948 ], [ -4.28171, 36.80533 ], [ -4.29293, 36.79662 ], [ -4.29017, 36.78575 ], [ -4.29567, 36.77794 ], [ -4.29338, 36.77717 ], [ -4.2789, 36.78627 ], [ -4.27344, 36.78412 ], [ -4.26284, 36.78843 ], [ -4.24358, 36.78585 ], [ -4.23746, 36.79987 ], [ -4.21706, 36.81328 ], [ -4.22261, 36.82195 ] ], [ [ -4.25994, 36.89271 ], [ -4.25562, 36.89674 ], [ -4.25689, 36.89942 ], [ -4.25994, 36.89271 ] ], [ [ -4.24096, 36.90845 ], [ -4.232, 36.90285 ], [ -4.22503, 36.888 ], [ -4.21129, 36.89232 ], [ -4.20927, 36.89825 ], [ -4.23522, 36.9153 ], [ -4.24096, 36.90845 ] ] ] } },
{ "type": "Feature", "properties": { "CMUN": "29031", "NMUN": "Burgo, El", "NPRO": "Málaga", "CPRO": "29", "stroke": "#aaaaaa", "stroke-width": 0.7, "stroke-opacity": 0.45 }, "geometry": { "type": "LineString", "coordinates": [ [ -4.93077, 36.87623 ], [ -4.94828, 36.88141 ], [ -4.95545, 36.87765 ], [ -4.95872, 36.86061 ], [ -4.97017, 36.83964 ], [ -4.99022, 36.82822 ], [ -4.99421, 36.82213 ], [ -5.00846, 36.80328 ], [ -5.03275, 36.79105 ], [ -5.036, 36.77663 ], [ -5.03109, 36.76714 ], [ -5.00751, 36.76182 ], [ -5.0051, 36.74495 ], [ -5.00013, 36.73382 ], [ -4.9855, 36.73137 ], [ -4.97089, 36.74041 ], [ -4.97342, 36.74681 ], [ -4.96505, 36.75437 ], [ -4.94254, 36.76669 ], [ -4.92226, 36.77231 ], [ -4.90056, 36.76895 ], [ -4.88797, 36.77203 ], [ -4.89061, 36.79796 ], [ -4.88052, 36.81238 ], [ -4.89623, 36.83022 ], [ -4.89703, 36.84227 ], [ -4.91699, 36.86527 ], [ -4.93077, 36.87623 ] ] } },
{ "type": "Feature", "properties": { "CMUN": "29032", "NMUN": "Campillos", "NPRO": "Málaga", "CPRO": "29", "stroke": "#aaaaaa", "stroke-width": 0.7, "stroke-opacity": 0.45 }, "geometry": { "type": "LineString", "coordinates": [ [ -4.78619, 36.93706 ], [ -4.78014, 36.94286 ], [ -4.78408, 36.96326 ], [ -4.77594, 36.98903 ], [ -4.78121, 36.9937 ], [ -4.78314, 37.01341 ], [ -4.79599, 37.04496 ], [ -4.82779, 37.09175 ], [ -4.90837, 37.11465 ], [ -4.93074, 37.09992 ], [ -4.93698, 37.10028 ], [ -4.95454, 37.09142 ], [ -4.97229, 37.07535 ], [ -4.98829, 37.06458 ], [ -4.96921, 37.04965 ], [ -4.94887, 37.03978 ], [ -4.93314, 37.03722 ], [ -4.91677, 37.02559 ], [ -4.91545, 37.01721 ], [ -4.87238, 37.01041 ], [ -4.85332, 36.99651 ], [ -4.83276, 36.97752 ], [ -4.84484, 36.97794 ], [ -4.85882, 36.98353 ], [ -4.86432, 36.96565 ], [ -4.85212, 36.95804 ], [ -4.85575, 36.93992 ], [ -4.8498, 36.92585 ], [ -4.82644, 36.93906 ], [ -4.78619, 36.93706 ] ] } },
{ "type": "Feature", "properties": { "CMUN": "29033", "NMUN": "Canillas de Aceituno", "NPRO": "Málaga", "CPRO": "29", "stroke": "#aaaaaa", "stroke-width": 0.7, "stroke-opacity": 0.45 }, "geometry": { "type": "LineString", "coordinates": [ [ -4.04906, 36.90617 ], [ -4.09185, 36.90071 ], [ -4.13284, 36.88782 ], [ -4.13509, 36.87771 ], [ -4.13553, 36.85652 ], [ -4.1307, 36.84968 ], [ -4.11299, 36.83703 ], [ -4.10295, 36.833 ], [ -4.08049, 36.84668 ], [ -4.06139, 36.86813 ], [ -4.05903, 36.87622 ], [ -4.03952, 36.88904 ], [ -4.04258, 36.90325 ], [ -4.04906, 36.90617 ] ] } },
{ "type": "Feature", "properties": { "CMUN": "29034", "NMUN": "Canillas de Albaida", "NPRO": "Málaga", "CPRO": "29", "stroke": "#aaaaaa", "stroke-width": 0.7, "stroke-opacity": 0.45 }, "geometry": { "type": "LineString", "coordinates": [ [ -3.92243, 36.87372 ], [ -3.92952, 36.88288 ], [ -3.94645, 36.88495 ], [ -3.97078, 36.89205 ], [ -3.99098, 36.89142 ], [ -3.99081, 36.89068 ], [ -3.98725, 36.88113 ], [ -4.00262, 36.86967 ], [ -4.00631, 36.85034 ], [ -4.01213, 36.84013 ], [ -4.02504, 36.83269 ], [ -4.01783, 36.8258 ], [ -4.01428, 36.82995 ], [ -4.00507, 36.84005 ], [ -3.98978, 36.84243 ], [ -3.98627, 36.82451 ], [ -3.98574, 36.83559 ], [ -3.97782, 36.83894 ], [ -3.95403, 36.84194 ], [ -3.95143, 36.84952 ], [ -3.9255, 36.86665 ], [ -3.92243, 36.87372 ] ] } },
{ "type": "Feature", "properties": { "CMUN": "29035", "NMUN": "Cañete la Real", "NPRO": "Málaga", "CPRO": "29", "stroke": "#aaaaaa", "stroke-width": 0.7, "stroke-opacity": 0.45 }, "geometry": { "type": "LineString", "coordinates": [ [ -5.00395, 36.98295 ], [ -5.01244, 36.99013 ], [ -5.03638, 36.9926 ], [ -5.05256, 37.00628 ], [ -5.05309, 37.0306 ], [ -5.08331, 37.03147 ], [ -5.11361, 37.0211 ], [ -5.12284, 37.02769 ], [ -5.13274, 37.01152 ], [ -5.14238, 37.00386 ], [ -5.11514, 36.98896 ], [ -5.11242, 36.97645 ], [ -5.09558, 36.9683 ], [ -5.11011, 36.95933 ], [ -5.10625, 36.95595 ], [ -5.10036, 36.93403 ], [ -5.09178, 36.92104 ], [ -5.06048, 36.89997 ], [ -5.0547, 36.88638 ], [ -5.03617, 36.87967 ], [ -5.02154, 36.8809 ], [ -5.01258, 36.89352 ], [ -5.00294, 36.89538 ], [ -4.97914, 36.88791 ], [ -4.97812, 36.88247 ], [ -4.95545, 36.87765 ], [ -4.94828, 36.88141 ], [ -4.93077, 36.87623 ], [ -4.93904, 36.89345 ], [ -4.92967, 36.90624 ], [ -4.93817, 36.92583 ], [ -4.9525, 36.92827 ], [ -4.97053, 36.93762 ], [ -4.97927, 36.95517 ], [ -4.98001, 36.96316 ], [ -4.99621, 36.97158 ], [ -5.00395, 36.98295 ] ] } },
{ "type": "Feature", "properties": { "CMUN": "29036", "NMUN": "Carratraca", "NPRO": "Málaga", "CPRO": "29", "stroke": "#aaaaaa", "stroke-width": 0.7, "stroke-opacity": 0.45 }, "geometry": { "type": "LineString", "coordinates": [ [ -4.79045, 36.85298 ], [ -4.79756, 36.86348 ], [ -4.82764, 36.86718 ], [ -4.83982, 36.86171 ], [ -4.84115, 36.85557 ], [ -4.85787, 36.85144 ], [ -4.86228, 36.84269 ], [ -4.84733, 36.82801 ], [ -4.82948, 36.83206 ], [ -4.81025, 36.82386 ], [ -4.7966, 36.82365 ], [ -4.79024, 36.8381 ], [ -4.79045, 36.85298 ] ] } },
{ "type": "Feature", "properties": { "CMUN": "29037", "NMUN": "Cartajima", "NPRO": "Málaga", "CPRO": "29", "stroke": "#aaaaaa", "stroke-width": 0.7, "stroke-opacity": 0.45 }, "geometry": { "type": "LineString", "coordinates": [ [ -5.1288, 36.6814 ], [ -5.13566, 36.68865 ], [ -5.16393, 36.6893 ], [ -5.16641, 36.6834 ], [ -5.18271, 36.67351 ], [ -5.18057, 36.65943 ], [ -5.16187, 36.6376 ], [ -5.16158, 36.62543 ], [ -5.1556, 36.62138 ], [ -5.14656, 36.62227 ], [ -5.13244, 36.63515 ], [ -5.13562, 36.63839 ], [ -5.14625, 36.64587 ], [ -5.14796, 36.65554 ], [ -5.13962, 36.6668 ], [ -5.12834, 36.67283 ], [ -5.1288, 36.6814 ] ] } },
{ "type": "Feature", "properties": { "CMUN": "29038", "NMUN": "Cártama", "NPRO": "Málaga", "CPRO": "29", "stroke": "#aaaaaa", "stroke-width": 0.7, "stroke-opacity": 0.45 }, "geometry": { "type": "MultiLineString", "coordinates": [ [ [ -4.74805, 36.74002 ], [ -4.74496, 36.73911 ], [ -4.74326, 36.74039 ], [ -4.74235, 36.74123 ], [ -4.74576, 36.74255 ], [ -4.74719, 36.74215 ], [ -4.75485, 36.74846 ], [ -4.75933, 36.75675 ], [ -4.77189, 36.75335 ], [ -4.77239, 36.75071 ], [ -4.77257, 36.7499 ], [ -4.77148, 36.74753 ], [ -4.77197, 36.747 ], [ -4.77305, 36.74531 ], [ -4.77463, 36.7445 ], [ -4.77594, 36.74399 ], [ -4.77767, 36.74087 ], [ -4.77852, 36.74052 ], [ -4.77791, 36.73932 ], [ -4.77876, 36.73837 ], [ -4.77868, 36.73763 ], [ -4.77749, 36.73614 ], [ -4.77691, 36.73633 ], [ -4.77654, 36.73577 ], [ -4.77675, 36.73552 ], [ -4.77686, 36.73497 ], [ -4.77424, 36.73419 ], [ -4.77233, 36.73532 ], [ -4.76828, 36.73649 ], [ -4.76637, 36.73813 ], [ -4.76459, 36.74066 ], [ -4.75994, 36.7405 ], [ -4.75214, 36.74146 ], [ -4.75143, 36.74174 ], [ -4.75046, 36.74138 ], [ -4.74851, 36.74044 ], [ -4.74805, 36.74002 ] ], [ [ -4.71505, 36.69835 ], [ -4.691, 36.70485 ], [ -4.67504, 36.69127 ], [ -4.66647, 36.6927 ], [ -4.63916, 36.68784 ], [ -4.62446, 36.68862 ], [ -4.59709, 36.69775 ], [ -4.56898, 36.71666 ], [ -4.57751, 36.71898 ], [ -4.57708, 36.73124 ], [ -4.58597, 36.7398 ], [ -4.58063, 36.76535 ], [ -4.58789, 36.78411 ], [ -4.59019, 36.79475 ], [ -4.62541, 36.80976 ], [ -4.63662, 36.79239 ], [ -4.65069, 36.78689 ], [ -4.65148, 36.77085 ], [ -4.64832, 36.76095 ], [ -4.6562, 36.75475 ], [ -4.65869, 36.74432 ], [ -4.68337, 36.72343 ], [ -4.6943, 36.7263 ], [ -4.70406, 36.73763 ], [ -4.72171, 36.73981 ], [ -4.73747, 36.73864 ], [ -4.73748, 36.73843 ], [ -4.73681, 36.73616 ], [ -4.73262, 36.72311 ], [ -4.72731, 36.72107 ], [ -4.7273, 36.72068 ], [ -4.73109, 36.71857 ], [ -4.73178, 36.71705 ], [ -4.73282, 36.71686 ], [ -4.73146, 36.7133 ], [ -4.73, 36.71061 ], [ -4.72627, 36.70805 ], [ -4.71953, 36.70192 ], [ -4.71615, 36.69814 ], [ -4.71505, 36.69835 ] ] ] } },
{ "type": "Feature", "properties": { "CMUN": "29039", "NMUN": "Casabermeja", "NPRO": "Málaga", "CPRO": "29", "stroke": "#aaaaaa", "stroke-width": 0.7, "stroke-opacity": 0.45 }, "geometry": { "type": "LineString", "coordinates": [ [ -4.4657, 36.84967 ], [ -4.44831, 36.84027 ], [ -4.42572, 36.85108 ], [ -4.41027, 36.85056 ], [ -4.39678, 36.8447 ], [ -4.3834, 36.85687 ], [ -4.38031, 36.88023 ], [ -4.37115, 36.89328 ], [ -4.37873, 36.90567 ], [ -4.37786, 36.91668 ], [ -4.45985, 36.91054 ], [ -4.49225, 36.90752 ], [ -4.49175, 36.88492 ], [ -4.48237, 36.86777 ], [ -4.47141, 36.86248 ], [ -4.4657, 36.84967 ] ] } },
{ "type": "Feature", "properties": { "CMUN": "29040", "NMUN": "Casarabonela", "NPRO": "Málaga", "CPRO": "29", "stroke": "#aaaaaa", "stroke-width": 0.7, "stroke-opacity": 0.45 }, "geometry": { "type": "LineString", "coordinates": [ [ -4.75622, 36.79909 ], [ -4.74671, 36.81034 ], [ -4.74948, 36.82091 ], [ -4.76421, 36.82898 ], [ -4.76556, 36.84115 ], [ -4.77504, 36.85429 ], [ -4.79045, 36.85298 ], [ -4.79024, 36.8381 ], [ -4.7966, 36.82365 ], [ -4.81025, 36.82386 ], [ -4.82948, 36.83206 ], [ -4.84733, 36.82801 ], [ -4.86228, 36.84269 ], [ -4.85787, 36.85144 ], [ -4.891, 36.84594 ], [ -4.89703, 36.84227 ], [ -4.89623, 36.83022 ], [ -4.88052, 36.81238 ], [ -4.89061, 36.79796 ], [ -4.88797, 36.77203 ], [ -4.88637, 36.7705 ], [ -4.84315, 36.75104 ], [ -4.81931, 36.73184 ], [ -4.8142, 36.73347 ], [ -4.80923, 36.73523 ], [ -4.80029, 36.74074 ], [ -4.79479, 36.74422 ], [ -4.7941, 36.74504 ], [ -4.79206, 36.74589 ], [ -4.78865, 36.74708 ], [ -4.78853, 36.74821 ], [ -4.78764, 36.74898 ], [ -4.78638, 36.7501 ], [ -4.78579, 36.75029 ], [ -4.78455, 36.7501 ], [ -4.78423, 36.75004 ], [ -4.78373, 36.75011 ], [ -4.78169, 36.75057 ], [ -4.77895, 36.74934 ], [ -4.77563, 36.75006 ], [ -4.774, 36.75049 ], [ -4.77292, 36.75159 ], [ -4.77262, 36.7526 ], [ -4.77189, 36.75335 ], [ -4.75933, 36.75675 ], [ -4.77584, 36.76435 ], [ -4.76147, 36.78158 ], [ -4.75622, 36.79909 ] ] } },
{ "type": "Feature", "properties": { "CMUN": "29041", "NMUN": "Casares", "NPRO": "Málaga", "CPRO": "29", "stroke": "#aaaaaa", "stroke-width": 0.7, "stroke-opacity": 0.45 }, "geometry": { "type": "LineString", "coordinates": [ [ -5.3202, 36.32597 ], [ -5.30482, 36.3411 ], [ -5.29558, 36.35847 ], [ -5.28202, 36.36871 ], [ -5.27558, 36.38316 ], [ -5.26483, 36.38248 ], [ -5.25866, 36.38959 ], [ -5.25826, 36.38943 ], [ -5.22167, 36.37226 ], [ -5.20613, 36.38595 ], [ -5.21691, 36.40954 ], [ -5.21765, 36.42126 ], [ -5.2181, 36.42285 ], [ -5.21967, 36.42986 ], [ -5.21262, 36.44783 ], [ -5.20562, 36.48129 ], [ -5.20828, 36.4843 ], [ -5.22031, 36.49623 ], [ -5.23303, 36.51353 ], [ -5.24242, 36.51795 ], [ -5.25242, 36.51408 ], [ -5.27228, 36.51797 ], [ -5.27822, 36.51983 ], [ -5.27681, 36.51143 ], [ -5.28814, 36.50095 ], [ -5.2924, 36.48597 ], [ -5.30997, 36.47495 ], [ -5.31896, 36.46323 ], [ -5.33573, 36.45275 ], [ -5.35545, 36.4338 ], [ -5.35683, 36.42344 ], [ -5.34411, 36.41229 ], [ -5.3351, 36.39515 ], [ -5.33489, 36.37001 ], [ -5.31551, 36.34085 ], [ -5.32282, 36.33253 ], [ -5.3202, 36.32597 ] ] } },
{ "type": "Feature", "properties": { "CMUN": "29042", "NMUN": "Coín", "NPRO": "Málaga", "CPRO": "29", "stroke": "#aaaaaa", "stroke-width": 0.7, "stroke-opacity": 0.45 }, "geometry": { "type": "LineString", "coordinates": [ [ -4.72709, 36.59686 ], [ -4.7372, 36.60549 ], [ -4.72777, 36.61545 ], [ -4.73644, 36.63285 ], [ -4.72966, 36.64469 ], [ -4.71681, 36.65804 ], [ -4.7135, 36.67544 ], [ -4.70736, 36.67822 ], [ -4.70663, 36.67905 ], [ -4.70687, 36.67998 ], [ -4.70796, 36.68179 ], [ -4.71261, 36.69425 ], [ -4.71396, 36.6965 ], [ -4.71505, 36.69835 ], [ -4.71615, 36.69814 ], [ -4.71953, 36.70192 ], [ -4.72627, 36.70805 ], [ -4.73, 36.71061 ], [ -4.73146, 36.7133 ], [ -4.73282, 36.71686 ], [ -4.73178, 36.71705 ], [ -4.73109, 36.71857 ], [ -4.7273, 36.72068 ], [ -4.72731, 36.72107 ], [ -4.73262, 36.72311 ], [ -4.73681, 36.73616 ], [ -4.73748, 36.73843 ], [ -4.73747, 36.73864 ], [ -4.74139, 36.74272 ], [ -4.74235, 36.74123 ], [ -4.74326, 36.74039 ], [ -4.74496, 36.73911 ], [ -4.74805, 36.74002 ], [ -4.74851, 36.74044 ], [ -4.75046, 36.74138 ], [ -4.75143, 36.74174 ], [ -4.75214, 36.74146 ], [ -4.75994, 36.7405 ], [ -4.76459, 36.74066 ], [ -4.76637, 36.73813 ], [ -4.76828, 36.73649 ], [ -4.77233, 36.73532 ], [ -4.77424, 36.73419 ], [ -4.77686, 36.73497 ], [ -4.77675, 36.73552 ], [ -4.77654, 36.73577 ], [ -4.77691, 36.73633 ], [ -4.77749, 36.73614 ], [ -4.77868, 36.73763 ], [ -4.77876, 36.73837 ], [ -4.77791, 36.73932 ], [ -4.77852, 36.74052 ], [ -4.77767, 36.74087 ], [ -4.77594, 36.74399 ], [ -4.77463, 36.7445 ], [ -4.77305, 36.74531 ], [ -4.77197, 36.747 ], [ -4.77148, 36.74753 ], [ -4.77257, 36.7499 ], [ -4.77239, 36.75071 ], [ -4.77189, 36.75335 ], [ -4.77262, 36.7526 ], [ -4.77292, 36.75159 ], [ -4.774, 36.75049 ], [ -4.77563, 36.75006 ], [ -4.77895, 36.74934 ], [ -4.78169, 36.75057 ], [ -4.78373, 36.75011 ], [ -4.78423, 36.75004 ], [ -4.78455, 36.7501 ], [ -4.78579, 36.75029 ], [ -4.78638, 36.7501 ], [ -4.78764, 36.74898 ], [ -4.78853, 36.74821 ], [ -4.78865, 36.74708 ], [ -4.79206, 36.74589 ], [ -4.7941, 36.74504 ], [ -4.79479, 36.74422 ], [ -4.80029, 36.74074 ], [ -4.80923, 36.73523 ], [ -4.8142, 36.73347 ], [ -4.8191, 36.73053 ], [ -4.81795, 36.7267 ], [ -4.81813, 36.72542 ], [ -4.81962, 36.72147 ], [ -4.8279, 36.70944 ], [ -4.83295, 36.70598 ], [ -4.8245, 36.69956 ], [ -4.82155, 36.69703 ], [ -4.8174, 36.6928 ], [ -4.81525, 36.69019 ], [ -4.81445, 36.68904 ], [ -4.81498, 36.68715 ], [ -4.81445, 36.68453 ], [ -4.81435, 36.68385 ], [ -4.81507, 36.6811 ], [ -4.81648, 36.67848 ], [ -4.81674, 36.67675 ], [ -4.81557, 36.67461 ], [ -4.81519, 36.67225 ], [ -4.81497, 36.6713 ], [ -4.81023, 36.66247 ], [ -4.8108, 36.65487 ], [ -4.80813, 36.64946 ], [ -4.80637, 36.64553 ], [ -4.80168, 36.63958 ], [ -4.80127, 36.63828 ], [ -4.79896, 36.631 ], [ -4.80201, 36.61602 ], [ -4.80757, 36.60708 ], [ -4.80929, 36.59283 ], [ -4.79689, 36.59198 ], [ -4.78419, 36.59646 ], [ -4.77162, 36.59119 ], [ -4.72709, 36.59686 ] ] } },
{ "type": "Feature", "properties": { "CMUN": "29043", "NMUN": "Colmenar", "NPRO": "Málaga", "CPRO": "29", "stroke": "#aaaaaa", "stroke-width": 0.7, "stroke-opacity": 0.45 }, "geometry": { "type": "LineString", "coordinates": [ [ -4.27813, 36.86984 ], [ -4.29418, 36.88712 ], [ -4.29469, 36.89873 ], [ -4.30589, 36.91116 ], [ -4.29474, 36.91256 ], [ -4.30247, 36.92285 ], [ -4.31159, 36.92017 ], [ -4.3156, 36.9327 ], [ -4.30622, 36.93725 ], [ -4.31841, 36.95491 ], [ -4.29319, 36.96513 ], [ -4.29869, 36.97386 ], [ -4.31082, 36.98084 ], [ -4.31211, 36.98279 ], [ -4.32915, 36.96924 ], [ -4.34693, 36.96689 ], [ -4.35941, 36.95828 ], [ -4.36157, 36.94419 ], [ -4.36817, 36.92861 ], [ -4.37786, 36.91668 ], [ -4.37873, 36.90567 ], [ -4.37115, 36.89328 ], [ -4.32976, 36.8749 ], [ -4.3188, 36.86089 ], [ -4.2985, 36.86189 ], [ -4.28697, 36.85845 ], [ -4.27813, 36.86984 ] ] } },
{ "type": "Feature", "properties": { "CMUN": "29044", "NMUN": "Comares", "NPRO": "Málaga", "CPRO": "29", "stroke": "#aaaaaa", "stroke-width": 0.7, "stroke-opacity": 0.45 }, "geometry": { "type": "LineString", "coordinates": [ [ -4.2437, 36.82961 ], [ -4.21815, 36.85472 ], [ -4.22926, 36.85977 ], [ -4.23856, 36.87477 ], [ -4.24943, 36.87603 ], [ -4.25985, 36.88862 ], [ -4.27374, 36.88177 ], [ -4.27813, 36.86984 ], [ -4.28697, 36.85845 ], [ -4.29192, 36.84629 ], [ -4.28003, 36.83215 ], [ -4.26131, 36.83134 ], [ -4.2437, 36.82961 ] ] } },
{ "type": "Feature", "properties": { "CMUN": "29045", "NMUN": "Cómpeta", "NPRO": "Málaga", "CPRO": "29", "stroke": "#aaaaaa", "stroke-width": 0.7, "stroke-opacity": 0.45 }, "geometry": { "type": "LineString", "coordinates": [ [ -3.8152, 36.84184 ], [ -3.81532, 36.84685 ], [ -3.82717, 36.85553 ], [ -3.84233, 36.85821 ], [ -3.86103, 36.85104 ], [ -3.87576, 36.85301 ], [ -3.89128, 36.86657 ], [ -3.9186, 36.86808 ], [ -3.92243, 36.87372 ], [ -3.9255, 36.86665 ], [ -3.95143, 36.84952 ], [ -3.95403, 36.84194 ], [ -3.97782, 36.83894 ], [ -3.98574, 36.83559 ], [ -3.98627, 36.82451 ], [ -3.98815, 36.80646 ], [ -3.99345, 36.80207 ], [ -3.98715, 36.79002 ], [ -3.96825, 36.78542 ], [ -3.96216, 36.79812 ], [ -3.94481, 36.81172 ], [ -3.92814, 36.81494 ], [ -3.92113, 36.81793 ], [ -3.92452, 36.83103 ], [ -3.90445, 36.8385 ], [ -3.89635, 36.84509 ], [ -3.88128, 36.83675 ], [ -3.85314, 36.83221 ], [ -3.84773, 36.83581 ], [ -3.83405, 36.83553 ], [ -3.8152, 36.84184 ] ] } },
{ "type": "Feature", "properties": { "CMUN": "29046", "NMUN": "Cortes de la Frontera", "NPRO": "Málaga", "CPRO": "29", "stroke": "#aaaaaa", "stroke-width": 0.7, "stroke-opacity": 0.45 }, "geometry": { "type": "LineString", "coordinates": [ [ -5.31626, 36.66208 ], [ -5.32403, 36.67334 ], [ -5.33392, 36.67144 ], [ -5.343, 36.66024 ], [ -5.38317, 36.63093 ], [ -5.39858, 36.62897 ], [ -5.41339, 36.62119 ], [ -5.4334, 36.6183 ], [ -5.4385, 36.61417 ], [ -5.45591, 36.61958 ], [ -5.45718, 36.60209 ], [ -5.46287, 36.58895 ], [ -5.47697, 36.57408 ], [ -5.48955, 36.57046 ], [ -5.50206, 36.54761 ], [ -5.51309, 36.54213 ], [ -5.52333, 36.53112 ], [ -5.53734, 36.52739 ], [ -5.5439, 36.53855 ], [ -5.56762, 36.54289 ], [ -5.57184, 36.54767 ], [ -5.59512, 36.55091 ], [ -5.61178, 36.5416 ], [ -5.60609, 36.52352 ], [ -5.60785, 36.51621 ], [ -5.59836, 36.5085 ], [ -5.58307, 36.51383 ], [ -5.57203, 36.51258 ], [ -5.56002, 36.50348 ], [ -5.5342, 36.50276 ], [ -5.52425, 36.49771 ], [ -5.5163, 36.50089 ], [ -5.5144, 36.51039 ], [ -5.49299, 36.53609 ], [ -5.47114, 36.53549 ], [ -5.45206, 36.53777 ], [ -5.42962, 36.53334 ], [ -5.42653, 36.52568 ], [ -5.41349, 36.52066 ], [ -5.40972, 36.52771 ], [ -5.39624, 36.53727 ], [ -5.38288, 36.53709 ], [ -5.36634, 36.546 ], [ -5.36855, 36.55574 ], [ -5.36889, 36.56737 ], [ -5.35727, 36.57369 ], [ -5.34189, 36.57375 ], [ -5.3307, 36.58616 ], [ -5.33206, 36.60087 ], [ -5.32031, 36.61 ], [ -5.3128, 36.62723 ], [ -5.30427, 36.63867 ], [ -5.31569, 36.65011 ], [ -5.31626, 36.66208 ] ] } },
{ "type": "Feature", "properties": { "CMUN": "29047", "NMUN": "Cuevas Bajas", "NPRO": "Málaga", "CPRO": "29", "stroke": "#aaaaaa", "stroke-width": 0.7, "stroke-opacity": 0.45 }, "geometry": { "type": "MultiLineString", "coordinates": [ [ [ -4.49808, 37.22334 ], [ -4.51022, 37.22128 ], [ -4.53374, 37.21212 ], [ -4.52258, 37.20993 ], [ -4.50061, 37.21607 ], [ -4.49808, 37.22334 ] ], [ [ -4.47582, 37.20336 ], [ -4.44343, 37.2194 ], [ -4.44065, 37.2302 ], [ -4.45722, 37.23664 ], [ -4.45705, 37.24139 ], [ -4.47171, 37.25158 ], [ -4.48049, 37.23866 ], [ -4.49117, 37.23858 ], [ -4.48944, 37.23108 ], [ -4.47582, 37.20336 ] ] ] } },
{ "type": "Feature", "properties": { "CMUN": "29048", "NMUN": "Cuevas del Becerro", "NPRO": "Málaga", "CPRO": "29", "stroke": "#aaaaaa", "stroke-width": 0.7, "stroke-opacity": 0.45 }, "geometry": { "type": "LineString", "coordinates": [ [ -5.06048, 36.89997 ], [ -5.07256, 36.8864 ], [ -5.07278, 36.87451 ], [ -5.06232, 36.86792 ], [ -5.07456, 36.85168 ], [ -5.0607, 36.84401 ], [ -5.03959, 36.86361 ], [ -5.0273, 36.87245 ], [ -5.00505, 36.8823 ], [ -5.00294, 36.89538 ], [ -5.01258, 36.89352 ], [ -5.02154, 36.8809 ], [ -5.03617, 36.87967 ], [ -5.0547, 36.88638 ], [ -5.06048, 36.89997 ] ] } },
{ "type": "Feature", "properties": { "CMUN": "29049", "NMUN": "Cuevas de San Marcos", "NPRO": "Málaga", "CPRO": "29", "stroke": "#aaaaaa", "stroke-width": 0.7, "stroke-opacity": 0.45 }, "geometry": { "type": "LineString", "coordinates": [ [ -4.38501, 37.23826 ], [ -4.37744, 37.24177 ], [ -4.37772, 37.27035 ], [ -4.38341, 37.27741 ], [ -4.39045, 37.27373 ], [ -4.41183, 37.27656 ], [ -4.41797, 37.2824 ], [ -4.43351, 37.27395 ], [ -4.445, 37.27759 ], [ -4.45678, 37.26189 ], [ -4.47171, 37.25158 ], [ -4.45705, 37.24139 ], [ -4.45722, 37.23664 ], [ -4.44065, 37.2302 ], [ -4.44343, 37.2194 ], [ -4.41673, 37.22525 ], [ -4.38501, 37.23826 ] ] } },
{ "type": "Feature", "properties": { "CMUN": "29050", "NMUN": "Cútar", "NPRO": "Málaga", "CPRO": "29", "stroke": "#aaaaaa", "stroke-width": 0.7, "stroke-opacity": 0.45 }, "geometry": { "type": "LineString", "coordinates": [ [ -4.21129, 36.89232 ], [ -4.22503, 36.888 ], [ -4.232, 36.90285 ], [ -4.24249, 36.88894 ], [ -4.25562, 36.89674 ], [ -4.25994, 36.89271 ], [ -4.25985, 36.88862 ], [ -4.24943, 36.87603 ], [ -4.23856, 36.87477 ], [ -4.22926, 36.85977 ], [ -4.21815, 36.85472 ], [ -4.2437, 36.82961 ], [ -4.23927, 36.82446 ], [ -4.22261, 36.82195 ], [ -4.21096, 36.82318 ], [ -4.21461, 36.82727 ], [ -4.2067, 36.83867 ], [ -4.20964, 36.85624 ], [ -4.20887, 36.87861 ], [ -4.20664, 36.88687 ], [ -4.21129, 36.89232 ] ] } },
{ "type": "Feature", "properties": { "CMUN": "29051", "NMUN": "Estepona", "NPRO": "Málaga", "CPRO": "29", "stroke": "#aaaaaa", "stroke-width": 0.7, "stroke-opacity": 0.45 }, "geometry": { "type": "LineString", "coordinates": [ [ -5.20613, 36.38595 ], [ -5.18205, 36.41098 ], [ -5.16692, 36.41653 ], [ -5.15454, 36.4151 ], [ -5.13871, 36.4269 ], [ -5.12131, 36.42862 ], [ -5.10812, 36.43395 ], [ -5.08701, 36.44795 ], [ -5.07412, 36.45199 ], [ -5.05913, 36.45006 ], [ -5.03338, 36.46118 ], [ -5.00555, 36.45954 ], [ -5.01487, 36.49305 ], [ -5.04111, 36.47437 ], [ -5.06142, 36.46919 ], [ -5.07485, 36.47287 ], [ -5.08848, 36.49245 ], [ -5.10566, 36.50525 ], [ -5.10941, 36.51302 ], [ -5.1221, 36.52378 ], [ -5.1401, 36.52999 ], [ -5.14705, 36.5347 ], [ -5.16177, 36.53514 ], [ -5.18248, 36.51864 ], [ -5.18254, 36.5079 ], [ -5.18946, 36.50488 ], [ -5.19819, 36.49044 ], [ -5.20828, 36.4843 ], [ -5.20562, 36.48129 ], [ -5.21262, 36.44783 ], [ -5.21967, 36.42986 ], [ -5.2181, 36.42285 ], [ -5.21765, 36.42126 ], [ -5.21691, 36.40954 ], [ -5.20613, 36.38595 ] ] } },
{ "type": "Feature", "properties": { "CMUN": "29052", "NMUN": "Faraján", "NPRO": "Málaga", "CPRO": "29", "stroke": "#aaaaaa", "stroke-width": 0.7, "stroke-opacity": 0.45 }, "geometry": { "type": "LineString", "coordinates": [ [ -5.16897, 36.57758 ], [ -5.1628, 36.58729 ], [ -5.18082, 36.59354 ], [ -5.17878, 36.61335 ], [ -5.18144, 36.62813 ], [ -5.19186, 36.6485 ], [ -5.19698, 36.65037 ], [ -5.19273, 36.63329 ], [ -5.19791, 36.62528 ], [ -5.22632, 36.61635 ], [ -5.23367, 36.61064 ], [ -5.22908, 36.60269 ], [ -5.21777, 36.5962 ], [ -5.20263, 36.58115 ], [ -5.16897, 36.57758 ] ] } },
{ "type": "Feature", "properties": { "CMUN": "29053", "NMUN": "Frigiliana", "NPRO": "Málaga", "CPRO": "29", "stroke": "#aaaaaa", "stroke-width": 0.7, "stroke-opacity": 0.45 }, "geometry": { "type": "LineString", "coordinates": [ [ -3.84773, 36.83581 ], [ -3.85314, 36.83221 ], [ -3.88128, 36.83675 ], [ -3.89635, 36.84509 ], [ -3.90445, 36.8385 ], [ -3.92452, 36.83103 ], [ -3.92113, 36.81793 ], [ -3.92814, 36.81494 ], [ -3.93276, 36.80021 ], [ -3.92382, 36.791 ], [ -3.92152, 36.77686 ], [ -3.91301, 36.76446 ], [ -3.89356, 36.7652 ], [ -3.87839, 36.75779 ], [ -3.87609, 36.76473 ], [ -3.88356, 36.78785 ], [ -3.86562, 36.79682 ], [ -3.86036, 36.82354 ], [ -3.84773, 36.83581 ] ] } },
{ "type": "Feature", "properties": { "CMUN": "29054", "NMUN": "Fuengirola", "NPRO": "Málaga", "CPRO": "29", "stroke": "#aaaaaa", "stroke-width": 0.7, "stroke-opacity": 0.45 }, "geometry": { "type": "LineString", "coordinates": [ [ -4.59557, 36.58757 ], [ -4.6042, 36.58758 ], [ -4.62198, 36.56729 ], [ -4.63241, 36.54391 ], [ -4.62997, 36.53671 ], [ -4.63643, 36.52886 ], [ -4.62935, 36.51908 ], [ -4.60958, 36.55675 ], [ -4.58989, 36.57132 ], [ -4.59557, 36.58757 ] ] } },
{ "type": "Feature", "properties": { "CMUN": "29055", "NMUN": "Fuente de Piedra", "NPRO": "Málaga", "CPRO": "29", "stroke": "#aaaaaa", "stroke-width": 0.7, "stroke-opacity": 0.45 }, "geometry": { "type": "LineString", "coordinates": [ [ -4.72093, 37.09842 ], [ -4.70952, 37.10523 ], [ -4.7062, 37.12421 ], [ -4.70645, 37.14272 ], [ -4.70046, 37.16201 ], [ -4.73193, 37.18554 ], [ -4.76029, 37.17708 ], [ -4.76165, 37.17098 ], [ -4.77545, 37.16809 ], [ -4.78568, 37.1568 ], [ -4.81117, 37.119 ], [ -4.82332, 37.09847 ], [ -4.7867, 37.08377 ], [ -4.77938, 37.07414 ], [ -4.75507, 37.06355 ], [ -4.73952, 37.06075 ], [ -4.73468, 37.07318 ], [ -4.72103, 37.08786 ], [ -4.72093, 37.09842 ] ] } },
{ "type": "Feature", "properties": { "CMUN": "29056", "NMUN": "Gaucín", "NPRO": "Málaga", "CPRO": "29", "stroke": "#aaaaaa", "stroke-width": 0.7, "stroke-opacity": 0.45 }, "geometry": { "type": "LineString", "coordinates": [ [ -5.27822, 36.51983 ], [ -5.27882, 36.52452 ], [ -5.29486, 36.5384 ], [ -5.31343, 36.54641 ], [ -5.3269, 36.54278 ], [ -5.34512, 36.5496 ], [ -5.36634, 36.546 ], [ -5.38288, 36.53709 ], [ -5.39624, 36.53727 ], [ -5.40972, 36.52771 ], [ -5.41349, 36.52066 ], [ -5.40984, 36.49655 ], [ -5.40391, 36.49416 ], [ -5.3957, 36.46987 ], [ -5.37507, 36.45429 ], [ -5.35545, 36.4338 ], [ -5.33573, 36.45275 ], [ -5.31896, 36.46323 ], [ -5.30997, 36.47495 ], [ -5.2924, 36.48597 ], [ -5.28814, 36.50095 ], [ -5.27681, 36.51143 ], [ -5.27822, 36.51983 ] ] } },
{ "type": "Feature", "properties": { "CMUN": "29057", "NMUN": "Genalguacil", "NPRO": "Málaga", "CPRO": "29", "stroke": "#aaaaaa", "stroke-width": 0.7, "stroke-opacity": 0.45 }, "geometry": { "type": "LineString", "coordinates": [ [ -5.18248, 36.51864 ], [ -5.20116, 36.53068 ], [ -5.21587, 36.55035 ], [ -5.23138, 36.54957 ], [ -5.24367, 36.55787 ], [ -5.25671, 36.55881 ], [ -5.26182, 36.54481 ], [ -5.25815, 36.53319 ], [ -5.26236, 36.52407 ], [ -5.27228, 36.51797 ], [ -5.25242, 36.51408 ], [ -5.24242, 36.51795 ], [ -5.23303, 36.51353 ], [ -5.22031, 36.49623 ], [ -5.20828, 36.4843 ], [ -5.19819, 36.49044 ], [ -5.18946, 36.50488 ], [ -5.18254, 36.5079 ], [ -5.18248, 36.51864 ] ] } },
{ "type": "Feature", "properties": { "CMUN": "29058", "NMUN": "Guaro", "NPRO": "Málaga", "CPRO": "29", "stroke": "#aaaaaa", "stroke-width": 0.7, "stroke-opacity": 0.45 }, "geometry": { "type": "LineString", "coordinates": [ [ -4.8108, 36.65487 ], [ -4.81023, 36.66247 ], [ -4.81497, 36.6713 ], [ -4.81519, 36.67225 ], [ -4.81557, 36.67461 ], [ -4.81674, 36.67675 ], [ -4.81648, 36.67848 ], [ -4.81507, 36.6811 ], [ -4.81435, 36.68385 ], [ -4.81445, 36.68453 ], [ -4.81498, 36.68715 ], [ -4.81445, 36.68904 ], [ -4.81525, 36.69019 ], [ -4.8174, 36.6928 ], [ -4.82155, 36.69703 ], [ -4.8245, 36.69956 ], [ -4.83295, 36.70598 ], [ -4.84617, 36.6943 ], [ -4.86515, 36.68286 ], [ -4.87161, 36.66062 ], [ -4.85805, 36.65142 ], [ -4.83706, 36.6484 ], [ -4.82557, 36.65705 ], [ -4.8108, 36.65487 ] ] } },
{ "type": "Feature", "properties": { "CMUN": "29059", "NMUN": "Humilladero", "NPRO": "Málaga", "CPRO": "29", "stroke": "#aaaaaa", "stroke-width": 0.7, "stroke-opacity": 0.45 }, "geometry": { "type": "LineString", "coordinates": [ [ -4.72093, 37.09842 ], [ -4.68991, 37.09133 ], [ -4.67039, 37.0795 ], [ -4.65932, 37.08083 ], [ -4.64015, 37.09175 ], [ -4.6554, 37.10383 ], [ -4.66962, 37.10633 ], [ -4.68807, 37.11377 ], [ -4.69245, 37.12499 ], [ -4.69246, 37.14424 ], [ -4.6855, 37.14894 ], [ -4.69226, 37.15889 ], [ -4.68418, 37.17745 ], [ -4.68279, 37.18822 ], [ -4.67523, 37.1943 ], [ -4.7016, 37.20077 ], [ -4.70861, 37.19769 ], [ -4.73193, 37.18554 ], [ -4.70046, 37.16201 ], [ -4.70645, 37.14272 ], [ -4.7062, 37.12421 ], [ -4.70952, 37.10523 ], [ -4.72093, 37.09842 ] ] } },
{ "type": "Feature", "properties": { "CMUN": "29060", "NMUN": "Igualeja", "NPRO": "Málaga", "CPRO": "29", "stroke": "#aaaaaa", "stroke-width": 0.7, "stroke-opacity": 0.45 }, "geometry": { "type": "LineString", "coordinates": [ [ -5.05106, 36.63519 ], [ -5.07669, 36.65449 ], [ -5.10241, 36.65959 ], [ -5.12629, 36.63926 ], [ -5.13562, 36.63839 ], [ -5.13244, 36.63515 ], [ -5.14656, 36.62227 ], [ -5.12318, 36.613 ], [ -5.11839, 36.60308 ], [ -5.10654, 36.58999 ], [ -5.09965, 36.57226 ], [ -5.08543, 36.58128 ], [ -5.08041, 36.59236 ], [ -5.06201, 36.6088 ], [ -5.05494, 36.6321 ], [ -5.05106, 36.63519 ] ] } },
{ "type": "Feature", "properties": { "CMUN": "29061", "NMUN": "Istán", "NPRO": "Málaga", "CPRO": "29", "stroke": "#aaaaaa", "stroke-width": 0.7, "stroke-opacity": 0.45 }, "geometry": { "type": "LineString", "coordinates": [ [ -4.9166, 36.63893 ], [ -4.94372, 36.63675 ], [ -4.97174, 36.64461 ], [ -4.99377, 36.64196 ], [ -5.00009, 36.65082 ], [ -5.01695, 36.66049 ], [ -5.02127, 36.6534 ], [ -5.04282, 36.64243 ], [ -5.03642, 36.63477 ], [ -5.02381, 36.62973 ], [ -5.02462, 36.61577 ], [ -5.01829, 36.60464 ], [ -5.00525, 36.59507 ], [ -4.99841, 36.57506 ], [ -4.98456, 36.56028 ], [ -4.98015, 36.54259 ], [ -4.97059, 36.5369 ], [ -4.95813, 36.53745 ], [ -4.93864, 36.54306 ], [ -4.92202, 36.55483 ], [ -4.90348, 36.59731 ], [ -4.89301, 36.60949 ], [ -4.90173, 36.61268 ], [ -4.91341, 36.6242 ], [ -4.9166, 36.63893 ] ] } },
{ "type": "Feature", "properties": { "CMUN": "29062", "NMUN": "Iznate", "NPRO": "Málaga", "CPRO": "29", "stroke": "#aaaaaa", "stroke-width": 0.7, "stroke-opacity": 0.45 }, "geometry": { "type": "LineString", "coordinates": [ [ -4.17928, 36.79424 ], [ -4.20932, 36.79349 ], [ -4.21283, 36.79278 ], [ -4.20937, 36.78076 ], [ -4.19573, 36.77149 ], [ -4.17545, 36.77113 ], [ -4.17312, 36.78913 ], [ -4.17928, 36.79424 ] ] } },
{ "type": "Feature", "properties": { "CMUN": "29063", "NMUN": "Jimera de Líbar", "NPRO": "Málaga", "CPRO": "29", "stroke": "#aaaaaa", "stroke-width": 0.7, "stroke-opacity": 0.45 }, "geometry": { "type": "LineString", "coordinates": [ [ -5.24767, 36.68544 ], [ -5.266, 36.68211 ], [ -5.31626, 36.66208 ], [ -5.31569, 36.65011 ], [ -5.30427, 36.63867 ], [ -5.3128, 36.62723 ], [ -5.27198, 36.63323 ], [ -5.25119, 36.65371 ], [ -5.23937, 36.66149 ], [ -5.23958, 36.67033 ], [ -5.24767, 36.68544 ] ] } },
{ "type": "Feature", "properties": { "CMUN": "29064", "NMUN": "Jubrique", "NPRO": "Málaga", "CPRO": "29", "stroke": "#aaaaaa", "stroke-width": 0.7, "stroke-opacity": 0.45 }, "geometry": { "type": "LineString", "coordinates": [ [ -5.22908, 36.60269 ], [ -5.2329, 36.59871 ], [ -5.23542, 36.59605 ], [ -5.24633, 36.57748 ], [ -5.25283, 36.56737 ], [ -5.25671, 36.55881 ], [ -5.24367, 36.55787 ], [ -5.23138, 36.54957 ], [ -5.21587, 36.55035 ], [ -5.20116, 36.53068 ], [ -5.18248, 36.51864 ], [ -5.16177, 36.53514 ], [ -5.16833, 36.55646 ], [ -5.16492, 36.56924 ], [ -5.16897, 36.57758 ], [ -5.20263, 36.58115 ], [ -5.21777, 36.5962 ], [ -5.22908, 36.60269 ] ] } },
{ "type": "Feature", "properties": { "CMUN": "29065", "NMUN": "Júzcar", "NPRO": "Málaga", "CPRO": "29", "stroke": "#aaaaaa", "stroke-width": 0.7, "stroke-opacity": 0.45 }, "geometry": { "type": "LineString", "coordinates": [ [ -5.1556, 36.62138 ], [ -5.16158, 36.62543 ], [ -5.16187, 36.6376 ], [ -5.18057, 36.65943 ], [ -5.18271, 36.67351 ], [ -5.18959, 36.67007 ], [ -5.19698, 36.65037 ], [ -5.19186, 36.6485 ], [ -5.18144, 36.62813 ], [ -5.17878, 36.61335 ], [ -5.18082, 36.59354 ], [ -5.1628, 36.58729 ], [ -5.16897, 36.57758 ], [ -5.16492, 36.56924 ], [ -5.16833, 36.55646 ], [ -5.16177, 36.53514 ], [ -5.14705, 36.5347 ], [ -5.1401, 36.52999 ], [ -5.12069, 36.54337 ], [ -5.13367, 36.56074 ], [ -5.14078, 36.5637 ], [ -5.13895, 36.58453 ], [ -5.15481, 36.59246 ], [ -5.1529, 36.60287 ], [ -5.16583, 36.60868 ], [ -5.1556, 36.62138 ] ] } },
{ "type": "Feature", "properties": { "CMUN": "29066", "NMUN": "Macharaviaya", "NPRO": "Málaga", "CPRO": "29", "stroke": "#aaaaaa", "stroke-width": 0.7, "stroke-opacity": 0.45 }, "geometry": { "type": "LineString", "coordinates": [ [ -4.23775, 36.75885 ], [ -4.23235, 36.75655 ], [ -4.21076, 36.75386 ], [ -4.20937, 36.78076 ], [ -4.21283, 36.79278 ], [ -4.2201, 36.78262 ], [ -4.23797, 36.78107 ], [ -4.23491, 36.7669 ], [ -4.23775, 36.75885 ] ] } },
{ "type": "Feature", "properties": { "CMUN": "29067", "NMUN": "Málaga", "NPRO": "Málaga", "CPRO": "29", "stroke": "#aaaaaa", "stroke-width": 0.7, "stroke-opacity": 0.45 }, "geometry": { "type": "MultiLineString", "coordinates": [ [ [ -4.53543, 36.6411 ], [ -4.53036, 36.63542 ], [ -4.50403, 36.64195 ], [ -4.49622, 36.65203 ], [ -4.47531, 36.64647 ], [ -4.45468, 36.66405 ], [ -4.43724, 36.6962 ], [ -4.41879, 36.71693 ], [ -4.41084, 36.7158 ], [ -4.39375, 36.72234 ], [ -4.34828, 36.71645 ], [ -4.33972, 36.71257 ], [ -4.31465, 36.71278 ], [ -4.31881, 36.73093 ], [ -4.30429, 36.73868 ], [ -4.31387, 36.73819 ], [ -4.31572, 36.74844 ], [ -4.30499, 36.75564 ], [ -4.30312, 36.77461 ], [ -4.29567, 36.77794 ], [ -4.29017, 36.78575 ], [ -4.29293, 36.79662 ], [ -4.28171, 36.80533 ], [ -4.27289, 36.81948 ], [ -4.26194, 36.82129 ], [ -4.26131, 36.83134 ], [ -4.28003, 36.83215 ], [ -4.29192, 36.84629 ], [ -4.28697, 36.85845 ], [ -4.2985, 36.86189 ], [ -4.3188, 36.86089 ], [ -4.32976, 36.8749 ], [ -4.37115, 36.89328 ], [ -4.38031, 36.88023 ], [ -4.3834, 36.85687 ], [ -4.39678, 36.8447 ], [ -4.41027, 36.85056 ], [ -4.42572, 36.85108 ], [ -4.44831, 36.84027 ], [ -4.4657, 36.84967 ], [ -4.46299, 36.84271 ], [ -4.46694, 36.81317 ], [ -4.49342, 36.80118 ], [ -4.50392, 36.78657 ], [ -4.52478, 36.78052 ], [ -4.53979, 36.77125 ], [ -4.55345, 36.77159 ], [ -4.56095, 36.78159 ], [ -4.58789, 36.78411 ], [ -4.58063, 36.76535 ], [ -4.58597, 36.7398 ], [ -4.57708, 36.73124 ], [ -4.57751, 36.71898 ], [ -4.56898, 36.71666 ], [ -4.56129, 36.70928 ], [ -4.56069, 36.701 ], [ -4.53754, 36.69715 ], [ -4.52152, 36.68046 ], [ -4.52837, 36.66654 ], [ -4.52972, 36.65136 ], [ -4.53543, 36.6411 ] ], [ [ -4.27477, 36.77722 ], [ -4.27344, 36.78412 ], [ -4.2789, 36.78627 ], [ -4.29338, 36.77717 ], [ -4.28454, 36.77251 ], [ -4.27477, 36.77722 ] ] ] } },
{ "type": "Feature", "properties": { "CMUN": "29068", "NMUN": "Manilva", "NPRO": "Málaga", "CPRO": "29", "stroke": "#aaaaaa", "stroke-width": 0.7, "stroke-opacity": 0.45 }, "geometry": { "type": "LineString", "coordinates": [ [ -5.25236, 36.31126 ], [ -5.247, 36.31097 ], [ -5.23334, 36.34728 ], [ -5.22167, 36.37226 ], [ -5.25826, 36.38943 ], [ -5.25866, 36.38959 ], [ -5.26483, 36.38248 ], [ -5.27558, 36.38316 ], [ -5.28202, 36.36871 ], [ -5.29558, 36.35847 ], [ -5.30482, 36.3411 ], [ -5.3202, 36.32597 ], [ -5.32008, 36.32507 ], [ -5.29131, 36.33679 ], [ -5.27766, 36.33707 ], [ -5.26785, 36.32418 ], [ -5.2595, 36.32235 ], [ -5.25236, 36.31126 ] ] } },
{ "type": "Feature", "properties": { "CMUN": "29069", "NMUN": "Marbella", "NPRO": "Málaga", "CPRO": "29", "stroke": "#aaaaaa", "stroke-width": 0.7, "stroke-opacity": 0.45 }, "geometry": { "type": "LineString", "coordinates": [ [ -5.00555, 36.45954 ], [ -4.97561, 36.47804 ], [ -4.95439, 36.48595 ], [ -4.93481, 36.49986 ], [ -4.91341, 36.50534 ], [ -4.87813, 36.50765 ], [ -4.85764, 36.50727 ], [ -4.84244, 36.50271 ], [ -4.81357, 36.49845 ], [ -4.77245, 36.48866 ], [ -4.741, 36.48418 ], [ -4.73203, 36.48644 ], [ -4.73663, 36.49753 ], [ -4.73732, 36.49774 ], [ -4.73095, 36.51353 ], [ -4.7354, 36.52124 ], [ -4.77364, 36.53762 ], [ -4.80261, 36.54679 ], [ -4.8092, 36.54165 ], [ -4.82323, 36.53941 ], [ -4.84492, 36.53092 ], [ -4.86569, 36.53182 ], [ -4.888, 36.54788 ], [ -4.89953, 36.55025 ], [ -4.91446, 36.54801 ], [ -4.92202, 36.55483 ], [ -4.93864, 36.54306 ], [ -4.95813, 36.53745 ], [ -4.97059, 36.5369 ], [ -4.98669, 36.52166 ], [ -4.98961, 36.50928 ], [ -5.01215, 36.49751 ], [ -5.01487, 36.49305 ], [ -5.00555, 36.45954 ] ] } },
{ "type": "Feature", "properties": { "CMUN": "29070", "NMUN": "Mijas", "NPRO": "Málaga", "CPRO": "29", "stroke": "#aaaaaa", "stroke-width": 0.7, "stroke-opacity": 0.45 }, "geometry": { "type": "LineString", "coordinates": [ [ -4.73203, 36.48644 ], [ -4.71296, 36.48726 ], [ -4.69127, 36.49172 ], [ -4.67641, 36.50354 ], [ -4.66163, 36.50673 ], [ -4.63813, 36.50708 ], [ -4.62935, 36.51908 ], [ -4.63643, 36.52886 ], [ -4.62997, 36.53671 ], [ -4.63241, 36.54391 ], [ -4.62198, 36.56729 ], [ -4.6042, 36.58758 ], [ -4.59557, 36.58757 ], [ -4.59217, 36.59782 ], [ -4.59704, 36.61183 ], [ -4.62199, 36.6253 ], [ -4.62916, 36.62042 ], [ -4.6392, 36.62376 ], [ -4.64405, 36.61234 ], [ -4.67693, 36.61616 ], [ -4.70191, 36.60443 ], [ -4.72709, 36.59686 ], [ -4.77162, 36.59119 ], [ -4.77681, 36.57605 ], [ -4.77386, 36.56359 ], [ -4.75071, 36.54659 ], [ -4.74867, 36.53891 ], [ -4.7354, 36.52124 ], [ -4.73095, 36.51353 ], [ -4.73732, 36.49774 ], [ -4.73663, 36.49753 ], [ -4.73203, 36.48644 ] ] } },
{ "type": "Feature", "properties": { "CMUN": "29071", "NMUN": "Moclinejo", "NPRO": "Málaga", "CPRO": "29", "stroke": "#aaaaaa", "stroke-width": 0.7, "stroke-opacity": 0.45 }, "geometry": { "type": "LineString", "coordinates": [ [ -4.23775, 36.75885 ], [ -4.23491, 36.7669 ], [ -4.23797, 36.78107 ], [ -4.24358, 36.78585 ], [ -4.26284, 36.78843 ], [ -4.27344, 36.78412 ], [ -4.27477, 36.77722 ], [ -4.27718, 36.76699 ], [ -4.28593, 36.75291 ], [ -4.27295, 36.74775 ], [ -4.25798, 36.7532 ], [ -4.24555, 36.75266 ], [ -4.23775, 36.75885 ] ] } },
{ "type": "Feature", "properties": { "CMUN": "29072", "NMUN": "Mollina", "NPRO": "Málaga", "CPRO": "29", "stroke": "#aaaaaa", "stroke-width": 0.7, "stroke-opacity": 0.45 }, "geometry": { "type": "LineString", "coordinates": [ [ -4.64015, 37.09175 ], [ -4.62047, 37.07278 ], [ -4.60595, 37.08237 ], [ -4.60788, 37.09168 ], [ -4.61953, 37.10429 ], [ -4.62438, 37.11707 ], [ -4.61218, 37.11746 ], [ -4.60931, 37.15022 ], [ -4.59982, 37.1563 ], [ -4.61464, 37.16398 ], [ -4.61923, 37.18219 ], [ -4.63556, 37.20174 ], [ -4.65614, 37.19584 ], [ -4.67523, 37.1943 ], [ -4.68279, 37.18822 ], [ -4.68418, 37.17745 ], [ -4.69226, 37.15889 ], [ -4.6855, 37.14894 ], [ -4.69246, 37.14424 ], [ -4.69245, 37.12499 ], [ -4.68807, 37.11377 ], [ -4.66962, 37.10633 ], [ -4.6554, 37.10383 ], [ -4.64015, 37.09175 ] ] } },
{ "type": "Feature", "properties": { "CMUN": "29073", "NMUN": "Monda", "NPRO": "Málaga", "CPRO": "29", "stroke": "#aaaaaa", "stroke-width": 0.7, "stroke-opacity": 0.45 }, "geometry": { "type": "LineString", "coordinates": [ [ -4.80813, 36.64946 ], [ -4.8108, 36.65487 ], [ -4.82557, 36.65705 ], [ -4.83706, 36.6484 ], [ -4.85805, 36.65142 ], [ -4.87161, 36.66062 ], [ -4.8899, 36.65795 ], [ -4.91236, 36.65 ], [ -4.9166, 36.63893 ], [ -4.91341, 36.6242 ], [ -4.90173, 36.61268 ], [ -4.89301, 36.60949 ], [ -4.88432, 36.60264 ], [ -4.86612, 36.60633 ], [ -4.8499, 36.5988 ], [ -4.83337, 36.59719 ], [ -4.82639, 36.58801 ], [ -4.80929, 36.59283 ], [ -4.80757, 36.60708 ], [ -4.80201, 36.61602 ], [ -4.79896, 36.631 ], [ -4.80127, 36.63828 ], [ -4.80168, 36.63958 ], [ -4.80637, 36.64553 ], [ -4.80813, 36.64946 ] ] } },
{ "type": "Feature", "properties": { "CMUN": "29074", "NMUN": "Montejaque", "NPRO": "Málaga", "CPRO": "29", "stroke": "#aaaaaa", "stroke-width": 0.7, "stroke-opacity": 0.45 }, "geometry": { "type": "LineString", "coordinates": [ [ -5.22718, 36.74469 ], [ -5.22826, 36.75456 ], [ -5.2407, 36.75959 ], [ -5.25071, 36.75532 ], [ -5.26614, 36.76262 ], [ -5.29529, 36.76435 ], [ -5.30712, 36.75174 ], [ -5.31227, 36.73631 ], [ -5.32499, 36.72419 ], [ -5.32804, 36.70013 ], [ -5.31961, 36.6882 ], [ -5.32968, 36.68192 ], [ -5.32403, 36.67334 ], [ -5.30296, 36.68521 ], [ -5.24905, 36.73173 ], [ -5.23772, 36.73564 ], [ -5.22718, 36.74469 ] ] } },
{ "type": "Feature", "properties": { "CMUN": "29075", "NMUN": "Nerja", "NPRO": "Málaga", "CPRO": "29", "stroke": "#aaaaaa", "stroke-width": 0.7, "stroke-opacity": 0.45 }, "geometry": { "type": "LineString", "coordinates": [ [ -3.91068, 36.74217 ], [ -3.87972, 36.74169 ], [ -3.86308, 36.75162 ], [ -3.84858, 36.75068 ], [ -3.83509, 36.754 ], [ -3.79205, 36.74628 ], [ -3.77744, 36.73792 ], [ -3.78228, 36.76445 ], [ -3.76606, 36.78899 ], [ -3.76814, 36.80196 ], [ -3.7865, 36.81238 ], [ -3.79061, 36.82069 ], [ -3.79609, 36.83154 ], [ -3.8152, 36.84184 ], [ -3.83405, 36.83553 ], [ -3.84773, 36.83581 ], [ -3.86036, 36.82354 ], [ -3.86562, 36.79682 ], [ -3.88356, 36.78785 ], [ -3.87609, 36.76473 ], [ -3.87839, 36.75779 ], [ -3.89356, 36.7652 ], [ -3.91301, 36.76446 ], [ -3.91068, 36.74217 ] ] } },
{ "type": "Feature", "properties": { "CMUN": "29076", "NMUN": "Ojén", "NPRO": "Málaga", "CPRO": "29", "stroke": "#aaaaaa", "stroke-width": 0.7, "stroke-opacity": 0.45 }, "geometry": { "type": "LineString", "coordinates": [ [ -4.77162, 36.59119 ], [ -4.78419, 36.59646 ], [ -4.79689, 36.59198 ], [ -4.80929, 36.59283 ], [ -4.82639, 36.58801 ], [ -4.83337, 36.59719 ], [ -4.8499, 36.5988 ], [ -4.86612, 36.60633 ], [ -4.88432, 36.60264 ], [ -4.89301, 36.60949 ], [ -4.90348, 36.59731 ], [ -4.92202, 36.55483 ], [ -4.91446, 36.54801 ], [ -4.89953, 36.55025 ], [ -4.888, 36.54788 ], [ -4.86569, 36.53182 ], [ -4.84492, 36.53092 ], [ -4.82323, 36.53941 ], [ -4.8092, 36.54165 ], [ -4.80261, 36.54679 ], [ -4.77364, 36.53762 ], [ -4.7354, 36.52124 ], [ -4.74867, 36.53891 ], [ -4.75071, 36.54659 ], [ -4.77386, 36.56359 ], [ -4.77681, 36.57605 ], [ -4.77162, 36.59119 ] ] } },
{ "type": "Feature", "properties": { "CMUN": "29077", "NMUN": "Parauta", "NPRO": "Málaga", "CPRO": "29", "stroke": "#aaaaaa", "stroke-width": 0.7, "stroke-opacity": 0.45 }, "geometry": { "type": "LineString", "coordinates": [ [ -5.02448, 36.68567 ], [ -5.03166, 36.68816 ], [ -5.06116, 36.68468 ], [ -5.07143, 36.68003 ], [ -5.09208, 36.6947 ], [ -5.10202, 36.69757 ], [ -5.1288, 36.6814 ], [ -5.12834, 36.67283 ], [ -5.13962, 36.6668 ], [ -5.14796, 36.65554 ], [ -5.14625, 36.64587 ], [ -5.13562, 36.63839 ], [ -5.12629, 36.63926 ], [ -5.10241, 36.65959 ], [ -5.07669, 36.65449 ], [ -5.05106, 36.63519 ], [ -5.04282, 36.64243 ], [ -5.02127, 36.6534 ], [ -5.01695, 36.66049 ], [ -5.03071, 36.66941 ], [ -5.02448, 36.68567 ] ] } },
{ "type": "Feature", "properties": { "CMUN": "29079", "NMUN": "Periana", "NPRO": "Málaga", "CPRO": "29", "stroke": "#aaaaaa", "stroke-width": 0.7, "stroke-opacity": 0.45 }, "geometry": { "type": "LineString", "coordinates": [ [ -4.16219, 36.90221 ], [ -4.16216, 36.9187 ], [ -4.14251, 36.93879 ], [ -4.13895, 36.95225 ], [ -4.16664, 36.95708 ], [ -4.19309, 36.98045 ], [ -4.21926, 36.97036 ], [ -4.21691, 36.95543 ], [ -4.24381, 36.94358 ], [ -4.25421, 36.9347 ], [ -4.23873, 36.92808 ], [ -4.23522, 36.9153 ], [ -4.20927, 36.89825 ], [ -4.21129, 36.89232 ], [ -4.20664, 36.88687 ], [ -4.18286, 36.88678 ], [ -4.1695, 36.89147 ], [ -4.16219, 36.90221 ] ] } },
{ "type": "Feature", "properties": { "CMUN": "29080", "NMUN": "Pizarra", "NPRO": "Málaga", "CPRO": "29", "stroke": "#aaaaaa", "stroke-width": 0.7, "stroke-opacity": 0.45 }, "geometry": { "type": "LineString", "coordinates": [ [ -4.65069, 36.78689 ], [ -4.6763, 36.79143 ], [ -4.68474, 36.79913 ], [ -4.7246, 36.79341 ], [ -4.7372, 36.80207 ], [ -4.74329, 36.79631 ], [ -4.75622, 36.79909 ], [ -4.76147, 36.78158 ], [ -4.77584, 36.76435 ], [ -4.75933, 36.75675 ], [ -4.75485, 36.74846 ], [ -4.74719, 36.74215 ], [ -4.74576, 36.74255 ], [ -4.74235, 36.74123 ], [ -4.74139, 36.74272 ], [ -4.73747, 36.73864 ], [ -4.72171, 36.73981 ], [ -4.70406, 36.73763 ], [ -4.6943, 36.7263 ], [ -4.68337, 36.72343 ], [ -4.65869, 36.74432 ], [ -4.6562, 36.75475 ], [ -4.64832, 36.76095 ], [ -4.65148, 36.77085 ], [ -4.65069, 36.78689 ] ] } },
{ "type": "Feature", "properties": { "CMUN": "29081", "NMUN": "Pujerra", "NPRO": "Málaga", "CPRO": "29", "stroke": "#aaaaaa", "stroke-width": 0.7, "stroke-opacity": 0.45 }, "geometry": { "type": "LineString", "coordinates": [ [ -5.14656, 36.62227 ], [ -5.1556, 36.62138 ], [ -5.16583, 36.60868 ], [ -5.1529, 36.60287 ], [ -5.15481, 36.59246 ], [ -5.13895, 36.58453 ], [ -5.14078, 36.5637 ], [ -5.13367, 36.56074 ], [ -5.12069, 36.54337 ], [ -5.10627, 36.55921 ], [ -5.09965, 36.57226 ], [ -5.10654, 36.58999 ], [ -5.11839, 36.60308 ], [ -5.12318, 36.613 ], [ -5.14656, 36.62227 ] ] } },
{ "type": "Feature", "properties": { "CMUN": "29082", "NMUN": "Rincón de la Victoria", "NPRO": "Málaga", "CPRO": "29", "stroke": "#aaaaaa", "stroke-width": 0.7, "stroke-opacity": 0.45 }, "geometry": { "type": "LineString", "coordinates": [ [ -4.31465, 36.71278 ], [ -4.28275, 36.71396 ], [ -4.24917, 36.71011 ], [ -4.23267, 36.71231 ], [ -4.23149, 36.72577 ], [ -4.23185, 36.72775 ], [ -4.23845, 36.73656 ], [ -4.23235, 36.75655 ], [ -4.23775, 36.75885 ], [ -4.24555, 36.75266 ], [ -4.25798, 36.7532 ], [ -4.27295, 36.74775 ], [ -4.28593, 36.75291 ], [ -4.29739, 36.7407 ], [ -4.30429, 36.73868 ], [ -4.31881, 36.73093 ], [ -4.31465, 36.71278 ] ] } },
{ "type": "Feature", "properties": { "CMUN": "29083", "NMUN": "Riogordo", "NPRO": "Málaga", "CPRO": "29", "stroke": "#aaaaaa", "stroke-width": 0.7, "stroke-opacity": 0.45 }, "geometry": { "type": "LineString", "coordinates": [ [ -4.25421, 36.9347 ], [ -4.26679, 36.94002 ], [ -4.26842, 36.95454 ], [ -4.2799, 36.96212 ], [ -4.29319, 36.96513 ], [ -4.31841, 36.95491 ], [ -4.30622, 36.93725 ], [ -4.3156, 36.9327 ], [ -4.31159, 36.92017 ], [ -4.30247, 36.92285 ], [ -4.29474, 36.91256 ], [ -4.30589, 36.91116 ], [ -4.29469, 36.89873 ], [ -4.29418, 36.88712 ], [ -4.27813, 36.86984 ], [ -4.27374, 36.88177 ], [ -4.25985, 36.88862 ], [ -4.25994, 36.89271 ], [ -4.25689, 36.89942 ], [ -4.24096, 36.90845 ], [ -4.23522, 36.9153 ], [ -4.23873, 36.92808 ], [ -4.25421, 36.9347 ] ] } },
{ "type": "Feature", "properties": { "CMUN": "29084", "NMUN": "Ronda", "NPRO": "Málaga", "CPRO": "29", "stroke": "#aaaaaa", "stroke-width": 0.7, "stroke-opacity": 0.45 }, "geometry": { "type": "MultiLineString", "coordinates": [ [ [ -5.1288, 36.6814 ], [ -5.10202, 36.69757 ], [ -5.09208, 36.6947 ], [ -5.07143, 36.68003 ], [ -5.06116, 36.68468 ], [ -5.03166, 36.68816 ], [ -5.02448, 36.68567 ], [ -5.00514, 36.70493 ], [ -5.00013, 36.73382 ], [ -5.0051, 36.74495 ], [ -5.00751, 36.76182 ], [ -5.03109, 36.76714 ], [ -5.036, 36.77663 ], [ -5.03275, 36.79105 ], [ -5.00846, 36.80328 ], [ -4.99421, 36.82213 ], [ -5.00688, 36.83045 ], [ -5.00099, 36.84802 ], [ -5.0159, 36.84859 ], [ -5.0273, 36.87245 ], [ -5.03959, 36.86361 ], [ -5.0607, 36.84401 ], [ -5.07456, 36.85168 ], [ -5.06232, 36.86792 ], [ -5.07278, 36.87451 ], [ -5.07256, 36.8864 ], [ -5.06048, 36.89997 ], [ -5.09178, 36.92104 ], [ -5.09293, 36.91169 ], [ -5.08677, 36.90509 ], [ -5.10508, 36.89794 ], [ -5.11249, 36.87383 ], [ -5.1333, 36.8391 ], [ -5.15427, 36.83208 ], [ -5.17041, 36.82355 ], [ -5.18594, 36.82773 ], [ -5.20175, 36.83842 ], [ -5.22201, 36.84272 ], [ -5.22212, 36.85021 ], [ -5.23109, 36.86117 ], [ -5.2413, 36.86195 ], [ -5.2667, 36.87573 ], [ -5.26978, 36.88421 ], [ -5.28953, 36.8732 ], [ -5.27688, 36.86489 ], [ -5.28033, 36.84695 ], [ -5.24879, 36.83992 ], [ -5.24099, 36.83053 ], [ -5.24578, 36.81243 ], [ -5.25704, 36.81342 ], [ -5.26201, 36.79409 ], [ -5.27604, 36.80175 ], [ -5.27354, 36.77456 ], [ -5.29241, 36.77122 ], [ -5.29529, 36.76435 ], [ -5.26614, 36.76262 ], [ -5.25071, 36.75532 ], [ -5.2407, 36.75959 ], [ -5.22826, 36.75456 ], [ -5.22718, 36.74469 ], [ -5.21391, 36.72724 ], [ -5.21622, 36.71677 ], [ -5.23077, 36.70109 ], [ -5.23187, 36.69364 ], [ -5.21333, 36.6985 ], [ -5.18959, 36.67007 ], [ -5.18271, 36.67351 ], [ -5.16641, 36.6834 ], [ -5.16393, 36.6893 ], [ -5.13566, 36.68865 ], [ -5.1288, 36.6814 ] ], [ [ -5.11276, 36.78952 ], [ -5.13726, 36.79186 ], [ -5.13909, 36.77995 ], [ -5.15229, 36.78126 ], [ -5.15494, 36.79278 ], [ -5.14673, 36.8057 ], [ -5.13286, 36.81332 ], [ -5.1185, 36.80981 ], [ -5.12223, 36.80085 ], [ -5.11276, 36.78952 ] ] ] } },
{ "type": "Feature", "properties": { "CMUN": "29085", "NMUN": "Salares", "NPRO": "Málaga", "CPRO": "29", "stroke": "#aaaaaa", "stroke-width": 0.7, "stroke-opacity": 0.45 }, "geometry": { "type": "LineString", "coordinates": [ [ -4.02504, 36.83269 ], [ -4.01213, 36.84013 ], [ -4.00631, 36.85034 ], [ -4.00262, 36.86967 ], [ -3.98725, 36.88113 ], [ -3.99081, 36.89068 ], [ -3.9952, 36.88375 ], [ -4.00749, 36.88166 ], [ -4.02873, 36.86192 ], [ -4.03439, 36.83178 ], [ -4.02504, 36.83269 ] ] } },
{ "type": "Feature", "properties": { "CMUN": "29086", "NMUN": "Sayalonga", "NPRO": "Málaga", "CPRO": "29", "stroke": "#aaaaaa", "stroke-width": 0.7, "stroke-opacity": 0.45 }, "geometry": { "type": "LineString", "coordinates": [ [ -3.99345, 36.80207 ], [ -3.99534, 36.82075 ], [ -4.01428, 36.82995 ], [ -4.01783, 36.8258 ], [ -4.02413, 36.80511 ], [ -4.03583, 36.78448 ], [ -4.0227, 36.77844 ], [ -4.03031, 36.76966 ], [ -4.02232, 36.77215 ], [ -3.99591, 36.76919 ], [ -3.98497, 36.78408 ], [ -3.98715, 36.79002 ], [ -3.99345, 36.80207 ] ] } },
{ "type": "Feature", "properties": { "CMUN": "29087", "NMUN": "Sedella", "NPRO": "Málaga", "CPRO": "29", "stroke": "#aaaaaa", "stroke-width": 0.7, "stroke-opacity": 0.45 }, "geometry": { "type": "LineString", "coordinates": [ [ -3.99098, 36.89142 ], [ -3.99921, 36.88983 ], [ -4.01562, 36.89893 ], [ -4.03563, 36.90484 ], [ -4.04258, 36.90325 ], [ -4.03952, 36.88904 ], [ -4.05903, 36.87622 ], [ -4.06139, 36.86813 ], [ -4.08049, 36.84668 ], [ -4.10295, 36.833 ], [ -4.09118, 36.83043 ], [ -4.07073, 36.83292 ], [ -4.05569, 36.83055 ], [ -4.03439, 36.83178 ], [ -4.02873, 36.86192 ], [ -4.00749, 36.88166 ], [ -3.9952, 36.88375 ], [ -3.99081, 36.89068 ], [ -3.99098, 36.89142 ] ] } },
{ "type": "Feature", "properties": { "CMUN": "29088", "NMUN": "Sierra de Yeguas", "NPRO": "Málaga", "CPRO": "29", "stroke": "#aaaaaa", "stroke-width": 0.7, "stroke-opacity": 0.45 }, "geometry": { "type": "LineString", "coordinates": [ [ -4.90837, 37.11465 ], [ -4.82779, 37.09175 ], [ -4.82332, 37.09847 ], [ -4.81117, 37.119 ], [ -4.78568, 37.1568 ], [ -4.79599, 37.15429 ], [ -4.8153, 37.18052 ], [ -4.82591, 37.2007 ], [ -4.85387, 37.19858 ], [ -4.8589, 37.19071 ], [ -4.8567, 37.17357 ], [ -4.8755, 37.15819 ], [ -4.89762, 37.15603 ], [ -4.89783, 37.17036 ], [ -4.90403, 37.17522 ], [ -4.9396, 37.1757 ], [ -4.94267, 37.15759 ], [ -4.91202, 37.14408 ], [ -4.90284, 37.13759 ], [ -4.90837, 37.11465 ] ] } },
{ "type": "Feature", "properties": { "CMUN": "29089", "NMUN": "Teba", "NPRO": "Málaga", "CPRO": "29", "stroke": "#aaaaaa", "stroke-width": 0.7, "stroke-opacity": 0.45 }, "geometry": { "type": "LineString", "coordinates": [ [ -4.8498, 36.92585 ], [ -4.85575, 36.93992 ], [ -4.85212, 36.95804 ], [ -4.86432, 36.96565 ], [ -4.85882, 36.98353 ], [ -4.84484, 36.97794 ], [ -4.83276, 36.97752 ], [ -4.85332, 36.99651 ], [ -4.87238, 37.01041 ], [ -4.91545, 37.01721 ], [ -4.91677, 37.02559 ], [ -4.93314, 37.03722 ], [ -4.94887, 37.03978 ], [ -4.96921, 37.04965 ], [ -4.98829, 37.06458 ], [ -4.99133, 37.03109 ], [ -4.99558, 37.01667 ], [ -4.99169, 37.00561 ], [ -5.00395, 36.98295 ], [ -4.99621, 36.97158 ], [ -4.98001, 36.96316 ], [ -4.97927, 36.95517 ], [ -4.97053, 36.93762 ], [ -4.9525, 36.92827 ], [ -4.93817, 36.92583 ], [ -4.92967, 36.90624 ], [ -4.91136, 36.90703 ], [ -4.89014, 36.91666 ], [ -4.88224, 36.92386 ], [ -4.86702, 36.9277 ], [ -4.8498, 36.92585 ] ] } },
{ "type": "Feature", "properties": { "CMUN": "29090", "NMUN": "Tolox", "NPRO": "Málaga", "CPRO": "29", "stroke": "#aaaaaa", "stroke-width": 0.7, "stroke-opacity": 0.45 }, "geometry": { "type": "LineString", "coordinates": [ [ -4.84617, 36.6943 ], [ -4.86127, 36.70354 ], [ -4.87417, 36.71568 ], [ -4.89092, 36.71426 ], [ -4.89814, 36.70902 ], [ -4.9282, 36.70626 ], [ -4.94264, 36.70965 ], [ -4.95885, 36.70193 ], [ -4.97311, 36.70353 ], [ -4.99204, 36.71139 ], [ -5.00514, 36.70493 ], [ -5.02448, 36.68567 ], [ -5.03071, 36.66941 ], [ -5.01695, 36.66049 ], [ -5.00009, 36.65082 ], [ -4.99377, 36.64196 ], [ -4.97174, 36.64461 ], [ -4.94372, 36.63675 ], [ -4.9166, 36.63893 ], [ -4.91236, 36.65 ], [ -4.8899, 36.65795 ], [ -4.87161, 36.66062 ], [ -4.86515, 36.68286 ], [ -4.84617, 36.6943 ] ] } },
{ "type": "Feature", "properties": { "CMUN": "29091", "NMUN": "Torrox", "NPRO": "Málaga", "CPRO": "29", "stroke": "#aaaaaa", "stroke-width": 0.7, "stroke-opacity": 0.45 }, "geometry": { "type": "LineString", "coordinates": [ [ -4.00134, 36.7398 ], [ -3.95768, 36.72643 ], [ -3.92029, 36.74081 ], [ -3.91068, 36.74217 ], [ -3.91301, 36.76446 ], [ -3.92152, 36.77686 ], [ -3.92382, 36.791 ], [ -3.93276, 36.80021 ], [ -3.92814, 36.81494 ], [ -3.94481, 36.81172 ], [ -3.96216, 36.79812 ], [ -3.96825, 36.78542 ], [ -3.98715, 36.79002 ], [ -3.98497, 36.78408 ], [ -3.99591, 36.76919 ], [ -4.00134, 36.75596 ], [ -4.00134, 36.7398 ] ] } },
{ "type": "Feature", "properties": { "CMUN": "29092", "NMUN": "Totalán", "NPRO": "Málaga", "CPRO": "29", "stroke": "#aaaaaa", "stroke-width": 0.7, "stroke-opacity": 0.45 }, "geometry": { "type": "LineString", "coordinates": [ [ -4.29567, 36.77794 ], [ -4.30312, 36.77461 ], [ -4.30499, 36.75564 ], [ -4.31572, 36.74844 ], [ -4.31387, 36.73819 ], [ -4.30429, 36.73868 ], [ -4.29739, 36.7407 ], [ -4.28593, 36.75291 ], [ -4.27718, 36.76699 ], [ -4.27477, 36.77722 ], [ -4.28454, 36.77251 ], [ -4.29338, 36.77717 ], [ -4.29567, 36.77794 ] ] } },
{ "type": "Feature", "properties": { "CMUN": "29093", "NMUN": "Valle de Abdalajís", "NPRO": "Málaga", "CPRO": "29", "stroke": "#aaaaaa", "stroke-width": 0.7, "stroke-opacity": 0.45 }, "geometry": { "type": "LineString", "coordinates": [ [ -4.683, 36.91519 ], [ -4.6716, 36.91141 ], [ -4.65801, 36.9172 ], [ -4.65347, 36.93312 ], [ -4.64001, 36.95164 ], [ -4.63943, 36.95877 ], [ -4.67089, 36.95951 ], [ -4.68806, 36.9549 ], [ -4.71343, 36.94257 ], [ -4.71202, 36.93249 ], [ -4.6997, 36.9307 ], [ -4.683, 36.91519 ] ] } },
{ "type": "Feature", "properties": { "CMUN": "29094", "NMUN": "Vélez-Málaga", "NPRO": "Málaga", "CPRO": "29", "stroke": "#aaaaaa", "stroke-width": 0.7, "stroke-opacity": 0.45 }, "geometry": { "type": "MultiLineString", "coordinates": [ [ [ -4.04169, 36.74415 ], [ -4.0249, 36.7441 ], [ -4.00134, 36.7398 ], [ -4.00134, 36.75596 ], [ -3.99591, 36.76919 ], [ -4.02232, 36.77215 ], [ -4.03031, 36.76966 ], [ -4.04169, 36.74415 ] ], [ [ -4.23267, 36.71231 ], [ -4.19555, 36.71544 ], [ -4.17627, 36.71527 ], [ -4.16423, 36.71933 ], [ -4.11274, 36.72454 ], [ -4.10128, 36.72831 ], [ -4.07882, 36.74723 ], [ -4.05978, 36.74764 ], [ -4.05699, 36.77277 ], [ -4.05493, 36.78573 ], [ -4.06413, 36.78859 ], [ -4.07379, 36.80306 ], [ -4.0734, 36.81684 ], [ -4.08056, 36.82237 ], [ -4.09542, 36.82423 ], [ -4.10612, 36.83031 ], [ -4.12719, 36.83038 ], [ -4.13821, 36.84292 ], [ -4.15263, 36.84202 ], [ -4.18831, 36.85683 ], [ -4.1871, 36.84293 ], [ -4.18087, 36.83019 ], [ -4.18277, 36.81645 ], [ -4.18246, 36.80975 ], [ -4.19652, 36.80906 ], [ -4.20905, 36.80144 ], [ -4.20932, 36.79349 ], [ -4.17928, 36.79424 ], [ -4.16329, 36.80156 ], [ -4.15472, 36.79737 ], [ -4.15065, 36.78797 ], [ -4.1671, 36.76991 ], [ -4.17545, 36.77113 ], [ -4.19573, 36.77149 ], [ -4.20937, 36.78076 ], [ -4.21076, 36.75386 ], [ -4.23235, 36.75655 ], [ -4.23845, 36.73656 ], [ -4.23185, 36.72775 ], [ -4.23149, 36.72577 ], [ -4.23267, 36.71231 ] ] ] } },
{ "type": "Feature", "properties": { "CMUN": "29095", "NMUN": "Villanueva de Algaidas", "NPRO": "Málaga", "CPRO": "29", "stroke": "#aaaaaa", "stroke-width": 0.7, "stroke-opacity": 0.45 }, "geometry": { "type": "LineString", "coordinates": [ [ -4.48376, 37.14789 ], [ -4.46995, 37.15031 ], [ -4.43693, 37.1479 ], [ -4.42717, 37.1547 ], [ -4.39654, 37.16318 ], [ -4.3837, 37.15527 ], [ -4.36967, 37.16053 ], [ -4.36626, 37.17022 ], [ -4.37234, 37.17932 ], [ -4.36449, 37.18726 ], [ -4.35458, 37.18982 ], [ -4.36923, 37.21465 ], [ -4.38501, 37.23826 ], [ -4.41673, 37.22525 ], [ -4.44343, 37.2194 ], [ -4.47582, 37.20336 ], [ -4.45731, 37.18584 ], [ -4.48313, 37.15823 ], [ -4.48376, 37.14789 ] ] } },
{ "type": "Feature", "properties": { "CMUN": "29096", "NMUN": "Villanueva del Rosario", "NPRO": "Málaga", "CPRO": "29", "stroke": "#aaaaaa", "stroke-width": 0.7, "stroke-opacity": 0.45 }, "geometry": { "type": "LineString", "coordinates": [ [ -4.43374, 37.02495 ], [ -4.42084, 37.00952 ], [ -4.38472, 37.00491 ], [ -4.36195, 36.98983 ], [ -4.34693, 36.96689 ], [ -4.32915, 36.96924 ], [ -4.31211, 36.98279 ], [ -4.29947, 36.99816 ], [ -4.32583, 37.00474 ], [ -4.34486, 37.01928 ], [ -4.3648, 37.0282 ], [ -4.38618, 37.04208 ], [ -4.41179, 37.04479 ], [ -4.42862, 37.03258 ], [ -4.43374, 37.02495 ] ] } },
{ "type": "Feature", "properties": { "CMUN": "29097", "NMUN": "Villanueva del Trabuco", "NPRO": "Málaga", "CPRO": "29", "stroke": "#aaaaaa", "stroke-width": 0.7, "stroke-opacity": 0.45 }, "geometry": { "type": "LineString", "coordinates": [ [ -4.38618, 37.04208 ], [ -4.3648, 37.0282 ], [ -4.34486, 37.01928 ], [ -4.32583, 37.00474 ], [ -4.29947, 36.99816 ], [ -4.27251, 37.0149 ], [ -4.27004, 37.02703 ], [ -4.27276, 37.04172 ], [ -4.281, 37.05672 ], [ -4.28284, 37.07144 ], [ -4.29634, 37.07266 ], [ -4.3114, 37.07971 ], [ -4.34112, 37.07384 ], [ -4.35423, 37.06312 ], [ -4.37527, 37.05337 ], [ -4.38618, 37.04208 ] ] } },
{ "type": "Feature", "properties": { "CMUN": "29098", "NMUN": "Villanueva de Tapia", "NPRO": "Málaga", "CPRO": "29", "stroke": "#aaaaaa", "stroke-width": 0.7, "stroke-opacity": 0.45 }, "geometry": { "type": "LineString", "coordinates": [ [ -4.32762, 37.18433 ], [ -4.33226, 37.19146 ], [ -4.32615, 37.20258 ], [ -4.34508, 37.21405 ], [ -4.36923, 37.21465 ], [ -4.35458, 37.18982 ], [ -4.36449, 37.18726 ], [ -4.37234, 37.17932 ], [ -4.36626, 37.17022 ], [ -4.35862, 37.1623 ], [ -4.34551, 37.15641 ], [ -4.32929, 37.15489 ], [ -4.32154, 37.15057 ], [ -4.30937, 37.153 ], [ -4.32336, 37.18073 ], [ -4.32762, 37.18433 ] ] } },
{ "type": "Feature", "properties": { "CMUN": "29099", "NMUN": "Viñuela", "NPRO": "Málaga", "CPRO": "29", "stroke": "#aaaaaa", "stroke-width": 0.7, "stroke-opacity": 0.45 }, "geometry": { "type": "LineString", "coordinates": [ [ -4.13509, 36.87771 ], [ -4.15109, 36.87631 ], [ -4.1498, 36.89118 ], [ -4.16219, 36.90221 ], [ -4.1695, 36.89147 ], [ -4.18286, 36.88678 ], [ -4.20664, 36.88687 ], [ -4.20887, 36.87861 ], [ -4.18831, 36.85683 ], [ -4.15263, 36.84202 ], [ -4.13821, 36.84292 ], [ -4.12719, 36.83038 ], [ -4.11299, 36.83703 ], [ -4.1307, 36.84968 ], [ -4.13553, 36.85652 ], [ -4.13509, 36.87771 ] ] } },
{ "type": "Feature", "properties": { "CMUN": "29100", "NMUN": "Yunquera", "NPRO": "Málaga", "CPRO": "29", "stroke": "#aaaaaa", "stroke-width": 0.7, "stroke-opacity": 0.45 }, "geometry": { "type": "LineString", "coordinates": [ [ -5.00514, 36.70493 ], [ -4.99204, 36.71139 ], [ -4.97311, 36.70353 ], [ -4.95885, 36.70193 ], [ -4.94264, 36.70965 ], [ -4.9282, 36.70626 ], [ -4.89814, 36.70902 ], [ -4.89092, 36.71426 ], [ -4.89406, 36.74295 ], [ -4.88893, 36.75128 ], [ -4.88637, 36.7705 ], [ -4.88797, 36.77203 ], [ -4.90056, 36.76895 ], [ -4.92226, 36.77231 ], [ -4.94254, 36.76669 ], [ -4.96505, 36.75437 ], [ -4.97342, 36.74681 ], [ -4.97089, 36.74041 ], [ -4.9855, 36.73137 ], [ -5.00013, 36.73382 ], [ -5.00514, 36.70493 ] ] } },
{ "type": "Feature", "properties": { "CMUN": "29901", "NMUN": "Torremolinos", "NPRO": "Málaga", "CPRO": "29", "stroke": "#aaaaaa", "stroke-width": 0.7, "stroke-opacity": 0.45 }, "geometry": { "type": "LineString", "coordinates": [ [ -4.56152, 36.62096 ], [ -4.54729, 36.62013 ], [ -4.53457, 36.607 ], [ -4.50949, 36.59933 ], [ -4.49236, 36.62503 ], [ -4.47531, 36.64647 ], [ -4.49622, 36.65203 ], [ -4.50403, 36.64195 ], [ -4.53036, 36.63542 ], [ -4.53543, 36.6411 ], [ -4.55039, 36.62724 ], [ -4.56152, 36.62096 ] ] } },
{ "type": "Feature", "properties": { "CMUN": "29902", "NMUN": "Villanueva de la Concepción", "NPRO": "Málaga", "CPRO": "29", "stroke": "#aaaaaa", "stroke-width": 0.7, "stroke-opacity": 0.45 }, "geometry": { "type": "LineString", "coordinates": [ [ -4.49225, 36.90752 ], [ -4.45985, 36.91054 ], [ -4.46162, 36.92078 ], [ -4.47669, 36.93866 ], [ -4.47698, 36.96252 ], [ -4.47277, 36.97219 ], [ -4.49405, 36.97312 ], [ -4.5235, 36.95603 ], [ -4.55483, 36.94526 ], [ -4.57751, 36.94822 ], [ -4.58242, 36.95847 ], [ -4.59355, 36.9572 ], [ -4.59747, 36.94824 ], [ -4.5831, 36.94157 ], [ -4.57803, 36.92127 ], [ -4.5988, 36.91388 ], [ -4.59744, 36.89367 ], [ -4.57675, 36.89251 ], [ -4.5518, 36.89954 ], [ -4.5366, 36.9001 ], [ -4.49225, 36.90752 ] ] } },
{ "type": "Feature", "properties": { "CMUN": "29903", "NMUN": "Montecorto", "NPRO": "Málaga", "CPRO": "29", "stroke": "#aaaaaa", "stroke-width": 0.7, "stroke-opacity": 0.45 }, "geometry": { "type": "LineString", "coordinates": [ [ -5.29241, 36.77122 ], [ -5.27354, 36.77456 ], [ -5.27604, 36.80175 ], [ -5.26201, 36.79409 ], [ -5.25704, 36.81342 ], [ -5.24578, 36.81243 ], [ -5.24099, 36.83053 ], [ -5.24879, 36.83992 ], [ -5.28033, 36.84695 ], [ -5.27688, 36.86489 ], [ -5.28953, 36.8732 ], [ -5.30158, 36.86964 ], [ -5.30577, 36.85812 ], [ -5.31403, 36.85627 ], [ -5.33251, 36.8386 ], [ -5.34071, 36.81942 ], [ -5.32633, 36.8049 ], [ -5.31984, 36.78674 ], [ -5.29095, 36.77518 ], [ -5.29241, 36.77122 ] ] } },
{ "type": "Feature", "properties": { "CMUN": "29904", "NMUN": "Serrato", "NPRO": "Málaga", "CPRO": "29", "stroke": "#aaaaaa", "stroke-width": 0.7, "stroke-opacity": 0.45 }, "geometry": { "type": "LineString", "coordinates": [ [ -4.95545, 36.87765 ], [ -4.97812, 36.88247 ], [ -4.97914, 36.88791 ], [ -5.00294, 36.89538 ], [ -5.00505, 36.8823 ], [ -5.0273, 36.87245 ], [ -5.0159, 36.84859 ], [ -5.00099, 36.84802 ], [ -5.00688, 36.83045 ], [ -4.99421, 36.82213 ], [ -4.99022, 36.82822 ], [ -4.97017, 36.83964 ], [ -4.95872, 36.86061 ], [ -4.95545, 36.87765 ] ] } },
{ "type": "Feature", "properties": { "CMUN": "41001", "NMUN": "Aguadulce", "NPRO": "Sevilla", "CPRO": "41", "stroke": "#aaaaaa", "stroke-width": 0.7, "stroke-opacity": 0.45 }, "geometry": { "type": "LineString", "coordinates": [ [ -5.00552, 37.26257 ], [ -5.0058, 37.24663 ], [ -4.9981, 37.24273 ], [ -4.98964, 37.22955 ], [ -4.98108, 37.22883 ], [ -4.96505, 37.24301 ], [ -4.95089, 37.24039 ], [ -4.95085, 37.25922 ], [ -4.95438, 37.26783 ], [ -4.98647, 37.25736 ], [ -4.98605, 37.26578 ], [ -5.00552, 37.26257 ] ] } },
{ "type": "Feature", "properties": { "CMUN": "41002", "NMUN": "Alanís", "NPRO": "Sevilla", "CPRO": "41", "stroke": "#aaaaaa", "stroke-width": 0.7, "stroke-opacity": 0.45 }, "geometry": { "type": "LineString", "coordinates": [ [ -5.51329, 37.98101 ], [ -5.49793, 37.99188 ], [ -5.49371, 38.00012 ], [ -5.48903, 38.02894 ], [ -5.49608, 38.04286 ], [ -5.52283, 38.06512 ], [ -5.52521, 38.07328 ], [ -5.53958, 38.08215 ], [ -5.53991, 38.09422 ], [ -5.55735, 38.10796 ], [ -5.58168, 38.11547 ], [ -5.58479, 38.13171 ], [ -5.63343, 38.13812 ], [ -5.64596, 38.12517 ], [ -5.66703, 38.10908 ], [ -5.66936, 38.10176 ], [ -5.69363, 38.08374 ], [ -5.71043, 38.08105 ], [ -5.7349, 38.08625 ], [ -5.7308, 38.07738 ], [ -5.74114, 38.05056 ], [ -5.74203, 38.03264 ], [ -5.75807, 38.01312 ], [ -5.75287, 38.0049 ], [ -5.76746, 37.99805 ], [ -5.72876, 37.97801 ], [ -5.72223, 37.97741 ], [ -5.69719, 37.96517 ], [ -5.67966, 37.95186 ], [ -5.66072, 37.96256 ], [ -5.67289, 37.98354 ], [ -5.65892, 38.01162 ], [ -5.63588, 38.00897 ], [ -5.61519, 38.02074 ], [ -5.60272, 38.01441 ], [ -5.59954, 37.98665 ], [ -5.58922, 37.98672 ], [ -5.57638, 37.98121 ], [ -5.54632, 37.98002 ], [ -5.51329, 37.98101 ] ] } },
{ "type": "Feature", "properties": { "CMUN": "41003", "NMUN": "Albaida del Aljarafe", "NPRO": "Sevilla", "CPRO": "41", "stroke": "#aaaaaa", "stroke-width": 0.7, "stroke-opacity": 0.45 }, "geometry": { "type": "LineString", "coordinates": [ [ -6.16947, 37.41539 ], [ -6.16044, 37.42374 ], [ -6.1654, 37.44404 ], [ -6.17733, 37.46561 ], [ -6.19812, 37.45151 ], [ -6.19382, 37.43986 ], [ -6.18506, 37.4221 ], [ -6.16947, 37.41539 ] ] } },
{ "type": "Feature", "properties": { "CMUN": "41004", "NMUN": "Alcalá de Guadaíra", "NPRO": "Sevilla", "CPRO": "41", "stroke": "#aaaaaa", "stroke-width": 0.7, "stroke-opacity": 0.45 }, "geometry": { "type": "LineString", "coordinates": [ [ -5.90841, 37.21338 ], [ -5.90596, 37.2095 ], [ -5.87657, 37.22272 ], [ -5.84821, 37.22697 ], [ -5.84237, 37.24408 ], [ -5.83328, 37.23508 ], [ -5.81276, 37.23459 ], [ -5.78806, 37.24569 ], [ -5.78259, 37.25393 ], [ -5.77338, 37.2495 ], [ -5.76072, 37.25037 ], [ -5.76107, 37.24181 ], [ -5.75459, 37.23178 ], [ -5.73765, 37.23692 ], [ -5.72038, 37.22335 ], [ -5.72718, 37.20398 ], [ -5.71333, 37.19449 ], [ -5.69229, 37.18793 ], [ -5.68523, 37.18935 ], [ -5.64955, 37.18682 ], [ -5.65861, 37.2119 ], [ -5.65052, 37.24741 ], [ -5.67406, 37.26389 ], [ -5.70636, 37.27562 ], [ -5.72015, 37.28414 ], [ -5.73368, 37.29813 ], [ -5.74109, 37.30245 ], [ -5.77495, 37.30814 ], [ -5.76603, 37.32293 ], [ -5.76611, 37.3354 ], [ -5.78557, 37.36124 ], [ -5.80992, 37.38609 ], [ -5.81929, 37.39036 ], [ -5.8475, 37.38808 ], [ -5.88599, 37.38739 ], [ -5.90467, 37.37701 ], [ -5.94297, 37.3681 ], [ -5.93859, 37.36208 ], [ -5.92746, 37.35463 ], [ -5.90382, 37.3286 ], [ -5.91578, 37.3086 ], [ -5.89103, 37.2819 ], [ -5.8876, 37.27988 ], [ -5.88488, 37.27831 ], [ -5.88324, 37.2768 ], [ -5.88445, 37.27495 ], [ -5.88707, 37.27198 ], [ -5.89063, 37.26899 ], [ -5.89256, 37.26743 ], [ -5.89361, 37.26685 ], [ -5.89359, 37.26563 ], [ -5.89366, 37.26494 ], [ -5.89374, 37.26167 ], [ -5.89339, 37.26005 ], [ -5.89782, 37.25592 ], [ -5.89636, 37.25366 ], [ -5.89559, 37.25172 ], [ -5.89558, 37.25009 ], [ -5.8956, 37.24966 ], [ -5.89607, 37.2479 ], [ -5.89653, 37.24536 ], [ -5.90071, 37.22988 ], [ -5.90103, 37.22933 ], [ -5.90138, 37.22839 ], [ -5.90305, 37.22738 ], [ -5.90367, 37.22608 ], [ -5.90443, 37.22566 ], [ -5.90527, 37.22563 ], [ -5.90601, 37.22586 ], [ -5.90726, 37.22647 ], [ -5.90931, 37.22578 ], [ -5.90981, 37.22465 ], [ -5.91004, 37.22429 ], [ -5.91344, 37.22184 ], [ -5.91525, 37.22135 ], [ -5.91678, 37.22086 ], [ -5.91808, 37.22022 ], [ -5.91948, 37.21897 ], [ -5.92026, 37.21856 ], [ -5.92088, 37.21797 ], [ -5.92133, 37.21654 ], [ -5.92154, 37.21479 ], [ -5.92213, 37.21264 ], [ -5.90841, 37.21338 ] ] } },
{ "type": "Feature", "properties": { "CMUN": "41005", "NMUN": "Alcalá del Río", "NPRO": "Sevilla", "CPRO": "41", "stroke": "#aaaaaa", "stroke-width": 0.7, "stroke-opacity": 0.45 }, "geometry": { "type": "LineString", "coordinates": [ [ -6.00344, 37.49118 ], [ -5.98611, 37.50573 ], [ -5.97753, 37.5019 ], [ -5.97642, 37.48998 ], [ -5.95488, 37.48684 ], [ -5.94319, 37.50365 ], [ -5.94591, 37.51372 ], [ -5.92856, 37.51877 ], [ -5.90853, 37.53733 ], [ -5.91981, 37.54117 ], [ -5.92308, 37.55257 ], [ -5.90365, 37.55433 ], [ -5.90618, 37.56508 ], [ -5.89521, 37.57165 ], [ -5.8992, 37.58559 ], [ -5.91871, 37.57815 ], [ -5.94069, 37.56928 ], [ -5.96385, 37.55651 ], [ -5.97184, 37.56971 ], [ -5.97961, 37.56907 ], [ -5.99315, 37.58952 ], [ -5.99721, 37.6125 ], [ -6.00221, 37.61979 ], [ -6.01577, 37.6156 ], [ -6.03061, 37.61848 ], [ -6.02566, 37.60059 ], [ -6.00761, 37.57125 ], [ -6.0104, 37.55778 ], [ -6.018, 37.54547 ], [ -6.016, 37.5246 ], [ -6.02189, 37.51947 ], [ -6.01758, 37.50517 ], [ -6.00344, 37.49118 ] ] } },
{ "type": "Feature", "properties": { "CMUN": "41006", "NMUN": "Alcolea del Río", "NPRO": "Sevilla", "CPRO": "41", "stroke": "#aaaaaa", "stroke-width": 0.7, "stroke-opacity": 0.45 }, "geometry": { "type": "LineString", "coordinates": [ [ -5.60197, 37.62071 ], [ -5.61217, 37.63439 ], [ -5.61086, 37.66082 ], [ -5.62168, 37.68343 ], [ -5.61611, 37.69936 ], [ -5.63343, 37.68614 ], [ -5.6397, 37.67672 ], [ -5.65776, 37.67005 ], [ -5.67149, 37.66096 ], [ -5.68829, 37.62741 ], [ -5.67391, 37.61466 ], [ -5.68278, 37.6081 ], [ -5.68515, 37.59728 ], [ -5.67155, 37.585 ], [ -5.65055, 37.58656 ], [ -5.65876, 37.59972 ], [ -5.65346, 37.61142 ], [ -5.64385, 37.61336 ], [ -5.62107, 37.60748 ], [ -5.61223, 37.61777 ], [ -5.60197, 37.62071 ] ] } },
{ "type": "Feature", "properties": { "CMUN": "41007", "NMUN": "Algaba, La", "NPRO": "Sevilla", "CPRO": "41", "stroke": "#aaaaaa", "stroke-width": 0.7, "stroke-opacity": 0.45 }, "geometry": { "type": "LineString", "coordinates": [ [ -6.01019, 37.44322 ], [ -6.00558, 37.45742 ], [ -5.98802, 37.46354 ], [ -5.98413, 37.47106 ], [ -5.99533, 37.47452 ], [ -6.00496, 37.48566 ], [ -6.00344, 37.49118 ], [ -6.01758, 37.50517 ], [ -6.02189, 37.51947 ], [ -6.02463, 37.50008 ], [ -6.02995, 37.49255 ], [ -6.02539, 37.47808 ], [ -6.03411, 37.47121 ], [ -6.04063, 37.45375 ], [ -6.02874, 37.44263 ], [ -6.01019, 37.44322 ] ] } },
{ "type": "Feature", "properties": { "CMUN": "41008", "NMUN": "Algámitas", "NPRO": "Sevilla", "CPRO": "41", "stroke": "#aaaaaa", "stroke-width": 0.7, "stroke-opacity": 0.45 }, "geometry": { "type": "LineString", "coordinates": [ [ -5.13996, 37.04122 ], [ -5.15455, 37.03026 ], [ -5.17774, 37.04259 ], [ -5.18136, 37.02934 ], [ -5.17778, 37.01945 ], [ -5.1877, 37.00977 ], [ -5.18176, 37.00139 ], [ -5.1584, 36.98932 ], [ -5.14238, 37.00386 ], [ -5.13274, 37.01152 ], [ -5.12284, 37.02769 ], [ -5.12819, 37.04105 ], [ -5.13996, 37.04122 ] ] } },
{ "type": "Feature", "properties": { "CMUN": "41009", "NMUN": "Almadén de la Plata", "NPRO": "Sevilla", "CPRO": "41", "stroke": "#aaaaaa", "stroke-width": 0.7, "stroke-opacity": 0.45 }, "geometry": { "type": "LineString", "coordinates": [ [ -5.91858, 37.82394 ], [ -5.92533, 37.83951 ], [ -5.9425, 37.8491 ], [ -5.92847, 37.86174 ], [ -5.93871, 37.86939 ], [ -5.9623, 37.87849 ], [ -5.96235, 37.88983 ], [ -5.95437, 37.89237 ], [ -5.95435, 37.90702 ], [ -6.00727, 37.92115 ], [ -6.04286, 37.91629 ], [ -6.0602, 37.92065 ], [ -6.09634, 37.91891 ], [ -6.1251, 37.90334 ], [ -6.13631, 37.89573 ], [ -6.14142, 37.88499 ], [ -6.15919, 37.87344 ], [ -6.16309, 37.8573 ], [ -6.15412, 37.85336 ], [ -6.14496, 37.85689 ], [ -6.13542, 37.83493 ], [ -6.12621, 37.8241 ], [ -6.12643, 37.79717 ], [ -6.13402, 37.78783 ], [ -6.13293, 37.77009 ], [ -6.11148, 37.77406 ], [ -6.10299, 37.77256 ], [ -6.08736, 37.7768 ], [ -6.06505, 37.78737 ], [ -6.04667, 37.78616 ], [ -6.02559, 37.77956 ], [ -6.02585, 37.79239 ], [ -6.00311, 37.79886 ], [ -5.97298, 37.79367 ], [ -5.96505, 37.79823 ], [ -5.93899, 37.79227 ], [ -5.92596, 37.78292 ], [ -5.91124, 37.79103 ], [ -5.90871, 37.80425 ], [ -5.92104, 37.80892 ], [ -5.91858, 37.82394 ] ] } },
{ "type": "Feature", "properties": { "CMUN": "41010", "NMUN": "Almensilla", "NPRO": "Sevilla", "CPRO": "41", "stroke": "#aaaaaa", "stroke-width": 0.7, "stroke-opacity": 0.45 }, "geometry": { "type": "LineString", "coordinates": [ [ -6.09129, 37.31748 ], [ -6.11519, 37.3245 ], [ -6.13215, 37.31986 ], [ -6.13542, 37.30655 ], [ -6.14496, 37.29576 ], [ -6.14124, 37.2917 ], [ -6.13072, 37.30324 ], [ -6.12207, 37.30323 ], [ -6.10736, 37.28893 ], [ -6.08753, 37.28612 ], [ -6.07783, 37.29655 ], [ -6.09129, 37.31748 ] ] } },
{ "type": "Feature", "properties": { "CMUN": "41011", "NMUN": "Arahal", "NPRO": "Sevilla", "CPRO": "41", "stroke": "#aaaaaa", "stroke-width": 0.7, "stroke-opacity": 0.45 }, "geometry": { "type": "LineString", "coordinates": [ [ -5.59132, 37.0726 ], [ -5.56776, 37.0813 ], [ -5.57271, 37.12277 ], [ -5.57081, 37.1297 ], [ -5.57755, 37.15346 ], [ -5.55391, 37.16677 ], [ -5.53692, 37.18501 ], [ -5.52475, 37.18917 ], [ -5.4954, 37.18884 ], [ -5.49301, 37.20095 ], [ -5.48257, 37.20766 ], [ -5.46254, 37.21111 ], [ -5.46009, 37.21473 ], [ -5.43129, 37.23005 ], [ -5.4472, 37.23367 ], [ -5.47721, 37.24486 ], [ -5.50803, 37.25072 ], [ -5.53064, 37.26245 ], [ -5.53554, 37.27117 ], [ -5.5612, 37.26993 ], [ -5.58493, 37.27653 ], [ -5.61058, 37.27029 ], [ -5.62774, 37.26075 ], [ -5.64264, 37.25693 ], [ -5.65052, 37.24741 ], [ -5.65861, 37.2119 ], [ -5.64955, 37.18682 ], [ -5.63606, 37.15568 ], [ -5.61852, 37.12747 ], [ -5.61239, 37.10868 ], [ -5.60415, 37.09588 ], [ -5.6043, 37.06812 ], [ -5.59132, 37.0726 ] ] } },
{ "type": "Feature", "properties": { "CMUN": "41012", "NMUN": "Aznalcázar", "NPRO": "Sevilla", "CPRO": "41", "stroke": "#aaaaaa", "stroke-width": 0.7, "stroke-opacity": 0.45 }, "geometry": { "type": "LineString", "coordinates": [ [ -6.20507, 37.29267 ], [ -6.21637, 37.31393 ], [ -6.22552, 37.32056 ], [ -6.23782, 37.31971 ], [ -6.25231, 37.32774 ], [ -6.26793, 37.31944 ], [ -6.28908, 37.31994 ], [ -6.29208, 37.31226 ], [ -6.2851, 37.30137 ], [ -6.28063, 37.28313 ], [ -6.27498, 37.27361 ], [ -6.29291, 37.26649 ], [ -6.28553, 37.26118 ], [ -6.26841, 37.26839 ], [ -6.26184, 37.26144 ], [ -6.26961, 37.25554 ], [ -6.26853, 37.24736 ], [ -6.27941, 37.24095 ], [ -6.28061, 37.23314 ], [ -6.30498, 37.18705 ], [ -6.33612, 37.16962 ], [ -6.35899, 37.14113 ], [ -6.35553, 37.13451 ], [ -6.34318, 37.12801 ], [ -6.34329, 37.12114 ], [ -6.36009, 37.11729 ], [ -6.35728, 37.10991 ], [ -6.37136, 37.10216 ], [ -6.38157, 37.09131 ], [ -6.38639, 37.07443 ], [ -6.37991, 37.04834 ], [ -6.37366, 37.03277 ], [ -6.35719, 37.00136 ], [ -6.35428, 36.98524 ], [ -6.36117, 36.9719 ], [ -6.3599, 36.95851 ], [ -6.36381, 36.9458 ], [ -6.37889, 36.9347 ], [ -6.35873, 36.92049 ], [ -6.3465, 36.90833 ], [ -6.33101, 36.8988 ], [ -6.29695, 36.90519 ], [ -6.27829, 36.91085 ], [ -6.26973, 36.93223 ], [ -6.26864, 36.94559 ], [ -6.28918, 36.96281 ], [ -6.28962, 36.98284 ], [ -6.28374, 36.99109 ], [ -6.26366, 36.99176 ], [ -6.25329, 36.99902 ], [ -6.25932, 37.00997 ], [ -6.25803, 37.01802 ], [ -6.2466, 37.03228 ], [ -6.2345, 37.03345 ], [ -6.2254, 37.02206 ], [ -6.21472, 37.02412 ], [ -6.20228, 37.03847 ], [ -6.19911, 37.04988 ], [ -6.20432, 37.06308 ], [ -6.22339, 37.06894 ], [ -6.23068, 37.08985 ], [ -6.25549, 37.09782 ], [ -6.25293, 37.10864 ], [ -6.24056, 37.11057 ], [ -6.22992, 37.12968 ], [ -6.21879, 37.14098 ], [ -6.19708, 37.14961 ], [ -6.19442, 37.16831 ], [ -6.19942, 37.17508 ], [ -6.19612, 37.19078 ], [ -6.1934, 37.22466 ], [ -6.17964, 37.25639 ], [ -6.198, 37.27283 ], [ -6.21095, 37.28447 ], [ -6.20507, 37.29267 ] ] } },
{ "type": "Feature", "properties": { "CMUN": "41013", "NMUN": "Aznalcóllar", "NPRO": "Sevilla", "CPRO": "41", "stroke": "#aaaaaa", "stroke-width": 0.7, "stroke-opacity": 0.45 }, "geometry": { "type": "LineString", "coordinates": [ [ -6.39563, 37.60979 ], [ -6.39876, 37.6003 ], [ -6.39309, 37.58769 ], [ -6.40236, 37.58032 ], [ -6.38945, 37.55164 ], [ -6.37534, 37.5464 ], [ -6.3664, 37.53453 ], [ -6.36973, 37.52856 ], [ -6.3556, 37.49996 ], [ -6.34665, 37.49342 ], [ -6.32219, 37.45417 ], [ -6.29075, 37.46311 ], [ -6.27736, 37.46398 ], [ -6.25857, 37.47018 ], [ -6.24127, 37.46794 ], [ -6.22876, 37.48319 ], [ -6.22155, 37.51971 ], [ -6.224, 37.52889 ], [ -6.23734, 37.54619 ], [ -6.26128, 37.5627 ], [ -6.26551, 37.58735 ], [ -6.2545, 37.61181 ], [ -6.25722, 37.62812 ], [ -6.27185, 37.61869 ], [ -6.31483, 37.61588 ], [ -6.34267, 37.61761 ], [ -6.35886, 37.61862 ], [ -6.3788, 37.61585 ], [ -6.39563, 37.60979 ] ] } },
{ "type": "Feature", "properties": { "CMUN": "41014", "NMUN": "Badolatosa", "NPRO": "Sevilla", "CPRO": "41", "stroke": "#aaaaaa", "stroke-width": 0.7, "stroke-opacity": 0.45 }, "geometry": { "type": "LineString", "coordinates": [ [ -4.66806, 37.3236 ], [ -4.67191, 37.33499 ], [ -4.68074, 37.33552 ], [ -4.70353, 37.34827 ], [ -4.71961, 37.35828 ], [ -4.72535, 37.35176 ], [ -4.73009, 37.33531 ], [ -4.72496, 37.31352 ], [ -4.7133, 37.30445 ], [ -4.72222, 37.29023 ], [ -4.7135, 37.2837 ], [ -4.72205, 37.26822 ], [ -4.71969, 37.2597 ], [ -4.71257, 37.25393 ], [ -4.69957, 37.25678 ], [ -4.69103, 37.25185 ], [ -4.67593, 37.2581 ], [ -4.65335, 37.25583 ], [ -4.654, 37.27185 ], [ -4.66211, 37.28374 ], [ -4.67634, 37.29056 ], [ -4.67853, 37.29706 ], [ -4.65901, 37.30508 ], [ -4.68407, 37.31536 ], [ -4.66806, 37.3236 ] ] } },
{ "type": "Feature", "properties": { "CMUN": "41015", "NMUN": "Benacazón", "NPRO": "Sevilla", "CPRO": "41", "stroke": "#aaaaaa", "stroke-width": 0.7, "stroke-opacity": 0.45 }, "geometry": { "type": "LineString", "coordinates": [ [ -6.20052, 37.29551 ], [ -6.1992, 37.30184 ], [ -6.18489, 37.31124 ], [ -6.18451, 37.33477 ], [ -6.17625, 37.33808 ], [ -6.18277, 37.35411 ], [ -6.18402, 37.35514 ], [ -6.19304, 37.36295 ], [ -6.21169, 37.35922 ], [ -6.22448, 37.36156 ], [ -6.22848, 37.37209 ], [ -6.24329, 37.38215 ], [ -6.24324, 37.36338 ], [ -6.2462, 37.34952 ], [ -6.22568, 37.33986 ], [ -6.22744, 37.33077 ], [ -6.24872, 37.33682 ], [ -6.25592, 37.3312 ], [ -6.25231, 37.32774 ], [ -6.23782, 37.31971 ], [ -6.22552, 37.32056 ], [ -6.21637, 37.31393 ], [ -6.20507, 37.29267 ], [ -6.20052, 37.29551 ] ] } },
{ "type": "Feature", "properties": { "CMUN": "41016", "NMUN": "Bollullos de la Mitación", "NPRO": "Sevilla", "CPRO": "41", "stroke": "#aaaaaa", "stroke-width": 0.7, "stroke-opacity": 0.45 }, "geometry": { "type": "MultiLineString", "coordinates": [ [ [ -6.11842, 37.36269 ], [ -6.12944, 37.37668 ], [ -6.13982, 37.36536 ], [ -6.15412, 37.37266 ], [ -6.15495, 37.35477 ], [ -6.17779, 37.34651 ], [ -6.18277, 37.35411 ], [ -6.17625, 37.33808 ], [ -6.18451, 37.33477 ], [ -6.18489, 37.31124 ], [ -6.1992, 37.30184 ], [ -6.20052, 37.29551 ], [ -6.19106, 37.29086 ], [ -6.18921, 37.28333 ], [ -6.198, 37.27283 ], [ -6.17964, 37.25639 ], [ -6.1662, 37.25947 ], [ -6.15292, 37.25638 ], [ -6.14082, 37.25971 ], [ -6.13859, 37.27655 ], [ -6.14124, 37.2917 ], [ -6.14496, 37.29576 ], [ -6.13542, 37.30655 ], [ -6.13215, 37.31986 ], [ -6.13114, 37.32584 ], [ -6.09352, 37.3277 ], [ -6.09238, 37.34434 ], [ -6.09439, 37.35591 ], [ -6.11791, 37.35474 ], [ -6.11842, 37.36269 ] ], [ [ -6.11408, 37.34209 ], [ -6.10641, 37.34223 ], [ -6.10616, 37.32806 ], [ -6.11806, 37.32956 ], [ -6.11408, 37.34209 ] ] ] } },
{ "type": "Feature", "properties": { "CMUN": "41017", "NMUN": "Bormujos", "NPRO": "Sevilla", "CPRO": "41", "stroke": "#aaaaaa", "stroke-width": 0.7, "stroke-opacity": 0.45 }, "geometry": { "type": "LineString", "coordinates": [ [ -6.09238, 37.34434 ], [ -6.07374, 37.34912 ], [ -6.0561, 37.35792 ], [ -6.06269, 37.37665 ], [ -6.06403, 37.38472 ], [ -6.08326, 37.37563 ], [ -6.0992, 37.37558 ], [ -6.09622, 37.36693 ], [ -6.11842, 37.36269 ], [ -6.11791, 37.35474 ], [ -6.09439, 37.35591 ], [ -6.09238, 37.34434 ] ] } },
{ "type": "Feature", "properties": { "CMUN": "41018", "NMUN": "Brenes", "NPRO": "Sevilla", "CPRO": "41", "stroke": "#aaaaaa", "stroke-width": 0.7, "stroke-opacity": 0.45 }, "geometry": { "type": "LineString", "coordinates": [ [ -5.86882, 37.52777 ], [ -5.85004, 37.54934 ], [ -5.83411, 37.55758 ], [ -5.85615, 37.57927 ], [ -5.86851, 37.57396 ], [ -5.87281, 37.56572 ], [ -5.88713, 37.56164 ], [ -5.89521, 37.57165 ], [ -5.90618, 37.56508 ], [ -5.90365, 37.55433 ], [ -5.92308, 37.55257 ], [ -5.91981, 37.54117 ], [ -5.90853, 37.53733 ], [ -5.88654, 37.54372 ], [ -5.88248, 37.53571 ], [ -5.86882, 37.52777 ] ] } },
{ "type": "Feature", "properties": { "CMUN": "41019", "NMUN": "Burguillos", "NPRO": "Sevilla", "CPRO": "41", "stroke": "#aaaaaa", "stroke-width": 0.7, "stroke-opacity": 0.45 }, "geometry": { "type": "LineString", "coordinates": [ [ -6.00221, 37.61979 ], [ -5.99721, 37.6125 ], [ -5.99315, 37.58952 ], [ -5.97961, 37.56907 ], [ -5.97184, 37.56971 ], [ -5.96385, 37.55651 ], [ -5.94069, 37.56928 ], [ -5.91871, 37.57815 ], [ -5.92206, 37.58225 ], [ -5.93116, 37.61258 ], [ -5.9265, 37.63596 ], [ -5.94075, 37.6363 ], [ -5.98474, 37.6295 ], [ -6.00221, 37.61979 ] ] } },
{ "type": "Feature", "properties": { "CMUN": "41020", "NMUN": "Cabezas de San Juan, Las", "NPRO": "Sevilla", "CPRO": "41", "stroke": "#aaaaaa", "stroke-width": 0.7, "stroke-opacity": 0.45 }, "geometry": { "type": "LineString", "coordinates": [ [ -6.05339, 37.05414 ], [ -6.05351, 37.04492 ], [ -5.99514, 36.97328 ], [ -5.9861, 36.95862 ], [ -5.96868, 36.94251 ], [ -5.92326, 36.92263 ], [ -5.92219, 36.91501 ], [ -5.91243, 36.90722 ], [ -5.8926, 36.904 ], [ -5.8696, 36.8937 ], [ -5.85991, 36.89997 ], [ -5.84551, 36.91521 ], [ -5.83179, 36.91565 ], [ -5.83891, 36.92653 ], [ -5.83487, 36.93757 ], [ -5.80777, 36.95196 ], [ -5.8155, 36.96748 ], [ -5.82626, 36.97818 ], [ -5.82736, 36.98559 ], [ -5.84529, 36.99222 ], [ -5.86915, 37.02524 ], [ -5.88949, 37.03292 ], [ -5.90538, 37.04271 ], [ -5.95074, 37.05796 ], [ -5.97761, 37.06312 ], [ -6.01164, 37.072 ], [ -6.0298, 37.07445 ], [ -6.03778, 37.07865 ], [ -6.04408, 37.05744 ], [ -6.05339, 37.05414 ] ] } },
{ "type": "Feature", "properties": { "CMUN": "41021", "NMUN": "Camas", "NPRO": "Sevilla", "CPRO": "41", "stroke": "#aaaaaa", "stroke-width": 0.7, "stroke-opacity": 0.45 }, "geometry": { "type": "LineString", "coordinates": [ [ -6.04524, 37.38143 ], [ -6.02239, 37.38109 ], [ -6.02481, 37.3919 ], [ -6.01552, 37.40129 ], [ -6.01269, 37.41322 ], [ -6.03014, 37.42405 ], [ -6.04352, 37.41549 ], [ -6.0488, 37.40069 ], [ -6.06227, 37.39967 ], [ -6.06078, 37.39317 ], [ -6.04503, 37.39004 ], [ -6.04524, 37.38143 ] ] } },
{ "type": "Feature", "properties": { "CMUN": "41022", "NMUN": "Campana, La", "NPRO": "Sevilla", "CPRO": "41", "stroke": "#aaaaaa", "stroke-width": 0.7, "stroke-opacity": 0.45 }, "geometry": { "type": "LineString", "coordinates": [ [ -5.45698, 37.49988 ], [ -5.43596, 37.50696 ], [ -5.39892, 37.50986 ], [ -5.38306, 37.50587 ], [ -5.33505, 37.51331 ], [ -5.33383, 37.53087 ], [ -5.34048, 37.55061 ], [ -5.34119, 37.56699 ], [ -5.34757, 37.58518 ], [ -5.35688, 37.5881 ], [ -5.35786, 37.60246 ], [ -5.38091, 37.61077 ], [ -5.39177, 37.62386 ], [ -5.41255, 37.61267 ], [ -5.42707, 37.59865 ], [ -5.46013, 37.58924 ], [ -5.49622, 37.58273 ], [ -5.48689, 37.5675 ], [ -5.48253, 37.55413 ], [ -5.47677, 37.55119 ], [ -5.46853, 37.52695 ], [ -5.45698, 37.49988 ] ] } },
{ "type": "Feature", "properties": { "CMUN": "41023", "NMUN": "Cantillana", "NPRO": "Sevilla", "CPRO": "41", "stroke": "#aaaaaa", "stroke-width": 0.7, "stroke-opacity": 0.45 }, "geometry": { "type": "LineString", "coordinates": [ [ -5.75058, 37.61621 ], [ -5.77987, 37.62341 ], [ -5.78595, 37.64663 ], [ -5.77763, 37.65745 ], [ -5.77744, 37.66899 ], [ -5.7919, 37.68757 ], [ -5.8365, 37.68439 ], [ -5.84286, 37.67414 ], [ -5.852, 37.67394 ], [ -5.87675, 37.66119 ], [ -5.88326, 37.65535 ], [ -5.88243, 37.64505 ], [ -5.87215, 37.63053 ], [ -5.86785, 37.61883 ], [ -5.85143, 37.59205 ], [ -5.86428, 37.58188 ], [ -5.86851, 37.57396 ], [ -5.85615, 37.57927 ], [ -5.83411, 37.55758 ], [ -5.81895, 37.56477 ], [ -5.80125, 37.56659 ], [ -5.77864, 37.57304 ], [ -5.75034, 37.58507 ], [ -5.75539, 37.60504 ], [ -5.75058, 37.61621 ] ] } },
{ "type": "Feature", "properties": { "CMUN": "41024", "NMUN": "Carmona", "NPRO": "Sevilla", "CPRO": "41", "stroke": "#aaaaaa", "stroke-width": 0.7, "stroke-opacity": 0.45 }, "geometry": { "type": "LineString", "coordinates": [ [ -5.45698, 37.49988 ], [ -5.46853, 37.52695 ], [ -5.47677, 37.55119 ], [ -5.48253, 37.55413 ], [ -5.48689, 37.5675 ], [ -5.49622, 37.58273 ], [ -5.51029, 37.58449 ], [ -5.5362, 37.59592 ], [ -5.56541, 37.59957 ], [ -5.57886, 37.60555 ], [ -5.59213, 37.60666 ], [ -5.60197, 37.62071 ], [ -5.61223, 37.61777 ], [ -5.62107, 37.60748 ], [ -5.64385, 37.61336 ], [ -5.65346, 37.61142 ], [ -5.65876, 37.59972 ], [ -5.65055, 37.58656 ], [ -5.67155, 37.585 ], [ -5.68573, 37.57524 ], [ -5.71521, 37.57732 ], [ -5.73107, 37.57189 ], [ -5.76907, 37.56698 ], [ -5.77864, 37.57304 ], [ -5.80125, 37.56659 ], [ -5.81895, 37.56477 ], [ -5.83411, 37.55758 ], [ -5.85004, 37.54934 ], [ -5.86882, 37.52777 ], [ -5.85754, 37.5131 ], [ -5.84031, 37.49876 ], [ -5.83828, 37.48723 ], [ -5.82914, 37.46674 ], [ -5.82387, 37.44197 ], [ -5.81759, 37.42318 ], [ -5.81952, 37.39812 ], [ -5.81929, 37.39036 ], [ -5.80992, 37.38609 ], [ -5.79274, 37.38799 ], [ -5.77472, 37.39606 ], [ -5.75509, 37.39615 ], [ -5.7201, 37.41068 ], [ -5.70099, 37.40221 ], [ -5.66833, 37.37684 ], [ -5.68311, 37.36874 ], [ -5.69113, 37.3601 ], [ -5.67813, 37.34433 ], [ -5.69553, 37.32751 ], [ -5.70347, 37.3066 ], [ -5.72231, 37.30518 ], [ -5.73368, 37.29813 ], [ -5.72015, 37.28414 ], [ -5.70636, 37.27562 ], [ -5.67406, 37.26389 ], [ -5.65052, 37.24741 ], [ -5.64264, 37.25693 ], [ -5.62774, 37.26075 ], [ -5.61058, 37.27029 ], [ -5.58493, 37.27653 ], [ -5.57939, 37.28105 ], [ -5.56386, 37.30543 ], [ -5.56571, 37.32178 ], [ -5.52231, 37.35113 ], [ -5.52015, 37.35709 ], [ -5.51714, 37.37201 ], [ -5.50771, 37.38959 ], [ -5.47607, 37.40051 ], [ -5.45286, 37.39325 ], [ -5.42332, 37.40193 ], [ -5.39787, 37.4134 ], [ -5.39936, 37.42158 ], [ -5.41215, 37.43698 ], [ -5.41014, 37.45549 ], [ -5.4192, 37.48258 ], [ -5.44055, 37.48766 ], [ -5.46588, 37.48368 ], [ -5.46247, 37.49729 ], [ -5.45698, 37.49988 ] ] } },
{ "type": "Feature", "properties": { "CMUN": "41025", "NMUN": "Carrión de los Céspedes", "NPRO": "Sevilla", "CPRO": "41", "stroke": "#aaaaaa", "stroke-width": 0.7, "stroke-opacity": 0.45 }, "geometry": { "type": "LineString", "coordinates": [ [ -6.34604, 37.36573 ], [ -6.34047, 37.35766 ], [ -6.321, 37.35263 ], [ -6.31126, 37.36486 ], [ -6.31892, 37.37518 ], [ -6.33674, 37.3744 ], [ -6.34953, 37.36813 ], [ -6.34604, 37.36573 ] ] } },
{ "type": "Feature", "properties": { "CMUN": "41026", "NMUN": "Casariche", "NPRO": "Sevilla", "CPRO": "41", "stroke": "#aaaaaa", "stroke-width": 0.7, "stroke-opacity": 0.45 }, "geometry": { "type": "LineString", "coordinates": [ [ -4.78128, 37.26911 ], [ -4.75706, 37.26145 ], [ -4.73343, 37.25003 ], [ -4.71969, 37.2597 ], [ -4.72205, 37.26822 ], [ -4.7135, 37.2837 ], [ -4.72222, 37.29023 ], [ -4.7133, 37.30445 ], [ -4.72496, 37.31352 ], [ -4.73009, 37.33531 ], [ -4.74873, 37.33091 ], [ -4.76487, 37.3379 ], [ -4.78009, 37.33541 ], [ -4.78223, 37.3285 ], [ -4.79175, 37.32197 ], [ -4.80134, 37.30828 ], [ -4.80234, 37.29155 ], [ -4.79219, 37.28169 ], [ -4.79532, 37.27312 ], [ -4.78128, 37.26911 ] ] } },
{ "type": "Feature", "properties": { "CMUN": "41027", "NMUN": "Castilblanco de los Arroyos", "NPRO": "Sevilla", "CPRO": "41", "stroke": "#aaaaaa", "stroke-width": 0.7, "stroke-opacity": 0.45 }, "geometry": { "type": "LineString", "coordinates": [ [ -5.8365, 37.68439 ], [ -5.84321, 37.68997 ], [ -5.86362, 37.6974 ], [ -5.86357, 37.70448 ], [ -5.88514, 37.71999 ], [ -5.87874, 37.72731 ], [ -5.87768, 37.74519 ], [ -5.88592, 37.75011 ], [ -5.88327, 37.76121 ], [ -5.8903, 37.76442 ], [ -5.89658, 37.78242 ], [ -5.91124, 37.79103 ], [ -5.92596, 37.78292 ], [ -5.93899, 37.79227 ], [ -5.96505, 37.79823 ], [ -5.97298, 37.79367 ], [ -6.00311, 37.79886 ], [ -6.02585, 37.79239 ], [ -6.02559, 37.77956 ], [ -6.04667, 37.78616 ], [ -6.06505, 37.78737 ], [ -6.08736, 37.7768 ], [ -6.10299, 37.77256 ], [ -6.11148, 37.77406 ], [ -6.13293, 37.77009 ], [ -6.13128, 37.75415 ], [ -6.1407, 37.7508 ], [ -6.13688, 37.73585 ], [ -6.12137, 37.72467 ], [ -6.12326, 37.71658 ], [ -6.10463, 37.71333 ], [ -6.09723, 37.72276 ], [ -6.08537, 37.71796 ], [ -6.07863, 37.71021 ], [ -6.06394, 37.71021 ], [ -6.06083, 37.70147 ], [ -6.04498, 37.69001 ], [ -6.03996, 37.67698 ], [ -6.03811, 37.66127 ], [ -6.05256, 37.65193 ], [ -6.05837, 37.64407 ], [ -6.05356, 37.63684 ], [ -6.04109, 37.6336 ], [ -6.03061, 37.61848 ], [ -6.01577, 37.6156 ], [ -6.00221, 37.61979 ], [ -5.98474, 37.6295 ], [ -5.94075, 37.6363 ], [ -5.9265, 37.63596 ], [ -5.90432, 37.63872 ], [ -5.88243, 37.64505 ], [ -5.88326, 37.65535 ], [ -5.87675, 37.66119 ], [ -5.852, 37.67394 ], [ -5.84286, 37.67414 ], [ -5.8365, 37.68439 ] ] } },
{ "type": "Feature", "properties": { "CMUN": "41028", "NMUN": "Castilleja de Guzmán", "NPRO": "Sevilla", "CPRO": "41", "stroke": "#aaaaaa", "stroke-width": 0.7, "stroke-opacity": 0.45 }, "geometry": { "type": "LineString", "coordinates": [ [ -6.06227, 37.39967 ], [ -6.0488, 37.40069 ], [ -6.04352, 37.41549 ], [ -6.05895, 37.41124 ], [ -6.06227, 37.39967 ] ] } },
{ "type": "Feature", "properties": { "CMUN": "41029", "NMUN": "Castilleja de la Cuesta", "NPRO": "Sevilla", "CPRO": "41", "stroke": "#aaaaaa", "stroke-width": 0.7, "stroke-opacity": 0.45 }, "geometry": { "type": "LineString", "coordinates": [ [ -6.06269, 37.37665 ], [ -6.04524, 37.38143 ], [ -6.04503, 37.39004 ], [ -6.06078, 37.39317 ], [ -6.06451, 37.38986 ], [ -6.06403, 37.38472 ], [ -6.06269, 37.37665 ] ] } },
{ "type": "Feature", "properties": { "CMUN": "41030", "NMUN": "Castilleja del Campo", "NPRO": "Sevilla", "CPRO": "41", "stroke": "#aaaaaa", "stroke-width": 0.7, "stroke-opacity": 0.45 }, "geometry": { "type": "LineString", "coordinates": [ [ -6.31129, 37.39443 ], [ -6.33074, 37.41548 ], [ -6.35626, 37.41217 ], [ -6.36192, 37.4014 ], [ -6.35428, 37.39732 ], [ -6.35564, 37.38587 ], [ -6.36208, 37.37588 ], [ -6.34953, 37.36813 ], [ -6.33674, 37.3744 ], [ -6.31892, 37.37518 ], [ -6.31129, 37.39443 ] ] } },
{ "type": "Feature", "properties": { "CMUN": "41031", "NMUN": "Castillo de las Guardas, El", "NPRO": "Sevilla", "CPRO": "41", "stroke": "#aaaaaa", "stroke-width": 0.7, "stroke-opacity": 0.45 }, "geometry": { "type": "LineString", "coordinates": [ [ -6.23481, 37.73856 ], [ -6.24437, 37.74074 ], [ -6.24745, 37.7575 ], [ -6.25232, 37.76314 ], [ -6.27849, 37.75841 ], [ -6.31102, 37.76487 ], [ -6.32925, 37.75981 ], [ -6.3488, 37.75744 ], [ -6.39003, 37.74769 ], [ -6.42348, 37.73407 ], [ -6.43088, 37.72747 ], [ -6.44999, 37.7189 ], [ -6.47512, 37.72514 ], [ -6.48304, 37.72082 ], [ -6.47975, 37.70486 ], [ -6.48492, 37.69769 ], [ -6.46694, 37.69521 ], [ -6.45975, 37.69858 ], [ -6.43689, 37.69549 ], [ -6.43412, 37.68967 ], [ -6.40748, 37.67157 ], [ -6.39646, 37.67155 ], [ -6.3778, 37.66609 ], [ -6.37078, 37.6449 ], [ -6.36232, 37.64224 ], [ -6.35407, 37.62694 ], [ -6.34267, 37.61761 ], [ -6.31483, 37.61588 ], [ -6.27185, 37.61869 ], [ -6.25722, 37.62812 ], [ -6.23273, 37.63634 ], [ -6.2159, 37.64977 ], [ -6.20154, 37.65765 ], [ -6.18767, 37.67078 ], [ -6.19214, 37.68188 ], [ -6.20377, 37.68783 ], [ -6.20306, 37.69365 ], [ -6.21567, 37.72151 ], [ -6.23481, 37.73856 ] ] } },
{ "type": "Feature", "properties": { "CMUN": "41032", "NMUN": "Cazalla de la Sierra", "NPRO": "Sevilla", "CPRO": "41", "stroke": "#aaaaaa", "stroke-width": 0.7, "stroke-opacity": 0.45 }, "geometry": { "type": "LineString", "coordinates": [ [ -5.67966, 37.95186 ], [ -5.69719, 37.96517 ], [ -5.72223, 37.97741 ], [ -5.72876, 37.97801 ], [ -5.76746, 37.99805 ], [ -5.7814, 37.99931 ], [ -5.78831, 38.00799 ], [ -5.80416, 38.01528 ], [ -5.80958, 38.02244 ], [ -5.85713, 38.03696 ], [ -5.87728, 38.03861 ], [ -5.88668, 38.03155 ], [ -5.89509, 38.03428 ], [ -5.91879, 38.03499 ], [ -5.9245, 38.02784 ], [ -5.93646, 38.02442 ], [ -5.95369, 37.99535 ], [ -5.96052, 37.97886 ], [ -5.95811, 37.96703 ], [ -5.94183, 37.9633 ], [ -5.9418, 37.92731 ], [ -5.93436, 37.92371 ], [ -5.94246, 37.91248 ], [ -5.95435, 37.90702 ], [ -5.95437, 37.89237 ], [ -5.96235, 37.88983 ], [ -5.9623, 37.87849 ], [ -5.93871, 37.86939 ], [ -5.92847, 37.86174 ], [ -5.9425, 37.8491 ], [ -5.92533, 37.83951 ], [ -5.91858, 37.82394 ], [ -5.90125, 37.82399 ], [ -5.88761, 37.83421 ], [ -5.86852, 37.85781 ], [ -5.8691, 37.86595 ], [ -5.84847, 37.87371 ], [ -5.83784, 37.86575 ], [ -5.83091, 37.86701 ], [ -5.82034, 37.88078 ], [ -5.80209, 37.87963 ], [ -5.79619, 37.88294 ], [ -5.77965, 37.87921 ], [ -5.75513, 37.8652 ], [ -5.73019, 37.86298 ], [ -5.72733, 37.88559 ], [ -5.73797, 37.89206 ], [ -5.72383, 37.90224 ], [ -5.71683, 37.91381 ], [ -5.71566, 37.92502 ], [ -5.70935, 37.93047 ], [ -5.68423, 37.93908 ], [ -5.67966, 37.95186 ] ] } },
{ "type": "Feature", "properties": { "CMUN": "41033", "NMUN": "Constantina", "NPRO": "Sevilla", "CPRO": "41", "stroke": "#aaaaaa", "stroke-width": 0.7, "stroke-opacity": 0.45 }, "geometry": { "type": "LineString", "coordinates": [ [ -5.51166, 37.75124 ], [ -5.51108, 37.78013 ], [ -5.51469, 37.78993 ], [ -5.51248, 37.80099 ], [ -5.49061, 37.83642 ], [ -5.48614, 37.85229 ], [ -5.42824, 37.8685 ], [ -5.44578, 37.89493 ], [ -5.45501, 37.89571 ], [ -5.46313, 37.90918 ], [ -5.48898, 37.92155 ], [ -5.49255, 37.92924 ], [ -5.50401, 37.9337 ], [ -5.50846, 37.94846 ], [ -5.52233, 37.9606 ], [ -5.51525, 37.96808 ], [ -5.51329, 37.98101 ], [ -5.54632, 37.98002 ], [ -5.57638, 37.98121 ], [ -5.60397, 37.9618 ], [ -5.61685, 37.95016 ], [ -5.63194, 37.94513 ], [ -5.6527, 37.94309 ], [ -5.67436, 37.95408 ], [ -5.67966, 37.95186 ], [ -5.68423, 37.93908 ], [ -5.70935, 37.93047 ], [ -5.71566, 37.92502 ], [ -5.71683, 37.91381 ], [ -5.72383, 37.90224 ], [ -5.73797, 37.89206 ], [ -5.72733, 37.88559 ], [ -5.73019, 37.86298 ], [ -5.71128, 37.85416 ], [ -5.69864, 37.84032 ], [ -5.69677, 37.83246 ], [ -5.67283, 37.82538 ], [ -5.67692, 37.81164 ], [ -5.6859, 37.79917 ], [ -5.67997, 37.79572 ], [ -5.68588, 37.78421 ], [ -5.68493, 37.76557 ], [ -5.67901, 37.76196 ], [ -5.69312, 37.73756 ], [ -5.70388, 37.73649 ], [ -5.69785, 37.72344 ], [ -5.7011, 37.71391 ], [ -5.69727, 37.70399 ], [ -5.67614, 37.70405 ], [ -5.63776, 37.72132 ], [ -5.6158, 37.71967 ], [ -5.59643, 37.73363 ], [ -5.56245, 37.73818 ], [ -5.54402, 37.74629 ], [ -5.51166, 37.75124 ] ] } },
{ "type": "Feature", "properties": { "CMUN": "41034", "NMUN": "Coria del Río", "NPRO": "Sevilla", "CPRO": "41", "stroke": "#aaaaaa", "stroke-width": 0.7, "stroke-opacity": 0.45 }, "geometry": { "type": "LineString", "coordinates": [ [ -6.08753, 37.28612 ], [ -6.07994, 37.28019 ], [ -6.05443, 37.27259 ], [ -6.06218, 37.25084 ], [ -6.05622, 37.23071 ], [ -6.07652, 37.21265 ], [ -6.05561, 37.19836 ], [ -6.03798, 37.19368 ], [ -6.03353, 37.18217 ], [ -6.03204, 37.18357 ], [ -6.02101, 37.19289 ], [ -6.01936, 37.19463 ], [ -6.01699, 37.19696 ], [ -6.01403, 37.20029 ], [ -6.0135, 37.20105 ], [ -6.01204, 37.20246 ], [ -6.01002, 37.20769 ], [ -6.00933, 37.20988 ], [ -6.0072, 37.21237 ], [ -6.00443, 37.21539 ], [ -6.00137, 37.21726 ], [ -5.9999, 37.21987 ], [ -5.99904, 37.22303 ], [ -5.99604, 37.22636 ], [ -5.98752, 37.24248 ], [ -5.98721, 37.24299 ], [ -5.99181, 37.25608 ], [ -5.99328, 37.25715 ], [ -5.99673, 37.2611 ], [ -5.99733, 37.26234 ], [ -6.03658, 37.29387 ], [ -6.0394, 37.29806 ], [ -6.0498, 37.30413 ], [ -6.07222, 37.30814 ], [ -6.07783, 37.29655 ], [ -6.08753, 37.28612 ] ] } },
{ "type": "Feature", "properties": { "CMUN": "41035", "NMUN": "Coripe", "NPRO": "Sevilla", "CPRO": "41", "stroke": "#aaaaaa", "stroke-width": 0.7, "stroke-opacity": 0.45 }, "geometry": { "type": "LineString", "coordinates": [ [ -5.33965, 37.00456 ], [ -5.3524, 37.00695 ], [ -5.38537, 37.03151 ], [ -5.4044, 37.03569 ], [ -5.39797, 37.01293 ], [ -5.40746, 37.01708 ], [ -5.42108, 37.01115 ], [ -5.43524, 36.99112 ], [ -5.45245, 36.98258 ], [ -5.457, 36.97069 ], [ -5.45427, 36.96089 ], [ -5.4464, 36.95719 ], [ -5.44634, 36.94682 ], [ -5.43895, 36.93529 ], [ -5.41285, 36.94066 ], [ -5.41156, 36.95605 ], [ -5.39239, 36.97328 ], [ -5.3653, 36.98566 ], [ -5.35937, 36.99272 ], [ -5.34535, 36.99739 ], [ -5.33965, 37.00456 ] ] } },
{ "type": "Feature", "properties": { "CMUN": "41036", "NMUN": "Coronil, El", "NPRO": "Sevilla", "CPRO": "41", "stroke": "#aaaaaa", "stroke-width": 0.7, "stroke-opacity": 0.45 }, "geometry": { "type": "LineString", "coordinates": [ [ -5.6043, 37.06812 ], [ -5.60415, 37.09588 ], [ -5.61239, 37.10868 ], [ -5.65512, 37.11198 ], [ -5.66342, 37.10462 ], [ -5.67852, 37.07962 ], [ -5.67892, 37.04754 ], [ -5.67448, 37.04131 ], [ -5.65679, 37.03006 ], [ -5.61877, 36.99095 ], [ -5.61124, 36.97196 ], [ -5.59605, 36.96065 ], [ -5.58815, 36.94689 ], [ -5.58369, 36.91546 ], [ -5.53382, 36.89345 ], [ -5.53936, 36.90699 ], [ -5.55085, 36.92312 ], [ -5.56043, 36.94033 ], [ -5.58066, 36.96942 ], [ -5.58229, 36.97899 ], [ -5.59247, 36.99754 ], [ -5.60263, 37.01051 ], [ -5.60973, 37.04448 ], [ -5.6043, 37.06812 ] ] } },
{ "type": "Feature", "properties": { "CMUN": "41037", "NMUN": "Corrales, Los", "NPRO": "Sevilla", "CPRO": "41", "stroke": "#aaaaaa", "stroke-width": 0.7, "stroke-opacity": 0.45 }, "geometry": { "type": "LineString", "coordinates": [ [ -4.95454, 37.09142 ], [ -4.96502, 37.09119 ], [ -4.98211, 37.11057 ], [ -4.9794, 37.12723 ], [ -4.98876, 37.13241 ], [ -4.98895, 37.14027 ], [ -5.00282, 37.14401 ], [ -5.00448, 37.15493 ], [ -4.99962, 37.1673 ], [ -5.01072, 37.17242 ], [ -5.01849, 37.16056 ], [ -5.0259, 37.15993 ], [ -5.04503, 37.14428 ], [ -5.06027, 37.14899 ], [ -5.05913, 37.13807 ], [ -5.06917, 37.13321 ], [ -5.07159, 37.12291 ], [ -5.05516, 37.11331 ], [ -5.04377, 37.11342 ], [ -5.04338, 37.0998 ], [ -5.04954, 37.09625 ], [ -5.04853, 37.08335 ], [ -5.02717, 37.08628 ], [ -5.02746, 37.06731 ], [ -5.0346, 37.06215 ], [ -5.02591, 37.05184 ], [ -5.00632, 37.05678 ], [ -4.98829, 37.06458 ], [ -4.97229, 37.07535 ], [ -4.95454, 37.09142 ] ] } },
{ "type": "Feature", "properties": { "CMUN": "41038", "NMUN": "Dos Hermanas", "NPRO": "Sevilla", "CPRO": "41", "stroke": "#aaaaaa", "stroke-width": 0.7, "stroke-opacity": 0.45 }, "geometry": { "type": "LineString", "coordinates": [ [ -5.8876, 37.27988 ], [ -5.89103, 37.2819 ], [ -5.91578, 37.3086 ], [ -5.90382, 37.3286 ], [ -5.92746, 37.35463 ], [ -5.93859, 37.36208 ], [ -5.94907, 37.34588 ], [ -5.95017, 37.34406 ], [ -5.95516, 37.33674 ], [ -5.95717, 37.33487 ], [ -5.95735, 37.33424 ], [ -5.95741, 37.33285 ], [ -5.95869, 37.32882 ], [ -5.96334, 37.32393 ], [ -5.96748, 37.31523 ], [ -5.96921, 37.31305 ], [ -5.96971, 37.3132 ], [ -5.96997, 37.31328 ], [ -6.00309, 37.3203 ], [ -6.014, 37.31486 ], [ -6.0327, 37.3002 ], [ -6.0394, 37.29806 ], [ -6.03658, 37.29387 ], [ -5.99733, 37.26234 ], [ -5.99673, 37.2611 ], [ -5.99328, 37.25715 ], [ -5.99181, 37.25608 ], [ -5.98721, 37.24299 ], [ -5.98752, 37.24248 ], [ -5.99604, 37.22636 ], [ -5.99904, 37.22303 ], [ -5.9999, 37.21987 ], [ -6.00137, 37.21726 ], [ -6.00443, 37.21539 ], [ -6.0072, 37.21237 ], [ -6.00933, 37.20988 ], [ -6.01002, 37.20769 ], [ -6.01204, 37.20246 ], [ -6.0135, 37.20105 ], [ -6.01403, 37.20029 ], [ -6.01699, 37.19696 ], [ -6.01936, 37.19463 ], [ -6.02101, 37.19289 ], [ -6.03204, 37.18357 ], [ -6.0334, 37.18194 ], [ -6.03274, 37.18154 ], [ -6.0305, 37.17959 ], [ -6.02718, 37.17557 ], [ -6.02688, 37.17442 ], [ -6.02976, 37.16829 ], [ -6.03209, 37.16743 ], [ -6.03913, 37.1671 ], [ -6.04137, 37.16675 ], [ -6.05575, 37.16248 ], [ -6.0585, 37.16093 ], [ -6.06171, 37.15791 ], [ -6.06202, 37.15633 ], [ -6.06154, 37.15474 ], [ -6.0607, 37.1534 ], [ -6.05681, 37.15108 ], [ -6.05275, 37.15078 ], [ -6.05153, 37.15078 ], [ -6.04391, 37.15181 ], [ -6.04255, 37.15173 ], [ -6.04056, 37.15096 ], [ -6.03946, 37.15009 ], [ -6.03541, 37.15281 ], [ -6.0313, 37.15403 ], [ -6.02101, 37.15639 ], [ -6.01899, 37.15695 ], [ -6.00666, 37.1606 ], [ -5.99965, 37.1626 ], [ -5.99171, 37.16675 ], [ -5.98621, 37.17017 ], [ -5.98434, 37.17175 ], [ -5.97913, 37.17561 ], [ -5.97104, 37.18358 ], [ -5.95337, 37.19679 ], [ -5.95117, 37.19732 ], [ -5.94918, 37.19671 ], [ -5.94832, 37.19755 ], [ -5.94689, 37.19861 ], [ -5.94505, 37.19936 ], [ -5.94324, 37.19962 ], [ -5.94193, 37.20065 ], [ -5.93917, 37.20217 ], [ -5.93789, 37.20328 ], [ -5.93009, 37.20568 ], [ -5.92956, 37.20606 ], [ -5.92213, 37.21264 ], [ -5.92154, 37.21479 ], [ -5.92133, 37.21654 ], [ -5.92088, 37.21797 ], [ -5.92026, 37.21856 ], [ -5.91948, 37.21897 ], [ -5.91808, 37.22022 ], [ -5.91678, 37.22086 ], [ -5.91525, 37.22135 ], [ -5.91344, 37.22184 ], [ -5.91004, 37.22429 ], [ -5.90981, 37.22465 ], [ -5.90931, 37.22578 ], [ -5.90726, 37.22647 ], [ -5.90601, 37.22586 ], [ -5.90527, 37.22563 ], [ -5.90443, 37.22566 ], [ -5.90367, 37.22608 ], [ -5.90305, 37.22738 ], [ -5.90138, 37.22839 ], [ -5.90103, 37.22933 ], [ -5.90071, 37.22988 ], [ -5.89653, 37.24536 ], [ -5.89607, 37.2479 ], [ -5.8956, 37.24966 ], [ -5.89558, 37.25009 ], [ -5.89559, 37.25172 ], [ -5.89636, 37.25366 ], [ -5.89782, 37.25592 ], [ -5.89339, 37.26005 ], [ -5.89374, 37.26167 ], [ -5.89366, 37.26494 ], [ -5.89359, 37.26563 ], [ -5.89361, 37.26685 ], [ -5.89256, 37.26743 ], [ -5.89063, 37.26899 ], [ -5.88707, 37.27198 ], [ -5.88445, 37.27495 ], [ -5.88324, 37.2768 ], [ -5.88488, 37.27831 ], [ -5.8876, 37.27988 ] ] } },
{ "type": "Feature", "properties": { "CMUN": "41039", "NMUN": "Écija", "NPRO": "Sevilla", "CPRO": "41", "stroke": "#aaaaaa", "stroke-width": 0.7, "stroke-opacity": 0.45 }, "geometry": { "type": "MultiLineString", "coordinates": [ [ [ -4.88474, 37.43798 ], [ -4.87533, 37.44975 ], [ -4.90323, 37.46655 ], [ -4.91628, 37.49215 ], [ -4.93111, 37.50558 ], [ -4.94167, 37.53386 ], [ -4.93199, 37.54624 ], [ -4.93151, 37.56304 ], [ -4.93738, 37.56983 ], [ -4.9303, 37.57568 ], [ -4.93499, 37.58302 ], [ -4.93033, 37.58983 ], [ -4.93429, 37.60086 ], [ -4.93171, 37.61733 ], [ -4.94015, 37.62124 ], [ -4.94786, 37.61513 ], [ -4.958, 37.62208 ], [ -4.95377, 37.65244 ], [ -4.97155, 37.67238 ], [ -4.98453, 37.67895 ], [ -4.98725, 37.68984 ], [ -4.99982, 37.70659 ], [ -5.01577, 37.71068 ], [ -5.04775, 37.71819 ], [ -5.07258, 37.7077 ], [ -5.08905, 37.69466 ], [ -5.09153, 37.68089 ], [ -5.08315, 37.6701 ], [ -5.08147, 37.66061 ], [ -5.08334, 37.64784 ], [ -5.05379, 37.64237 ], [ -5.0457, 37.63208 ], [ -5.03425, 37.63852 ], [ -5.0265, 37.63516 ], [ -5.03362, 37.62073 ], [ -5.03089, 37.61045 ], [ -5.04791, 37.60814 ], [ -5.0401, 37.62564 ], [ -5.04529, 37.62988 ], [ -5.08497, 37.64379 ], [ -5.08276, 37.66241 ], [ -5.09757, 37.67077 ], [ -5.09345, 37.67499 ], [ -5.10751, 37.69968 ], [ -5.11484, 37.70199 ], [ -5.12971, 37.69875 ], [ -5.11349, 37.68873 ], [ -5.11235, 37.67999 ], [ -5.11926, 37.66766 ], [ -5.13732, 37.66814 ], [ -5.15005, 37.66092 ], [ -5.16209, 37.67303 ], [ -5.17677, 37.68058 ], [ -5.20054, 37.66967 ], [ -5.24616, 37.6418 ], [ -5.2454, 37.63536 ], [ -5.23105, 37.6097 ], [ -5.20986, 37.60142 ], [ -5.19241, 37.61209 ], [ -5.18286, 37.61411 ], [ -5.17455, 37.59821 ], [ -5.17458, 37.57745 ], [ -5.17696, 37.54923 ], [ -5.19142, 37.54581 ], [ -5.18596, 37.53297 ], [ -5.1865, 37.52259 ], [ -5.23241, 37.52605 ], [ -5.24538, 37.52323 ], [ -5.26615, 37.52733 ], [ -5.2876, 37.52761 ], [ -5.2858, 37.50956 ], [ -5.2928, 37.49879 ], [ -5.29071, 37.4929 ], [ -5.2971, 37.47133 ], [ -5.29388, 37.45857 ], [ -5.29633, 37.44238 ], [ -5.29013, 37.43037 ], [ -5.24794, 37.37461 ], [ -5.21533, 37.38315 ], [ -5.2084, 37.38722 ], [ -5.17304, 37.39247 ], [ -5.16754, 37.38764 ], [ -5.15043, 37.38304 ], [ -5.11901, 37.38405 ], [ -5.10117, 37.38255 ], [ -5.05865, 37.37202 ], [ -5.02887, 37.37018 ], [ -4.98898, 37.36964 ], [ -4.9366, 37.38705 ], [ -4.91237, 37.40843 ], [ -4.8869, 37.42587 ], [ -4.88474, 37.43798 ] ], [ [ -5.25546, 37.57386 ], [ -5.2632, 37.59372 ], [ -5.24414, 37.59322 ], [ -5.25311, 37.62511 ], [ -5.27452, 37.62528 ], [ -5.31153, 37.61972 ], [ -5.32292, 37.61149 ], [ -5.31052, 37.60808 ], [ -5.31079, 37.60166 ], [ -5.2878, 37.58438 ], [ -5.28238, 37.57162 ], [ -5.27906, 37.5526 ], [ -5.28535, 37.54856 ], [ -5.28511, 37.5371 ], [ -5.24866, 37.53747 ], [ -5.24805, 37.56491 ], [ -5.25546, 37.57386 ] ] ] } },
{ "type": "Feature", "properties": { "CMUN": "41040", "NMUN": "Espartinas", "NPRO": "Sevilla", "CPRO": "41", "stroke": "#aaaaaa", "stroke-width": 0.7, "stroke-opacity": 0.45 }, "geometry": { "type": "LineString", "coordinates": [ [ -6.11842, 37.36269 ], [ -6.09622, 37.36693 ], [ -6.0992, 37.37558 ], [ -6.08326, 37.37563 ], [ -6.08795, 37.38024 ], [ -6.08522, 37.39379 ], [ -6.08939, 37.39985 ], [ -6.1066, 37.40142 ], [ -6.1144, 37.39704 ], [ -6.12432, 37.41535 ], [ -6.14483, 37.40992 ], [ -6.14539, 37.40893 ], [ -6.13276, 37.4047 ], [ -6.13528, 37.39314 ], [ -6.15053, 37.39124 ], [ -6.17049, 37.39339 ], [ -6.1731, 37.38437 ], [ -6.15778, 37.37906 ], [ -6.15412, 37.37266 ], [ -6.13982, 37.36536 ], [ -6.12944, 37.37668 ], [ -6.11842, 37.36269 ] ] } },
{ "type": "Feature", "properties": { "CMUN": "41041", "NMUN": "Estepa", "NPRO": "Sevilla", "CPRO": "41", "stroke": "#aaaaaa", "stroke-width": 0.7, "stroke-opacity": 0.45 }, "geometry": { "type": "MultiLineString", "coordinates": [ [ [ -4.81727, 37.35468 ], [ -4.82823, 37.34848 ], [ -4.84421, 37.33053 ], [ -4.87603, 37.34258 ], [ -4.88816, 37.35177 ], [ -4.89014, 37.36071 ], [ -4.90543, 37.36871 ], [ -4.92439, 37.37073 ], [ -4.93718, 37.36345 ], [ -4.93267, 37.35649 ], [ -4.93888, 37.34891 ], [ -4.95948, 37.34462 ], [ -4.9842, 37.34734 ], [ -4.99042, 37.33446 ], [ -4.98983, 37.32664 ], [ -5.00097, 37.30347 ], [ -4.99597, 37.29529 ], [ -5.00407, 37.27852 ], [ -5.00552, 37.26257 ], [ -4.98605, 37.26578 ], [ -4.98647, 37.25736 ], [ -4.95438, 37.26783 ], [ -4.94743, 37.26899 ], [ -4.92427, 37.26122 ], [ -4.91278, 37.27617 ], [ -4.8983, 37.27962 ], [ -4.87869, 37.27068 ], [ -4.87776, 37.25949 ], [ -4.85893, 37.25148 ], [ -4.85198, 37.22335 ], [ -4.85335, 37.20894 ], [ -4.84335, 37.20896 ], [ -4.82357, 37.22155 ], [ -4.82463, 37.22935 ], [ -4.78634, 37.22745 ], [ -4.78821, 37.23516 ], [ -4.78582, 37.25636 ], [ -4.78128, 37.26911 ], [ -4.79532, 37.27312 ], [ -4.79219, 37.28169 ], [ -4.79974, 37.27166 ], [ -4.80115, 37.25629 ], [ -4.81697, 37.24198 ], [ -4.83263, 37.2331 ], [ -4.83246, 37.26459 ], [ -4.84004, 37.26904 ], [ -4.83558, 37.29146 ], [ -4.82469, 37.29655 ], [ -4.80234, 37.29155 ], [ -4.80134, 37.30828 ], [ -4.79175, 37.32197 ], [ -4.78223, 37.3285 ], [ -4.79993, 37.34449 ], [ -4.81727, 37.35468 ] ], [ [ -4.84981, 37.41066 ], [ -4.83764, 37.42324 ], [ -4.84019, 37.43486 ], [ -4.85433, 37.43939 ], [ -4.88474, 37.43798 ], [ -4.8869, 37.42587 ], [ -4.87159, 37.41946 ], [ -4.86705, 37.40764 ], [ -4.84981, 37.41066 ] ] ] } },
{ "type": "Feature", "properties": { "CMUN": "41042", "NMUN": "Fuentes de Andalucía", "NPRO": "Sevilla", "CPRO": "41", "stroke": "#aaaaaa", "stroke-width": 0.7, "stroke-opacity": 0.45 }, "geometry": { "type": "LineString", "coordinates": [ [ -5.39787, 37.4134 ], [ -5.38787, 37.41865 ], [ -5.33284, 37.43587 ], [ -5.29633, 37.44238 ], [ -5.29388, 37.45857 ], [ -5.2971, 37.47133 ], [ -5.29071, 37.4929 ], [ -5.2928, 37.49879 ], [ -5.2858, 37.50956 ], [ -5.2876, 37.52761 ], [ -5.28511, 37.5371 ], [ -5.28535, 37.54856 ], [ -5.27906, 37.5526 ], [ -5.28238, 37.57162 ], [ -5.2878, 37.58438 ], [ -5.31079, 37.60166 ], [ -5.31052, 37.60808 ], [ -5.32292, 37.61149 ], [ -5.34393, 37.59316 ], [ -5.34757, 37.58518 ], [ -5.34119, 37.56699 ], [ -5.34048, 37.55061 ], [ -5.33383, 37.53087 ], [ -5.33505, 37.51331 ], [ -5.38306, 37.50587 ], [ -5.39892, 37.50986 ], [ -5.43596, 37.50696 ], [ -5.45698, 37.49988 ], [ -5.46247, 37.49729 ], [ -5.46588, 37.48368 ], [ -5.44055, 37.48766 ], [ -5.4192, 37.48258 ], [ -5.41014, 37.45549 ], [ -5.41215, 37.43698 ], [ -5.39936, 37.42158 ], [ -5.39787, 37.4134 ] ] } },
{ "type": "Feature", "properties": { "CMUN": "41043", "NMUN": "Garrobo, El", "NPRO": "Sevilla", "CPRO": "41", "stroke": "#aaaaaa", "stroke-width": 0.7, "stroke-opacity": 0.45 }, "geometry": { "type": "LineString", "coordinates": [ [ -6.17892, 37.6714 ], [ -6.18767, 37.67078 ], [ -6.20154, 37.65765 ], [ -6.2159, 37.64977 ], [ -6.23273, 37.63634 ], [ -6.22602, 37.62261 ], [ -6.21679, 37.61334 ], [ -6.18767, 37.60343 ], [ -6.16599, 37.60951 ], [ -6.14701, 37.59615 ], [ -6.13727, 37.59601 ], [ -6.13124, 37.58712 ], [ -6.1282, 37.61065 ], [ -6.13509, 37.62721 ], [ -6.14688, 37.63547 ], [ -6.16176, 37.65338 ], [ -6.16846, 37.66964 ], [ -6.17892, 37.6714 ] ] } },
{ "type": "Feature", "properties": { "CMUN": "41044", "NMUN": "Gelves", "NPRO": "Sevilla", "CPRO": "41", "stroke": "#aaaaaa", "stroke-width": 0.7, "stroke-opacity": 0.45 }, "geometry": { "type": "MultiLineString", "coordinates": [ [ [ -6.00309, 37.3203 ], [ -6.02101, 37.33675 ], [ -6.02242, 37.35035 ], [ -6.03306, 37.34852 ], [ -6.03537, 37.32739 ], [ -6.03704, 37.3225 ], [ -6.02731, 37.31233 ], [ -6.014, 37.31486 ], [ -6.00309, 37.3203 ] ], [ [ -6.11408, 37.34209 ], [ -6.11806, 37.32956 ], [ -6.10616, 37.32806 ], [ -6.10641, 37.34223 ], [ -6.11408, 37.34209 ] ] ] } },
{ "type": "Feature", "properties": { "CMUN": "41045", "NMUN": "Gerena", "NPRO": "Sevilla", "CPRO": "41", "stroke": "#aaaaaa", "stroke-width": 0.7, "stroke-opacity": 0.45 }, "geometry": { "type": "LineString", "coordinates": [ [ -6.08634, 37.50321 ], [ -6.09155, 37.51804 ], [ -6.10261, 37.52985 ], [ -6.10904, 37.54439 ], [ -6.11935, 37.55564 ], [ -6.11904, 37.56677 ], [ -6.12807, 37.57115 ], [ -6.13124, 37.58712 ], [ -6.13727, 37.59601 ], [ -6.14701, 37.59615 ], [ -6.16599, 37.60951 ], [ -6.18767, 37.60343 ], [ -6.21679, 37.61334 ], [ -6.22602, 37.62261 ], [ -6.23273, 37.63634 ], [ -6.25722, 37.62812 ], [ -6.2433, 37.61748 ], [ -6.23218, 37.60173 ], [ -6.22839, 37.58716 ], [ -6.22892, 37.57272 ], [ -6.2336, 37.55635 ], [ -6.2215, 37.5404 ], [ -6.21475, 37.52539 ], [ -6.2076, 37.5187 ], [ -6.19786, 37.49688 ], [ -6.19525, 37.50079 ], [ -6.1752, 37.49621 ], [ -6.15943, 37.48637 ], [ -6.14537, 37.48185 ], [ -6.1224, 37.47847 ], [ -6.11003, 37.48397 ], [ -6.09896, 37.4968 ], [ -6.08634, 37.50321 ] ] } },
{ "type": "Feature", "properties": { "CMUN": "41046", "NMUN": "Gilena", "NPRO": "Sevilla", "CPRO": "41", "stroke": "#aaaaaa", "stroke-width": 0.7, "stroke-opacity": 0.45 }, "geometry": { "type": "LineString", "coordinates": [ [ -4.96645, 37.18047 ], [ -4.95636, 37.18362 ], [ -4.94178, 37.17705 ], [ -4.93509, 37.19343 ], [ -4.92399, 37.19339 ], [ -4.93249, 37.21096 ], [ -4.93298, 37.22032 ], [ -4.9272, 37.23098 ], [ -4.90252, 37.2367 ], [ -4.89666, 37.2492 ], [ -4.85893, 37.25148 ], [ -4.87776, 37.25949 ], [ -4.87869, 37.27068 ], [ -4.8983, 37.27962 ], [ -4.91278, 37.27617 ], [ -4.92427, 37.26122 ], [ -4.94743, 37.26899 ], [ -4.95438, 37.26783 ], [ -4.95085, 37.25922 ], [ -4.95089, 37.24039 ], [ -4.96505, 37.24301 ], [ -4.98108, 37.22883 ], [ -4.98964, 37.22955 ], [ -4.96968, 37.19078 ], [ -4.96645, 37.18047 ] ] } },
{ "type": "Feature", "properties": { "CMUN": "41047", "NMUN": "Gines", "NPRO": "Sevilla", "CPRO": "41", "stroke": "#aaaaaa", "stroke-width": 0.7, "stroke-opacity": 0.45 }, "geometry": { "type": "LineString", "coordinates": [ [ -6.08326, 37.37563 ], [ -6.06403, 37.38472 ], [ -6.06451, 37.38986 ], [ -6.07519, 37.39517 ], [ -6.08522, 37.39379 ], [ -6.08795, 37.38024 ], [ -6.08326, 37.37563 ] ] } },
{ "type": "Feature", "properties": { "CMUN": "41048", "NMUN": "Guadalcanal", "NPRO": "Sevilla", "CPRO": "41", "stroke": "#aaaaaa", "stroke-width": 0.7, "stroke-opacity": 0.45 }, "geometry": { "type": "LineString", "coordinates": [ [ -5.68424, 38.15706 ], [ -5.68861, 38.18188 ], [ -5.72323, 38.19244 ], [ -5.72816, 38.19742 ], [ -5.74585, 38.18946 ], [ -5.76113, 38.18281 ], [ -5.78299, 38.18509 ], [ -5.80034, 38.1746 ], [ -5.81124, 38.17819 ], [ -5.824, 38.16993 ], [ -5.83786, 38.17443 ], [ -5.85152, 38.17191 ], [ -5.85657, 38.1615 ], [ -5.87757, 38.15513 ], [ -5.88067, 38.13228 ], [ -5.8953, 38.13053 ], [ -5.90734, 38.12396 ], [ -5.92638, 38.10501 ], [ -5.92834, 38.08772 ], [ -5.91081, 38.0782 ], [ -5.90805, 38.06825 ], [ -5.91967, 38.04967 ], [ -5.93398, 38.04715 ], [ -5.93291, 38.03232 ], [ -5.93646, 38.02442 ], [ -5.9245, 38.02784 ], [ -5.91879, 38.03499 ], [ -5.89509, 38.03428 ], [ -5.88668, 38.03155 ], [ -5.87728, 38.03861 ], [ -5.85713, 38.03696 ], [ -5.80958, 38.02244 ], [ -5.80416, 38.01528 ], [ -5.78831, 38.00799 ], [ -5.7814, 37.99931 ], [ -5.76746, 37.99805 ], [ -5.75287, 38.0049 ], [ -5.75807, 38.01312 ], [ -5.74203, 38.03264 ], [ -5.74114, 38.05056 ], [ -5.7308, 38.07738 ], [ -5.7349, 38.08625 ], [ -5.73553, 38.11575 ], [ -5.74074, 38.12654 ], [ -5.7308, 38.1371 ], [ -5.71479, 38.13421 ], [ -5.70897, 38.14224 ], [ -5.69494, 38.15139 ], [ -5.70556, 38.16362 ], [ -5.69501, 38.17109 ], [ -5.68424, 38.15706 ] ] } },
{ "type": "Feature", "properties": { "CMUN": "41049", "NMUN": "Guillena", "NPRO": "Sevilla", "CPRO": "41", "stroke": "#aaaaaa", "stroke-width": 0.7, "stroke-opacity": 0.45 }, "geometry": { "type": "LineString", "coordinates": [ [ -6.02189, 37.51947 ], [ -6.016, 37.5246 ], [ -6.018, 37.54547 ], [ -6.0104, 37.55778 ], [ -6.00761, 37.57125 ], [ -6.02566, 37.60059 ], [ -6.03061, 37.61848 ], [ -6.04109, 37.6336 ], [ -6.05356, 37.63684 ], [ -6.05837, 37.64407 ], [ -6.05256, 37.65193 ], [ -6.03811, 37.66127 ], [ -6.03996, 37.67698 ], [ -6.04498, 37.69001 ], [ -6.06083, 37.70147 ], [ -6.06394, 37.71021 ], [ -6.07863, 37.71021 ], [ -6.08537, 37.71796 ], [ -6.09723, 37.72276 ], [ -6.10463, 37.71333 ], [ -6.12326, 37.71658 ], [ -6.15065, 37.71969 ], [ -6.16215, 37.71232 ], [ -6.18735, 37.70803 ], [ -6.18098, 37.69689 ], [ -6.17892, 37.6714 ], [ -6.16846, 37.66964 ], [ -6.16176, 37.65338 ], [ -6.14688, 37.63547 ], [ -6.13509, 37.62721 ], [ -6.1282, 37.61065 ], [ -6.13124, 37.58712 ], [ -6.12807, 37.57115 ], [ -6.11904, 37.56677 ], [ -6.11935, 37.55564 ], [ -6.10904, 37.54439 ], [ -6.10261, 37.52985 ], [ -6.09155, 37.51804 ], [ -6.08634, 37.50321 ], [ -6.07176, 37.49118 ], [ -6.05896, 37.49902 ], [ -6.04084, 37.49009 ], [ -6.02995, 37.49255 ], [ -6.02463, 37.50008 ], [ -6.02189, 37.51947 ] ] } },
{ "type": "Feature", "properties": { "CMUN": "41050", "NMUN": "Herrera", "NPRO": "Sevilla", "CPRO": "41", "stroke": "#aaaaaa", "stroke-width": 0.7, "stroke-opacity": 0.45 }, "geometry": { "type": "LineString", "coordinates": [ [ -4.90543, 37.36871 ], [ -4.89014, 37.36071 ], [ -4.88816, 37.35177 ], [ -4.87603, 37.34258 ], [ -4.84421, 37.33053 ], [ -4.82823, 37.34848 ], [ -4.81727, 37.35468 ], [ -4.83073, 37.38985 ], [ -4.84339, 37.39948 ], [ -4.84981, 37.41066 ], [ -4.86705, 37.40764 ], [ -4.87159, 37.41946 ], [ -4.8869, 37.42587 ], [ -4.91237, 37.40843 ], [ -4.90192, 37.39233 ], [ -4.90148, 37.3733 ], [ -4.90543, 37.36871 ] ] } },
{ "type": "Feature", "properties": { "CMUN": "41051", "NMUN": "Huévar del Aljarafe", "NPRO": "Sevilla", "CPRO": "41", "stroke": "#aaaaaa", "stroke-width": 0.7, "stroke-opacity": 0.45 }, "geometry": { "type": "LineString", "coordinates": [ [ -6.25592, 37.3312 ], [ -6.24872, 37.33682 ], [ -6.22744, 37.33077 ], [ -6.22568, 37.33986 ], [ -6.2462, 37.34952 ], [ -6.24324, 37.36338 ], [ -6.24329, 37.38215 ], [ -6.25208, 37.39455 ], [ -6.286, 37.39946 ], [ -6.31129, 37.39443 ], [ -6.31892, 37.37518 ], [ -6.31126, 37.36486 ], [ -6.321, 37.35263 ], [ -6.34047, 37.35766 ], [ -6.34604, 37.36573 ], [ -6.36843, 37.34949 ], [ -6.35631, 37.33129 ], [ -6.33669, 37.32209 ], [ -6.31955, 37.32874 ], [ -6.30142, 37.32478 ], [ -6.29345, 37.33921 ], [ -6.27349, 37.34165 ], [ -6.27061, 37.33525 ], [ -6.25592, 37.3312 ] ] } },
{ "type": "Feature", "properties": { "CMUN": "41052", "NMUN": "Lantejuela", "NPRO": "Sevilla", "CPRO": "41", "stroke": "#aaaaaa", "stroke-width": 0.7, "stroke-opacity": 0.45 }, "geometry": { "type": "LineString", "coordinates": [ [ -5.25625, 37.35593 ], [ -5.24255, 37.35635 ], [ -5.23381, 37.34574 ], [ -5.21444, 37.34507 ], [ -5.21108, 37.33949 ], [ -5.18691, 37.3456 ], [ -5.19773, 37.36011 ], [ -5.19636, 37.36808 ], [ -5.20781, 37.37647 ], [ -5.2084, 37.38722 ], [ -5.21533, 37.38315 ], [ -5.24794, 37.37461 ], [ -5.25625, 37.35593 ] ] } },
{ "type": "Feature", "properties": { "CMUN": "41053", "NMUN": "Lebrija", "NPRO": "Sevilla", "CPRO": "41", "stroke": "#aaaaaa", "stroke-width": 0.7, "stroke-opacity": 0.45 }, "geometry": { "type": "LineString", "coordinates": [ [ -5.88883, 36.84677 ], [ -5.89358, 36.85158 ], [ -5.87652, 36.89471 ], [ -5.8696, 36.8937 ], [ -5.8926, 36.904 ], [ -5.91243, 36.90722 ], [ -5.92219, 36.91501 ], [ -5.92326, 36.92263 ], [ -5.96868, 36.94251 ], [ -5.9861, 36.95862 ], [ -5.99514, 36.97328 ], [ -6.05351, 37.04492 ], [ -6.05339, 37.05414 ], [ -6.07197, 37.05883 ], [ -6.07338, 37.06892 ], [ -6.08463, 37.0751 ], [ -6.10256, 37.04948 ], [ -6.12426, 37.03516 ], [ -6.15301, 37.02403 ], [ -6.16177, 37.00839 ], [ -6.18848, 36.9395 ], [ -6.20171, 36.91658 ], [ -6.231, 36.89811 ], [ -6.20868, 36.89343 ], [ -6.18845, 36.89359 ], [ -6.15758, 36.88603 ], [ -6.12199, 36.86379 ], [ -6.10524, 36.85742 ], [ -6.08054, 36.85523 ], [ -6.05674, 36.87178 ], [ -6.04278, 36.87647 ], [ -6.02668, 36.89017 ], [ -6.01019, 36.88574 ], [ -5.98176, 36.86823 ], [ -5.96599, 36.86057 ], [ -5.95245, 36.86089 ], [ -5.94134, 36.85192 ], [ -5.92535, 36.85307 ], [ -5.89105, 36.84219 ], [ -5.88883, 36.84677 ] ] } },
{ "type": "Feature", "properties": { "CMUN": "41054", "NMUN": "Lora de Estepa", "NPRO": "Sevilla", "CPRO": "41", "stroke": "#aaaaaa", "stroke-width": 0.7, "stroke-opacity": 0.45 }, "geometry": { "type": "LineString", "coordinates": [ [ -4.80234, 37.29155 ], [ -4.82469, 37.29655 ], [ -4.83558, 37.29146 ], [ -4.84004, 37.26904 ], [ -4.83246, 37.26459 ], [ -4.83263, 37.2331 ], [ -4.81697, 37.24198 ], [ -4.80115, 37.25629 ], [ -4.79974, 37.27166 ], [ -4.79219, 37.28169 ], [ -4.80234, 37.29155 ] ] } },
{ "type": "Feature", "properties": { "CMUN": "41055", "NMUN": "Lora del Río", "NPRO": "Sevilla", "CPRO": "41", "stroke": "#aaaaaa", "stroke-width": 0.7, "stroke-opacity": 0.45 }, "geometry": { "type": "LineString", "coordinates": [ [ -5.41191, 37.68351 ], [ -5.4189, 37.68774 ], [ -5.42272, 37.70921 ], [ -5.41965, 37.71415 ], [ -5.42966, 37.74065 ], [ -5.42436, 37.7521 ], [ -5.43568, 37.75187 ], [ -5.45763, 37.75719 ], [ -5.47832, 37.7519 ], [ -5.49319, 37.75419 ], [ -5.51166, 37.75124 ], [ -5.54402, 37.74629 ], [ -5.56245, 37.73818 ], [ -5.59643, 37.73363 ], [ -5.6158, 37.71967 ], [ -5.61611, 37.69936 ], [ -5.62168, 37.68343 ], [ -5.61086, 37.66082 ], [ -5.61217, 37.63439 ], [ -5.60197, 37.62071 ], [ -5.59213, 37.60666 ], [ -5.57886, 37.60555 ], [ -5.56541, 37.59957 ], [ -5.5362, 37.59592 ], [ -5.51029, 37.58449 ], [ -5.49622, 37.58273 ], [ -5.46013, 37.58924 ], [ -5.42707, 37.59865 ], [ -5.41255, 37.61267 ], [ -5.39177, 37.62386 ], [ -5.40148, 37.63608 ], [ -5.41151, 37.64138 ], [ -5.39375, 37.65674 ], [ -5.40963, 37.65998 ], [ -5.41419, 37.67391 ], [ -5.41191, 37.68351 ] ] } },
{ "type": "Feature", "properties": { "CMUN": "41056", "NMUN": "Luisiana, La", "NPRO": "Sevilla", "CPRO": "41", "stroke": "#aaaaaa", "stroke-width": 0.7, "stroke-opacity": 0.45 }, "geometry": { "type": "LineString", "coordinates": [ [ -5.2876, 37.52761 ], [ -5.26615, 37.52733 ], [ -5.24538, 37.52323 ], [ -5.23241, 37.52605 ], [ -5.1865, 37.52259 ], [ -5.18596, 37.53297 ], [ -5.19142, 37.54581 ], [ -5.17696, 37.54923 ], [ -5.17458, 37.57745 ], [ -5.21007, 37.58744 ], [ -5.23148, 37.58661 ], [ -5.23239, 37.5713 ], [ -5.25546, 37.57386 ], [ -5.24805, 37.56491 ], [ -5.24866, 37.53747 ], [ -5.28511, 37.5371 ], [ -5.2876, 37.52761 ] ] } },
{ "type": "Feature", "properties": { "CMUN": "41057", "NMUN": "Madroño, El", "NPRO": "Sevilla", "CPRO": "41", "stroke": "#aaaaaa", "stroke-width": 0.7, "stroke-opacity": 0.45 }, "geometry": { "type": "LineString", "coordinates": [ [ -6.48492, 37.69769 ], [ -6.48865, 37.69821 ], [ -6.50092, 37.67715 ], [ -6.5009, 37.66888 ], [ -6.51966, 37.66224 ], [ -6.52551, 37.66413 ], [ -6.53609, 37.65098 ], [ -6.53012, 37.63762 ], [ -6.53851, 37.62666 ], [ -6.53301, 37.61878 ], [ -6.51647, 37.6225 ], [ -6.46699, 37.61988 ], [ -6.44327, 37.62335 ], [ -6.42783, 37.62123 ], [ -6.41305, 37.61935 ], [ -6.39563, 37.60979 ], [ -6.3788, 37.61585 ], [ -6.35886, 37.61862 ], [ -6.34267, 37.61761 ], [ -6.35407, 37.62694 ], [ -6.36232, 37.64224 ], [ -6.37078, 37.6449 ], [ -6.3778, 37.66609 ], [ -6.39646, 37.67155 ], [ -6.40748, 37.67157 ], [ -6.43412, 37.68967 ], [ -6.43689, 37.69549 ], [ -6.45975, 37.69858 ], [ -6.46694, 37.69521 ], [ -6.48492, 37.69769 ] ] } },
{ "type": "Feature", "properties": { "CMUN": "41058", "NMUN": "Mairena del Alcor", "NPRO": "Sevilla", "CPRO": "41", "stroke": "#aaaaaa", "stroke-width": 0.7, "stroke-opacity": 0.45 }, "geometry": { "type": "LineString", "coordinates": [ [ -5.80992, 37.38609 ], [ -5.78557, 37.36124 ], [ -5.76611, 37.3354 ], [ -5.76603, 37.32293 ], [ -5.77495, 37.30814 ], [ -5.74109, 37.30245 ], [ -5.73368, 37.29813 ], [ -5.72231, 37.30518 ], [ -5.70347, 37.3066 ], [ -5.69553, 37.32751 ], [ -5.67813, 37.34433 ], [ -5.69113, 37.3601 ], [ -5.7028, 37.36258 ], [ -5.73144, 37.38409 ], [ -5.75509, 37.39615 ], [ -5.77472, 37.39606 ], [ -5.79274, 37.38799 ], [ -5.80992, 37.38609 ] ] } },
{ "type": "Feature", "properties": { "CMUN": "41059", "NMUN": "Mairena del Aljarafe", "NPRO": "Sevilla", "CPRO": "41", "stroke": "#aaaaaa", "stroke-width": 0.7, "stroke-opacity": 0.45 }, "geometry": { "type": "LineString", "coordinates": [ [ -6.09129, 37.31748 ], [ -6.06714, 37.32794 ], [ -6.05382, 37.32732 ], [ -6.05002, 37.33248 ], [ -6.03537, 37.32739 ], [ -6.03306, 37.34852 ], [ -6.03324, 37.3546 ], [ -6.05033, 37.35931 ], [ -6.0561, 37.35792 ], [ -6.07374, 37.34912 ], [ -6.09238, 37.34434 ], [ -6.09352, 37.3277 ], [ -6.13114, 37.32584 ], [ -6.13215, 37.31986 ], [ -6.11519, 37.3245 ], [ -6.09129, 37.31748 ] ] } },
{ "type": "Feature", "properties": { "CMUN": "41060", "NMUN": "Marchena", "NPRO": "Sevilla", "CPRO": "41", "stroke": "#aaaaaa", "stroke-width": 0.7, "stroke-opacity": 0.45 }, "geometry": { "type": "LineString", "coordinates": [ [ -5.25625, 37.35593 ], [ -5.24794, 37.37461 ], [ -5.29013, 37.43037 ], [ -5.29633, 37.44238 ], [ -5.33284, 37.43587 ], [ -5.38787, 37.41865 ], [ -5.39787, 37.4134 ], [ -5.42332, 37.40193 ], [ -5.45286, 37.39325 ], [ -5.47607, 37.40051 ], [ -5.50771, 37.38959 ], [ -5.51714, 37.37201 ], [ -5.52015, 37.35709 ], [ -5.50777, 37.35311 ], [ -5.50406, 37.34643 ], [ -5.48945, 37.34483 ], [ -5.48423, 37.32763 ], [ -5.4694, 37.32641 ], [ -5.46472, 37.31467 ], [ -5.45278, 37.30944 ], [ -5.43744, 37.29078 ], [ -5.42182, 37.27722 ], [ -5.42379, 37.24896 ], [ -5.43623, 37.23954 ], [ -5.42974, 37.23475 ], [ -5.41718, 37.23218 ], [ -5.40776, 37.23523 ], [ -5.38726, 37.22661 ], [ -5.3783, 37.21959 ], [ -5.35218, 37.20955 ], [ -5.32993, 37.22262 ], [ -5.3028, 37.23281 ], [ -5.28674, 37.24116 ], [ -5.27736, 37.25279 ], [ -5.26169, 37.265 ], [ -5.26222, 37.27621 ], [ -5.27479, 37.29247 ], [ -5.2752, 37.30001 ], [ -5.25984, 37.32894 ], [ -5.25625, 37.35593 ] ] } },
{ "type": "Feature", "properties": { "CMUN": "41061", "NMUN": "Marinaleda", "NPRO": "Sevilla", "CPRO": "41", "stroke": "#aaaaaa", "stroke-width": 0.7, "stroke-opacity": 0.45 }, "geometry": { "type": "LineString", "coordinates": [ [ -4.9842, 37.34734 ], [ -4.95948, 37.34462 ], [ -4.93888, 37.34891 ], [ -4.93267, 37.35649 ], [ -4.93718, 37.36345 ], [ -4.92439, 37.37073 ], [ -4.90543, 37.36871 ], [ -4.90148, 37.3733 ], [ -4.90192, 37.39233 ], [ -4.91237, 37.40843 ], [ -4.9366, 37.38705 ], [ -4.98898, 37.36964 ], [ -4.97974, 37.35487 ], [ -4.9842, 37.34734 ] ] } },
{ "type": "Feature", "properties": { "CMUN": "41062", "NMUN": "Martín de la Jara", "NPRO": "Sevilla", "CPRO": "41", "stroke": "#aaaaaa", "stroke-width": 0.7, "stroke-opacity": 0.45 }, "geometry": { "type": "LineString", "coordinates": [ [ -4.95454, 37.09142 ], [ -4.93698, 37.10028 ], [ -4.93074, 37.09992 ], [ -4.90837, 37.11465 ], [ -4.90284, 37.13759 ], [ -4.91202, 37.14408 ], [ -4.94267, 37.15759 ], [ -4.95698, 37.16365 ], [ -4.96039, 37.17058 ], [ -4.97463, 37.17876 ], [ -4.98786, 37.17038 ], [ -4.99962, 37.1673 ], [ -5.00448, 37.15493 ], [ -5.00282, 37.14401 ], [ -4.98895, 37.14027 ], [ -4.98876, 37.13241 ], [ -4.9794, 37.12723 ], [ -4.98211, 37.11057 ], [ -4.96502, 37.09119 ], [ -4.95454, 37.09142 ] ] } },
{ "type": "Feature", "properties": { "CMUN": "41063", "NMUN": "Molares, Los", "NPRO": "Sevilla", "CPRO": "41", "stroke": "#aaaaaa", "stroke-width": 0.7, "stroke-opacity": 0.45 }, "geometry": { "type": "LineString", "coordinates": [ [ -5.69229, 37.18793 ], [ -5.74983, 37.16044 ], [ -5.72169, 37.13835 ], [ -5.70504, 37.14477 ], [ -5.6975, 37.14374 ], [ -5.67382, 37.14863 ], [ -5.6526, 37.13495 ], [ -5.63392, 37.13252 ], [ -5.61852, 37.12747 ], [ -5.63606, 37.15568 ], [ -5.64955, 37.18682 ], [ -5.68523, 37.18935 ], [ -5.69229, 37.18793 ] ] } },
{ "type": "Feature", "properties": { "CMUN": "41064", "NMUN": "Montellano", "NPRO": "Sevilla", "CPRO": "41", "stroke": "#aaaaaa", "stroke-width": 0.7, "stroke-opacity": 0.45 }, "geometry": { "type": "LineString", "coordinates": [ [ -5.55085, 36.92312 ], [ -5.54612, 36.93018 ], [ -5.53635, 36.92984 ], [ -5.52479, 36.93733 ], [ -5.52096, 36.94754 ], [ -5.51153, 36.95795 ], [ -5.50234, 36.95832 ], [ -5.4902, 36.97275 ], [ -5.48097, 36.97269 ], [ -5.46973, 36.98395 ], [ -5.47024, 36.99164 ], [ -5.49505, 37.01125 ], [ -5.51099, 37.0336 ], [ -5.51585, 37.04494 ], [ -5.53155, 37.05534 ], [ -5.56109, 37.06343 ], [ -5.56666, 37.07456 ], [ -5.59132, 37.0726 ], [ -5.6043, 37.06812 ], [ -5.60973, 37.04448 ], [ -5.60263, 37.01051 ], [ -5.59247, 36.99754 ], [ -5.58229, 36.97899 ], [ -5.58066, 36.96942 ], [ -5.56043, 36.94033 ], [ -5.55085, 36.92312 ] ] } },
{ "type": "Feature", "properties": { "CMUN": "41065", "NMUN": "Morón de la Frontera", "NPRO": "Sevilla", "CPRO": "41", "stroke": "#aaaaaa", "stroke-width": 0.7, "stroke-opacity": 0.45 }, "geometry": { "type": "LineString", "coordinates": [ [ -5.3021, 37.03736 ], [ -5.29163, 37.04669 ], [ -5.27481, 37.04595 ], [ -5.26068, 37.05155 ], [ -5.2372, 37.05288 ], [ -5.22437, 37.06053 ], [ -5.24743, 37.06736 ], [ -5.26647, 37.07841 ], [ -5.27281, 37.08592 ], [ -5.2988, 37.09657 ], [ -5.32, 37.12691 ], [ -5.3477, 37.14197 ], [ -5.36101, 37.1649 ], [ -5.35901, 37.1898 ], [ -5.35098, 37.19623 ], [ -5.35218, 37.20955 ], [ -5.3783, 37.21959 ], [ -5.38726, 37.22661 ], [ -5.40776, 37.23523 ], [ -5.41718, 37.23218 ], [ -5.42974, 37.23475 ], [ -5.43129, 37.23005 ], [ -5.46009, 37.21473 ], [ -5.46254, 37.21111 ], [ -5.48257, 37.20766 ], [ -5.49301, 37.20095 ], [ -5.4954, 37.18884 ], [ -5.52475, 37.18917 ], [ -5.53692, 37.18501 ], [ -5.55391, 37.16677 ], [ -5.57755, 37.15346 ], [ -5.57081, 37.1297 ], [ -5.57271, 37.12277 ], [ -5.56776, 37.0813 ], [ -5.59132, 37.0726 ], [ -5.56666, 37.07456 ], [ -5.56109, 37.06343 ], [ -5.53155, 37.05534 ], [ -5.51585, 37.04494 ], [ -5.51099, 37.0336 ], [ -5.50011, 37.03909 ], [ -5.47312, 37.04294 ], [ -5.45945, 37.04214 ], [ -5.44791, 37.05022 ], [ -5.43369, 37.05245 ], [ -5.42774, 37.04457 ], [ -5.42143, 37.02446 ], [ -5.42108, 37.01115 ], [ -5.40746, 37.01708 ], [ -5.39797, 37.01293 ], [ -5.4044, 37.03569 ], [ -5.38537, 37.03151 ], [ -5.3524, 37.00695 ], [ -5.33965, 37.00456 ], [ -5.3375, 37.01174 ], [ -5.3021, 37.03736 ] ] } },
{ "type": "Feature", "properties": { "CMUN": "41066", "NMUN": "Navas de la Concepción, Las", "NPRO": "Sevilla", "CPRO": "41", "stroke": "#aaaaaa", "stroke-width": 0.7, "stroke-opacity": 0.45 }, "geometry": { "type": "LineString", "coordinates": [ [ -5.40846, 37.8661 ], [ -5.42097, 37.893 ], [ -5.41417, 37.89847 ], [ -5.41724, 37.9212 ], [ -5.42179, 37.92818 ], [ -5.41438, 37.94156 ], [ -5.4207, 37.94783 ], [ -5.47502, 37.97639 ], [ -5.48239, 37.99005 ], [ -5.49371, 38.00012 ], [ -5.49793, 37.99188 ], [ -5.51329, 37.98101 ], [ -5.51525, 37.96808 ], [ -5.52233, 37.9606 ], [ -5.50846, 37.94846 ], [ -5.50401, 37.9337 ], [ -5.49255, 37.92924 ], [ -5.48898, 37.92155 ], [ -5.46313, 37.90918 ], [ -5.45501, 37.89571 ], [ -5.44578, 37.89493 ], [ -5.42824, 37.8685 ], [ -5.40846, 37.8661 ] ] } },
{ "type": "Feature", "properties": { "CMUN": "41067", "NMUN": "Olivares", "NPRO": "Sevilla", "CPRO": "41", "stroke": "#aaaaaa", "stroke-width": 0.7, "stroke-opacity": 0.45 }, "geometry": { "type": "LineString", "coordinates": [ [ -6.19382, 37.43986 ], [ -6.19812, 37.45151 ], [ -6.17733, 37.46561 ], [ -6.1654, 37.44404 ], [ -6.16044, 37.42374 ], [ -6.16947, 37.41539 ], [ -6.16835, 37.40377 ], [ -6.14539, 37.40893 ], [ -6.14483, 37.40992 ], [ -6.13577, 37.42547 ], [ -6.14152, 37.43665 ], [ -6.12441, 37.46389 ], [ -6.1224, 37.47847 ], [ -6.14537, 37.48185 ], [ -6.15943, 37.48637 ], [ -6.1752, 37.49621 ], [ -6.19525, 37.50079 ], [ -6.19786, 37.49688 ], [ -6.20905, 37.47173 ], [ -6.21642, 37.46276 ], [ -6.21957, 37.44978 ], [ -6.21485, 37.43814 ], [ -6.20125, 37.43216 ], [ -6.19382, 37.43986 ] ] } },
{ "type": "Feature", "properties": { "CMUN": "41068", "NMUN": "Osuna", "NPRO": "Sevilla", "CPRO": "41", "stroke": "#aaaaaa", "stroke-width": 0.7, "stroke-opacity": 0.45 }, "geometry": { "type": "LineString", "coordinates": [ [ -4.98964, 37.22955 ], [ -4.9981, 37.24273 ], [ -5.0058, 37.24663 ], [ -5.00552, 37.26257 ], [ -5.00407, 37.27852 ], [ -4.99597, 37.29529 ], [ -5.00097, 37.30347 ], [ -4.98983, 37.32664 ], [ -5.00928, 37.32858 ], [ -5.0146, 37.31861 ], [ -5.02751, 37.31193 ], [ -5.0358, 37.33245 ], [ -5.03773, 37.34671 ], [ -5.02655, 37.35854 ], [ -5.02887, 37.37018 ], [ -5.05865, 37.37202 ], [ -5.10117, 37.38255 ], [ -5.11901, 37.38405 ], [ -5.15043, 37.38304 ], [ -5.16754, 37.38764 ], [ -5.17304, 37.39247 ], [ -5.2084, 37.38722 ], [ -5.20781, 37.37647 ], [ -5.19636, 37.36808 ], [ -5.19773, 37.36011 ], [ -5.18691, 37.3456 ], [ -5.21108, 37.33949 ], [ -5.21444, 37.34507 ], [ -5.23381, 37.34574 ], [ -5.24255, 37.35635 ], [ -5.25625, 37.35593 ], [ -5.25984, 37.32894 ], [ -5.2752, 37.30001 ], [ -5.27479, 37.29247 ], [ -5.26222, 37.27621 ], [ -5.26169, 37.265 ], [ -5.25046, 37.25053 ], [ -5.25264, 37.24472 ], [ -5.24315, 37.23172 ], [ -5.2432, 37.22548 ], [ -5.23382, 37.21457 ], [ -5.2151, 37.20402 ], [ -5.20931, 37.17718 ], [ -5.19849, 37.15467 ], [ -5.20317, 37.14395 ], [ -5.217, 37.13396 ], [ -5.21604, 37.12144 ], [ -5.20056, 37.11834 ], [ -5.20356, 37.11196 ], [ -5.18769, 37.09837 ], [ -5.16917, 37.09308 ], [ -5.16468, 37.08329 ], [ -5.13873, 37.0908 ], [ -5.13198, 37.10285 ], [ -5.1211, 37.10669 ], [ -5.11276, 37.11731 ], [ -5.10552, 37.11168 ], [ -5.09181, 37.11246 ], [ -5.08992, 37.11802 ], [ -5.06917, 37.13321 ], [ -5.05913, 37.13807 ], [ -5.06027, 37.14899 ], [ -5.04503, 37.14428 ], [ -5.0259, 37.15993 ], [ -5.01849, 37.16056 ], [ -5.01072, 37.17242 ], [ -4.99962, 37.1673 ], [ -4.98786, 37.17038 ], [ -4.97463, 37.17876 ], [ -4.96645, 37.18047 ], [ -4.96968, 37.19078 ], [ -4.98964, 37.22955 ] ] } },
{ "type": "Feature", "properties": { "CMUN": "41069", "NMUN": "Palacios y Villafranca, Los", "NPRO": "Sevilla", "CPRO": "41", "stroke": "#aaaaaa", "stroke-width": 0.7, "stroke-opacity": 0.45 }, "geometry": { "type": "LineString", "coordinates": [ [ -5.99635, 37.16392 ], [ -5.99189, 37.15238 ], [ -5.97927, 37.13516 ], [ -5.94771, 37.10112 ], [ -5.93691, 37.07844 ], [ -5.92885, 37.09106 ], [ -5.91564, 37.10121 ], [ -5.8859, 37.10788 ], [ -5.86009, 37.11575 ], [ -5.84236, 37.13961 ], [ -5.86246, 37.15756 ], [ -5.87723, 37.1748 ], [ -5.87863, 37.1897 ], [ -5.90401, 37.2035 ], [ -5.90841, 37.21338 ], [ -5.92213, 37.21264 ], [ -5.92956, 37.20606 ], [ -5.93009, 37.20568 ], [ -5.93789, 37.20328 ], [ -5.93917, 37.20217 ], [ -5.94193, 37.20065 ], [ -5.94324, 37.19962 ], [ -5.94505, 37.19936 ], [ -5.94689, 37.19861 ], [ -5.94832, 37.19755 ], [ -5.94918, 37.19671 ], [ -5.95117, 37.19732 ], [ -5.95337, 37.19679 ], [ -5.97104, 37.18358 ], [ -5.97913, 37.17561 ], [ -5.98434, 37.17175 ], [ -5.98621, 37.17017 ], [ -5.99171, 37.16675 ], [ -5.99635, 37.16392 ] ] } },
{ "type": "Feature", "properties": { "CMUN": "41070", "NMUN": "Palomares del Río", "NPRO": "Sevilla", "CPRO": "41", "stroke": "#aaaaaa", "stroke-width": 0.7, "stroke-opacity": 0.45 }, "geometry": { "type": "LineString", "coordinates": [ [ -6.07783, 37.29655 ], [ -6.07222, 37.30814 ], [ -6.0498, 37.30413 ], [ -6.0394, 37.29806 ], [ -6.0327, 37.3002 ], [ -6.02731, 37.31233 ], [ -6.03704, 37.3225 ], [ -6.03537, 37.32739 ], [ -6.05002, 37.33248 ], [ -6.05382, 37.32732 ], [ -6.06714, 37.32794 ], [ -6.09129, 37.31748 ], [ -6.07783, 37.29655 ] ] } },
{ "type": "Feature", "properties": { "CMUN": "41071", "NMUN": "Paradas", "NPRO": "Sevilla", "CPRO": "41", "stroke": "#aaaaaa", "stroke-width": 0.7, "stroke-opacity": 0.45 }, "geometry": { "type": "LineString", "coordinates": [ [ -5.43129, 37.23005 ], [ -5.42974, 37.23475 ], [ -5.43623, 37.23954 ], [ -5.42379, 37.24896 ], [ -5.42182, 37.27722 ], [ -5.43744, 37.29078 ], [ -5.45278, 37.30944 ], [ -5.46472, 37.31467 ], [ -5.4694, 37.32641 ], [ -5.48423, 37.32763 ], [ -5.48945, 37.34483 ], [ -5.50406, 37.34643 ], [ -5.50777, 37.35311 ], [ -5.52015, 37.35709 ], [ -5.52231, 37.35113 ], [ -5.56571, 37.32178 ], [ -5.56386, 37.30543 ], [ -5.57939, 37.28105 ], [ -5.58493, 37.27653 ], [ -5.5612, 37.26993 ], [ -5.53554, 37.27117 ], [ -5.53064, 37.26245 ], [ -5.50803, 37.25072 ], [ -5.47721, 37.24486 ], [ -5.4472, 37.23367 ], [ -5.43129, 37.23005 ] ] } },
{ "type": "Feature", "properties": { "CMUN": "41072", "NMUN": "Pedrera", "NPRO": "Sevilla", "CPRO": "41", "stroke": "#aaaaaa", "stroke-width": 0.7, "stroke-opacity": 0.45 }, "geometry": { "type": "LineString", "coordinates": [ [ -4.85387, 37.19858 ], [ -4.85335, 37.20894 ], [ -4.85198, 37.22335 ], [ -4.85893, 37.25148 ], [ -4.89666, 37.2492 ], [ -4.90252, 37.2367 ], [ -4.9272, 37.23098 ], [ -4.93298, 37.22032 ], [ -4.93249, 37.21096 ], [ -4.92399, 37.19339 ], [ -4.93509, 37.19343 ], [ -4.94178, 37.17705 ], [ -4.95636, 37.18362 ], [ -4.96645, 37.18047 ], [ -4.97463, 37.17876 ], [ -4.96039, 37.17058 ], [ -4.95698, 37.16365 ], [ -4.94267, 37.15759 ], [ -4.9396, 37.1757 ], [ -4.90403, 37.17522 ], [ -4.89783, 37.17036 ], [ -4.89762, 37.15603 ], [ -4.8755, 37.15819 ], [ -4.8567, 37.17357 ], [ -4.8589, 37.19071 ], [ -4.85387, 37.19858 ] ] } },
{ "type": "Feature", "properties": { "CMUN": "41073", "NMUN": "Pedroso, El", "NPRO": "Sevilla", "CPRO": "41", "stroke": "#aaaaaa", "stroke-width": 0.7, "stroke-opacity": 0.45 }, "geometry": { "type": "LineString", "coordinates": [ [ -5.70388, 37.73649 ], [ -5.69312, 37.73756 ], [ -5.67901, 37.76196 ], [ -5.68493, 37.76557 ], [ -5.68588, 37.78421 ], [ -5.67997, 37.79572 ], [ -5.6859, 37.79917 ], [ -5.67692, 37.81164 ], [ -5.67283, 37.82538 ], [ -5.69677, 37.83246 ], [ -5.69864, 37.84032 ], [ -5.71128, 37.85416 ], [ -5.73019, 37.86298 ], [ -5.75513, 37.8652 ], [ -5.77965, 37.87921 ], [ -5.79619, 37.88294 ], [ -5.80209, 37.87963 ], [ -5.82034, 37.88078 ], [ -5.83091, 37.86701 ], [ -5.83784, 37.86575 ], [ -5.84847, 37.87371 ], [ -5.8691, 37.86595 ], [ -5.86852, 37.85781 ], [ -5.88761, 37.83421 ], [ -5.90125, 37.82399 ], [ -5.91858, 37.82394 ], [ -5.92104, 37.80892 ], [ -5.90871, 37.80425 ], [ -5.91124, 37.79103 ], [ -5.89658, 37.78242 ], [ -5.8903, 37.76442 ], [ -5.88327, 37.76121 ], [ -5.88592, 37.75011 ], [ -5.87768, 37.74519 ], [ -5.87874, 37.72731 ], [ -5.88514, 37.71999 ], [ -5.86357, 37.70448 ], [ -5.86362, 37.6974 ], [ -5.84321, 37.68997 ], [ -5.8365, 37.68439 ], [ -5.7919, 37.68757 ], [ -5.79728, 37.70274 ], [ -5.77435, 37.7156 ], [ -5.75881, 37.72679 ], [ -5.73617, 37.73247 ], [ -5.70388, 37.73649 ] ] } },
{ "type": "Feature", "properties": { "CMUN": "41074", "NMUN": "Peñaflor", "NPRO": "Sevilla", "CPRO": "41", "stroke": "#aaaaaa", "stroke-width": 0.7, "stroke-opacity": 0.45 }, "geometry": { "type": "LineString", "coordinates": [ [ -5.42436, 37.7521 ], [ -5.42966, 37.74065 ], [ -5.41965, 37.71415 ], [ -5.42272, 37.70921 ], [ -5.4189, 37.68774 ], [ -5.41191, 37.68351 ], [ -5.40369, 37.69302 ], [ -5.3859, 37.69672 ], [ -5.38454, 37.68206 ], [ -5.37432, 37.6785 ], [ -5.36047, 37.69872 ], [ -5.33686, 37.70567 ], [ -5.3257, 37.69175 ], [ -5.31093, 37.70912 ], [ -5.30429, 37.72108 ], [ -5.30772, 37.73689 ], [ -5.31289, 37.75288 ], [ -5.31826, 37.75721 ], [ -5.30975, 37.77359 ], [ -5.32945, 37.78192 ], [ -5.3568, 37.76925 ], [ -5.37798, 37.76894 ], [ -5.39637, 37.76545 ], [ -5.40635, 37.75749 ], [ -5.42436, 37.7521 ] ] } },
{ "type": "Feature", "properties": { "CMUN": "41075", "NMUN": "Pilas", "NPRO": "Sevilla", "CPRO": "41", "stroke": "#aaaaaa", "stroke-width": 0.7, "stroke-opacity": 0.45 }, "geometry": { "type": "LineString", "coordinates": [ [ -6.33708, 37.27474 ], [ -6.33062, 37.26458 ], [ -6.30098, 37.26291 ], [ -6.29291, 37.26649 ], [ -6.27498, 37.27361 ], [ -6.28063, 37.28313 ], [ -6.2851, 37.30137 ], [ -6.29208, 37.31226 ], [ -6.28908, 37.31994 ], [ -6.26793, 37.31944 ], [ -6.25231, 37.32774 ], [ -6.25592, 37.3312 ], [ -6.27061, 37.33525 ], [ -6.27349, 37.34165 ], [ -6.29345, 37.33921 ], [ -6.30142, 37.32478 ], [ -6.31955, 37.32874 ], [ -6.33669, 37.32209 ], [ -6.35631, 37.33129 ], [ -6.36843, 37.34949 ], [ -6.37822, 37.34608 ], [ -6.38457, 37.33749 ], [ -6.35853, 37.31996 ], [ -6.34357, 37.31271 ], [ -6.33564, 37.30135 ], [ -6.3365, 37.28945 ], [ -6.34241, 37.27967 ], [ -6.33708, 37.27474 ] ] } },
{ "type": "Feature", "properties": { "CMUN": "41076", "NMUN": "Pruna", "NPRO": "Sevilla", "CPRO": "41", "stroke": "#aaaaaa", "stroke-width": 0.7, "stroke-opacity": 0.45 }, "geometry": { "type": "LineString", "coordinates": [ [ -5.1584, 36.98932 ], [ -5.18176, 37.00139 ], [ -5.1877, 37.00977 ], [ -5.17778, 37.01945 ], [ -5.18136, 37.02934 ], [ -5.17774, 37.04259 ], [ -5.18429, 37.04847 ], [ -5.22404, 37.06074 ], [ -5.22437, 37.06053 ], [ -5.2372, 37.05288 ], [ -5.26068, 37.05155 ], [ -5.27481, 37.04595 ], [ -5.29163, 37.04669 ], [ -5.3021, 37.03736 ], [ -5.30203, 37.01923 ], [ -5.28588, 37.00064 ], [ -5.27381, 36.99019 ], [ -5.25673, 36.96404 ], [ -5.23453, 36.94105 ], [ -5.22522, 36.9423 ], [ -5.2073, 36.96178 ], [ -5.19166, 36.96641 ], [ -5.17322, 36.97786 ], [ -5.16264, 36.98142 ], [ -5.1584, 36.98932 ] ] } },
{ "type": "Feature", "properties": { "CMUN": "41077", "NMUN": "Puebla de Cazalla, La", "NPRO": "Sevilla", "CPRO": "41", "stroke": "#aaaaaa", "stroke-width": 0.7, "stroke-opacity": 0.45 }, "geometry": { "type": "LineString", "coordinates": [ [ -5.21604, 37.12144 ], [ -5.217, 37.13396 ], [ -5.20317, 37.14395 ], [ -5.19849, 37.15467 ], [ -5.20931, 37.17718 ], [ -5.2151, 37.20402 ], [ -5.23382, 37.21457 ], [ -5.2432, 37.22548 ], [ -5.24315, 37.23172 ], [ -5.25264, 37.24472 ], [ -5.25046, 37.25053 ], [ -5.26169, 37.265 ], [ -5.27736, 37.25279 ], [ -5.28674, 37.24116 ], [ -5.3028, 37.23281 ], [ -5.32993, 37.22262 ], [ -5.35218, 37.20955 ], [ -5.35098, 37.19623 ], [ -5.35901, 37.1898 ], [ -5.36101, 37.1649 ], [ -5.3477, 37.14197 ], [ -5.32, 37.12691 ], [ -5.2988, 37.09657 ], [ -5.27281, 37.08592 ], [ -5.26647, 37.07841 ], [ -5.24743, 37.06736 ], [ -5.22437, 37.06053 ], [ -5.22404, 37.06074 ], [ -5.21614, 37.07067 ], [ -5.21971, 37.0951 ], [ -5.21453, 37.10246 ], [ -5.21604, 37.12144 ] ] } },
{ "type": "Feature", "properties": { "CMUN": "41078", "NMUN": "Puebla de los Infantes, La", "NPRO": "Sevilla", "CPRO": "41", "stroke": "#aaaaaa", "stroke-width": 0.7, "stroke-opacity": 0.45 }, "geometry": { "type": "LineString", "coordinates": [ [ -5.40846, 37.8661 ], [ -5.42824, 37.8685 ], [ -5.48614, 37.85229 ], [ -5.49061, 37.83642 ], [ -5.51248, 37.80099 ], [ -5.51469, 37.78993 ], [ -5.51108, 37.78013 ], [ -5.51166, 37.75124 ], [ -5.49319, 37.75419 ], [ -5.47832, 37.7519 ], [ -5.45763, 37.75719 ], [ -5.43568, 37.75187 ], [ -5.42436, 37.7521 ], [ -5.40635, 37.75749 ], [ -5.39637, 37.76545 ], [ -5.37798, 37.76894 ], [ -5.3568, 37.76925 ], [ -5.32945, 37.78192 ], [ -5.35004, 37.79471 ], [ -5.34747, 37.81278 ], [ -5.33977, 37.83353 ], [ -5.35098, 37.84347 ], [ -5.36845, 37.85013 ], [ -5.38143, 37.85162 ], [ -5.38905, 37.85836 ], [ -5.40846, 37.8661 ] ] } },
{ "type": "Feature", "properties": { "CMUN": "41079", "NMUN": "Puebla del Río, La", "NPRO": "Sevilla", "CPRO": "41", "stroke": "#aaaaaa", "stroke-width": 0.7, "stroke-opacity": 0.45 }, "geometry": { "type": "LineString", "coordinates": [ [ -6.08753, 37.28612 ], [ -6.10736, 37.28893 ], [ -6.12207, 37.30323 ], [ -6.13072, 37.30324 ], [ -6.14124, 37.2917 ], [ -6.13859, 37.27655 ], [ -6.14082, 37.25971 ], [ -6.15292, 37.25638 ], [ -6.1662, 37.25947 ], [ -6.17964, 37.25639 ], [ -6.1934, 37.22466 ], [ -6.19612, 37.19078 ], [ -6.17885, 37.18741 ], [ -6.17646, 37.18082 ], [ -6.15182, 37.17265 ], [ -6.13743, 37.17498 ], [ -6.11441, 37.20187 ], [ -6.10599, 37.18859 ], [ -6.1114, 37.17527 ], [ -6.15847, 37.12927 ], [ -6.16161, 37.12468 ], [ -6.14183, 37.09436 ], [ -6.12699, 37.08245 ], [ -6.12234, 37.06979 ], [ -6.1444, 37.05181 ], [ -6.15455, 37.03883 ], [ -6.16641, 37.03758 ], [ -6.20228, 37.03847 ], [ -6.21472, 37.02412 ], [ -6.2254, 37.02206 ], [ -6.2345, 37.03345 ], [ -6.2466, 37.03228 ], [ -6.25803, 37.01802 ], [ -6.25932, 37.00997 ], [ -6.25329, 36.99902 ], [ -6.26366, 36.99176 ], [ -6.28374, 36.99109 ], [ -6.28962, 36.98284 ], [ -6.28918, 36.96281 ], [ -6.26864, 36.94559 ], [ -6.26973, 36.93223 ], [ -6.27829, 36.91085 ], [ -6.25843, 36.89526 ], [ -6.24837, 36.89365 ], [ -6.231, 36.89811 ], [ -6.20171, 36.91658 ], [ -6.18848, 36.9395 ], [ -6.16177, 37.00839 ], [ -6.15301, 37.02403 ], [ -6.12426, 37.03516 ], [ -6.10256, 37.04948 ], [ -6.08463, 37.0751 ], [ -6.07338, 37.06892 ], [ -6.07197, 37.05883 ], [ -6.05339, 37.05414 ], [ -6.04408, 37.05744 ], [ -6.03778, 37.07865 ], [ -6.03576, 37.09003 ], [ -6.04261, 37.10692 ], [ -6.0278, 37.11773 ], [ -6.0312, 37.12725 ], [ -6.04858, 37.13324 ], [ -6.03909, 37.14151 ], [ -6.03946, 37.15009 ], [ -6.04056, 37.15096 ], [ -6.04255, 37.15173 ], [ -6.04391, 37.15181 ], [ -6.05153, 37.15078 ], [ -6.05275, 37.15078 ], [ -6.05681, 37.15108 ], [ -6.0607, 37.1534 ], [ -6.06154, 37.15474 ], [ -6.06202, 37.15633 ], [ -6.06171, 37.15791 ], [ -6.0585, 37.16093 ], [ -6.05575, 37.16248 ], [ -6.04137, 37.16675 ], [ -6.03913, 37.1671 ], [ -6.03209, 37.16743 ], [ -6.02976, 37.16829 ], [ -6.02688, 37.17442 ], [ -6.02718, 37.17557 ], [ -6.0305, 37.17959 ], [ -6.03274, 37.18154 ], [ -6.0334, 37.18194 ], [ -6.03353, 37.18217 ], [ -6.03798, 37.19368 ], [ -6.05561, 37.19836 ], [ -6.07652, 37.21265 ], [ -6.05622, 37.23071 ], [ -6.06218, 37.25084 ], [ -6.05443, 37.27259 ], [ -6.07994, 37.28019 ], [ -6.08753, 37.28612 ] ] } },
{ "type": "Feature", "properties": { "CMUN": "41080", "NMUN": "Real de la Jara, El", "NPRO": "Sevilla", "CPRO": "41", "stroke": "#aaaaaa", "stroke-width": 0.7, "stroke-opacity": 0.45 }, "geometry": { "type": "LineString", "coordinates": [ [ -5.95369, 37.99535 ], [ -5.96092, 37.99975 ], [ -5.99469, 37.99805 ], [ -6.00628, 37.99141 ], [ -6.0171, 37.99112 ], [ -6.03075, 37.99759 ], [ -6.03816, 37.99518 ], [ -6.05203, 37.99684 ], [ -6.07817, 37.98463 ], [ -6.11904, 37.98048 ], [ -6.13557, 37.9722 ], [ -6.14936, 37.9657 ], [ -6.15172, 37.95898 ], [ -6.16475, 37.95571 ], [ -6.18024, 37.94103 ], [ -6.1841, 37.92815 ], [ -6.16997, 37.90982 ], [ -6.16228, 37.91827 ], [ -6.14876, 37.91671 ], [ -6.1251, 37.90334 ], [ -6.09634, 37.91891 ], [ -6.0602, 37.92065 ], [ -6.04286, 37.91629 ], [ -6.00727, 37.92115 ], [ -5.95435, 37.90702 ], [ -5.94246, 37.91248 ], [ -5.93436, 37.92371 ], [ -5.9418, 37.92731 ], [ -5.94183, 37.9633 ], [ -5.95811, 37.96703 ], [ -5.96052, 37.97886 ], [ -5.95369, 37.99535 ] ] } },
{ "type": "Feature", "properties": { "CMUN": "41081", "NMUN": "Rinconada, La", "NPRO": "Sevilla", "CPRO": "41", "stroke": "#aaaaaa", "stroke-width": 0.7, "stroke-opacity": 0.45 }, "geometry": { "type": "LineString", "coordinates": [ [ -5.90853, 37.53733 ], [ -5.92856, 37.51877 ], [ -5.94591, 37.51372 ], [ -5.94319, 37.50365 ], [ -5.95488, 37.48684 ], [ -5.97642, 37.48998 ], [ -5.97753, 37.5019 ], [ -5.98611, 37.50573 ], [ -6.00344, 37.49118 ], [ -6.00496, 37.48566 ], [ -5.99533, 37.47452 ], [ -5.98413, 37.47106 ], [ -5.98802, 37.46354 ], [ -6.00558, 37.45742 ], [ -6.01019, 37.44322 ], [ -5.99916, 37.4485 ], [ -5.95008, 37.45296 ], [ -5.90696, 37.44438 ], [ -5.88768, 37.42804 ], [ -5.87205, 37.40703 ], [ -5.85975, 37.40017 ], [ -5.84079, 37.39549 ], [ -5.81952, 37.39812 ], [ -5.81759, 37.42318 ], [ -5.82387, 37.44197 ], [ -5.82914, 37.46674 ], [ -5.83828, 37.48723 ], [ -5.84031, 37.49876 ], [ -5.85754, 37.5131 ], [ -5.86882, 37.52777 ], [ -5.88248, 37.53571 ], [ -5.88654, 37.54372 ], [ -5.90853, 37.53733 ] ] } },
{ "type": "Feature", "properties": { "CMUN": "41082", "NMUN": "Roda de Andalucía, La", "NPRO": "Sevilla", "CPRO": "41", "stroke": "#aaaaaa", "stroke-width": 0.7, "stroke-opacity": 0.45 }, "geometry": { "type": "LineString", "coordinates": [ [ -4.73343, 37.25003 ], [ -4.75706, 37.26145 ], [ -4.78128, 37.26911 ], [ -4.78582, 37.25636 ], [ -4.78821, 37.23516 ], [ -4.78634, 37.22745 ], [ -4.82463, 37.22935 ], [ -4.82357, 37.22155 ], [ -4.84335, 37.20896 ], [ -4.85335, 37.20894 ], [ -4.85387, 37.19858 ], [ -4.82591, 37.2007 ], [ -4.8153, 37.18052 ], [ -4.79599, 37.15429 ], [ -4.78568, 37.1568 ], [ -4.77545, 37.16809 ], [ -4.76165, 37.17098 ], [ -4.76029, 37.17708 ], [ -4.73193, 37.18554 ], [ -4.70861, 37.19769 ], [ -4.72727, 37.21373 ], [ -4.73231, 37.22615 ], [ -4.71795, 37.23989 ], [ -4.73575, 37.24483 ], [ -4.73343, 37.25003 ] ] } },
{ "type": "Feature", "properties": { "CMUN": "41083", "NMUN": "Ronquillo, El", "NPRO": "Sevilla", "CPRO": "41", "stroke": "#aaaaaa", "stroke-width": 0.7, "stroke-opacity": 0.45 }, "geometry": { "type": "LineString", "coordinates": [ [ -6.13402, 37.78783 ], [ -6.14711, 37.79371 ], [ -6.15909, 37.79066 ], [ -6.17738, 37.79816 ], [ -6.18766, 37.80988 ], [ -6.2024, 37.80553 ], [ -6.21553, 37.79124 ], [ -6.2057, 37.76603 ], [ -6.21989, 37.75447 ], [ -6.21665, 37.74455 ], [ -6.23481, 37.73856 ], [ -6.21567, 37.72151 ], [ -6.20306, 37.69365 ], [ -6.20377, 37.68783 ], [ -6.19214, 37.68188 ], [ -6.18767, 37.67078 ], [ -6.17892, 37.6714 ], [ -6.18098, 37.69689 ], [ -6.18735, 37.70803 ], [ -6.16215, 37.71232 ], [ -6.15065, 37.71969 ], [ -6.12326, 37.71658 ], [ -6.12137, 37.72467 ], [ -6.13688, 37.73585 ], [ -6.1407, 37.7508 ], [ -6.13128, 37.75415 ], [ -6.13293, 37.77009 ], [ -6.13402, 37.78783 ] ] } },
{ "type": "Feature", "properties": { "CMUN": "41084", "NMUN": "Rubio, El", "NPRO": "Sevilla", "CPRO": "41", "stroke": "#aaaaaa", "stroke-width": 0.7, "stroke-opacity": 0.45 }, "geometry": { "type": "LineString", "coordinates": [ [ -4.9842, 37.34734 ], [ -4.97974, 37.35487 ], [ -4.98898, 37.36964 ], [ -5.02887, 37.37018 ], [ -5.02655, 37.35854 ], [ -5.03773, 37.34671 ], [ -5.0358, 37.33245 ], [ -5.02751, 37.31193 ], [ -5.0146, 37.31861 ], [ -5.00928, 37.32858 ], [ -4.98983, 37.32664 ], [ -4.99042, 37.33446 ], [ -4.9842, 37.34734 ] ] } },
{ "type": "Feature", "properties": { "CMUN": "41085", "NMUN": "Salteras", "NPRO": "Sevilla", "CPRO": "41", "stroke": "#aaaaaa", "stroke-width": 0.7, "stroke-opacity": 0.45 }, "geometry": { "type": "LineString", "coordinates": [ [ -6.1066, 37.40142 ], [ -6.09554, 37.41442 ], [ -6.0914, 37.43401 ], [ -6.09627, 37.45087 ], [ -6.08721, 37.45617 ], [ -6.06318, 37.45411 ], [ -6.04017, 37.4525 ], [ -6.0391, 37.44316 ], [ -6.02848, 37.42531 ], [ -6.02335, 37.42795 ], [ -6.02874, 37.44263 ], [ -6.04063, 37.45375 ], [ -6.03411, 37.47121 ], [ -6.02539, 37.47808 ], [ -6.02995, 37.49255 ], [ -6.04084, 37.49009 ], [ -6.05896, 37.49902 ], [ -6.07176, 37.49118 ], [ -6.08634, 37.50321 ], [ -6.09896, 37.4968 ], [ -6.11003, 37.48397 ], [ -6.1224, 37.47847 ], [ -6.12441, 37.46389 ], [ -6.14152, 37.43665 ], [ -6.13577, 37.42547 ], [ -6.14483, 37.40992 ], [ -6.12432, 37.41535 ], [ -6.1144, 37.39704 ], [ -6.1066, 37.40142 ] ] } },
{ "type": "Feature", "properties": { "CMUN": "41086", "NMUN": "San Juan de Aznalfarache", "NPRO": "Sevilla", "CPRO": "41", "stroke": "#aaaaaa", "stroke-width": 0.7, "stroke-opacity": 0.45 }, "geometry": { "type": "LineString", "coordinates": [ [ -6.05033, 37.35931 ], [ -6.03324, 37.3546 ], [ -6.03306, 37.34852 ], [ -6.02242, 37.35035 ], [ -6.02179, 37.37944 ], [ -6.05033, 37.35931 ] ] } },
{ "type": "Feature", "properties": { "CMUN": "41087", "NMUN": "Sanlúcar la Mayor", "NPRO": "Sevilla", "CPRO": "41", "stroke": "#aaaaaa", "stroke-width": 0.7, "stroke-opacity": 0.45 }, "geometry": { "type": "LineString", "coordinates": [ [ -6.19786, 37.49688 ], [ -6.2076, 37.5187 ], [ -6.21475, 37.52539 ], [ -6.2215, 37.5404 ], [ -6.2336, 37.55635 ], [ -6.22892, 37.57272 ], [ -6.22839, 37.58716 ], [ -6.23218, 37.60173 ], [ -6.2433, 37.61748 ], [ -6.25722, 37.62812 ], [ -6.2545, 37.61181 ], [ -6.26551, 37.58735 ], [ -6.26128, 37.5627 ], [ -6.23734, 37.54619 ], [ -6.224, 37.52889 ], [ -6.22155, 37.51971 ], [ -6.22876, 37.48319 ], [ -6.24127, 37.46794 ], [ -6.25857, 37.47018 ], [ -6.27736, 37.46398 ], [ -6.29075, 37.46311 ], [ -6.32219, 37.45417 ], [ -6.31234, 37.44601 ], [ -6.30591, 37.43188 ], [ -6.31263, 37.41872 ], [ -6.33074, 37.41548 ], [ -6.31129, 37.39443 ], [ -6.286, 37.39946 ], [ -6.25208, 37.39455 ], [ -6.24329, 37.38215 ], [ -6.22848, 37.37209 ], [ -6.22448, 37.36156 ], [ -6.21169, 37.35922 ], [ -6.19304, 37.36295 ], [ -6.18402, 37.35514 ], [ -6.19152, 37.36666 ], [ -6.1731, 37.38437 ], [ -6.17049, 37.39339 ], [ -6.16835, 37.40377 ], [ -6.16947, 37.41539 ], [ -6.18506, 37.4221 ], [ -6.19382, 37.43986 ], [ -6.20125, 37.43216 ], [ -6.21485, 37.43814 ], [ -6.21957, 37.44978 ], [ -6.21642, 37.46276 ], [ -6.20905, 37.47173 ], [ -6.19786, 37.49688 ] ] } },
{ "type": "Feature", "properties": { "CMUN": "41088", "NMUN": "San Nicolás del Puerto", "NPRO": "Sevilla", "CPRO": "41", "stroke": "#aaaaaa", "stroke-width": 0.7, "stroke-opacity": 0.45 }, "geometry": { "type": "LineString", "coordinates": [ [ -5.57638, 37.98121 ], [ -5.58922, 37.98672 ], [ -5.59954, 37.98665 ], [ -5.60272, 38.01441 ], [ -5.61519, 38.02074 ], [ -5.63588, 38.00897 ], [ -5.65892, 38.01162 ], [ -5.67289, 37.98354 ], [ -5.66072, 37.96256 ], [ -5.67966, 37.95186 ], [ -5.67436, 37.95408 ], [ -5.6527, 37.94309 ], [ -5.63194, 37.94513 ], [ -5.61685, 37.95016 ], [ -5.60397, 37.9618 ], [ -5.57638, 37.98121 ] ] } },
{ "type": "Feature", "properties": { "CMUN": "41089", "NMUN": "Santiponce", "NPRO": "Sevilla", "CPRO": "41", "stroke": "#aaaaaa", "stroke-width": 0.7, "stroke-opacity": 0.45 }, "geometry": { "type": "LineString", "coordinates": [ [ -6.01269, 37.41322 ], [ -5.99601, 37.42013 ], [ -5.99234, 37.4254 ], [ -6.00527, 37.43172 ], [ -6.01639, 37.41956 ], [ -6.02335, 37.42795 ], [ -6.02848, 37.42531 ], [ -6.0391, 37.44316 ], [ -6.04017, 37.4525 ], [ -6.06318, 37.45411 ], [ -6.05522, 37.43263 ], [ -6.03303, 37.4282 ], [ -6.03014, 37.42405 ], [ -6.01269, 37.41322 ] ] } },
{ "type": "Feature", "properties": { "CMUN": "41090", "NMUN": "Saucejo, El", "NPRO": "Sevilla", "CPRO": "41", "stroke": "#aaaaaa", "stroke-width": 0.7, "stroke-opacity": 0.45 }, "geometry": { "type": "LineString", "coordinates": [ [ -5.05309, 37.0306 ], [ -5.04679, 37.03995 ], [ -5.02591, 37.05184 ], [ -5.0346, 37.06215 ], [ -5.02746, 37.06731 ], [ -5.02717, 37.08628 ], [ -5.04853, 37.08335 ], [ -5.04954, 37.09625 ], [ -5.04338, 37.0998 ], [ -5.04377, 37.11342 ], [ -5.05516, 37.11331 ], [ -5.07159, 37.12291 ], [ -5.06917, 37.13321 ], [ -5.08992, 37.11802 ], [ -5.09181, 37.11246 ], [ -5.10552, 37.11168 ], [ -5.11276, 37.11731 ], [ -5.1211, 37.10669 ], [ -5.13198, 37.10285 ], [ -5.13873, 37.0908 ], [ -5.16468, 37.08329 ], [ -5.16917, 37.09308 ], [ -5.18369, 37.08408 ], [ -5.16541, 37.07052 ], [ -5.16119, 37.07871 ], [ -5.15178, 37.07637 ], [ -5.15427, 37.06073 ], [ -5.14355, 37.06068 ], [ -5.14405, 37.04492 ], [ -5.13996, 37.04122 ], [ -5.12819, 37.04105 ], [ -5.12284, 37.02769 ], [ -5.11361, 37.0211 ], [ -5.08331, 37.03147 ], [ -5.05309, 37.0306 ] ] } },
{ "type": "Feature", "properties": { "CMUN": "41091", "NMUN": "Sevilla", "NPRO": "Sevilla", "CPRO": "41", "stroke": "#aaaaaa", "stroke-width": 0.7, "stroke-opacity": 0.45 }, "geometry": { "type": "MultiLineString", "coordinates": [ [ [ -6.014, 37.31486 ], [ -6.02731, 37.31233 ], [ -6.0327, 37.3002 ], [ -6.014, 37.31486 ] ], [ [ -6.00309, 37.3203 ], [ -5.96997, 37.31328 ], [ -5.96971, 37.3132 ], [ -5.96921, 37.31305 ], [ -5.96748, 37.31523 ], [ -5.96334, 37.32393 ], [ -5.95869, 37.32882 ], [ -5.95741, 37.33285 ], [ -5.95735, 37.33424 ], [ -5.95717, 37.33487 ], [ -5.95516, 37.33674 ], [ -5.95017, 37.34406 ], [ -5.94907, 37.34588 ], [ -5.93859, 37.36208 ], [ -5.94297, 37.3681 ], [ -5.90467, 37.37701 ], [ -5.88599, 37.38739 ], [ -5.8475, 37.38808 ], [ -5.81929, 37.39036 ], [ -5.81952, 37.39812 ], [ -5.84079, 37.39549 ], [ -5.85975, 37.40017 ], [ -5.87205, 37.40703 ], [ -5.88768, 37.42804 ], [ -5.90696, 37.44438 ], [ -5.95008, 37.45296 ], [ -5.99916, 37.4485 ], [ -6.01019, 37.44322 ], [ -6.02874, 37.44263 ], [ -6.02335, 37.42795 ], [ -6.01639, 37.41956 ], [ -6.00527, 37.43172 ], [ -5.99234, 37.4254 ], [ -5.99601, 37.42013 ], [ -6.01269, 37.41322 ], [ -6.01552, 37.40129 ], [ -6.02481, 37.3919 ], [ -6.02239, 37.38109 ], [ -6.02179, 37.37944 ], [ -6.02242, 37.35035 ], [ -6.02101, 37.33675 ], [ -6.00309, 37.3203 ] ] ] } },
{ "type": "Feature", "properties": { "CMUN": "41092", "NMUN": "Tocina", "NPRO": "Sevilla", "CPRO": "41", "stroke": "#aaaaaa", "stroke-width": 0.7, "stroke-opacity": 0.45 }, "geometry": { "type": "LineString", "coordinates": [ [ -5.75034, 37.58507 ], [ -5.7357, 37.5877 ], [ -5.71087, 37.58644 ], [ -5.70578, 37.59709 ], [ -5.71524, 37.60745 ], [ -5.71124, 37.62318 ], [ -5.71729, 37.63098 ], [ -5.73417, 37.6282 ], [ -5.73855, 37.61827 ], [ -5.75058, 37.61621 ], [ -5.75539, 37.60504 ], [ -5.75034, 37.58507 ] ] } },
{ "type": "Feature", "properties": { "CMUN": "41093", "NMUN": "Tomares", "NPRO": "Sevilla", "CPRO": "41", "stroke": "#aaaaaa", "stroke-width": 0.7, "stroke-opacity": 0.45 }, "geometry": { "type": "LineString", "coordinates": [ [ -6.05033, 37.35931 ], [ -6.02179, 37.37944 ], [ -6.02239, 37.38109 ], [ -6.04524, 37.38143 ], [ -6.06269, 37.37665 ], [ -6.0561, 37.35792 ], [ -6.05033, 37.35931 ] ] } },
{ "type": "Feature", "properties": { "CMUN": "41094", "NMUN": "Umbrete", "NPRO": "Sevilla", "CPRO": "41", "stroke": "#aaaaaa", "stroke-width": 0.7, "stroke-opacity": 0.45 }, "geometry": { "type": "MultiLineString", "coordinates": [ [ [ -6.198, 37.27283 ], [ -6.18921, 37.28333 ], [ -6.19106, 37.29086 ], [ -6.20052, 37.29551 ], [ -6.20507, 37.29267 ], [ -6.21095, 37.28447 ], [ -6.198, 37.27283 ] ], [ [ -6.18277, 37.35411 ], [ -6.17779, 37.34651 ], [ -6.15495, 37.35477 ], [ -6.15412, 37.37266 ], [ -6.15778, 37.37906 ], [ -6.1731, 37.38437 ], [ -6.19152, 37.36666 ], [ -6.18402, 37.35514 ], [ -6.18277, 37.35411 ] ] ] } },
{ "type": "Feature", "properties": { "CMUN": "41095", "NMUN": "Utrera", "NPRO": "Sevilla", "CPRO": "41", "stroke": "#aaaaaa", "stroke-width": 0.7, "stroke-opacity": 0.45 }, "geometry": { "type": "MultiLineString", "coordinates": [ [ [ -5.90841, 37.21338 ], [ -5.90401, 37.2035 ], [ -5.87863, 37.1897 ], [ -5.87723, 37.1748 ], [ -5.86246, 37.15756 ], [ -5.84236, 37.13961 ], [ -5.86009, 37.11575 ], [ -5.8859, 37.10788 ], [ -5.91564, 37.10121 ], [ -5.92885, 37.09106 ], [ -5.93691, 37.07844 ], [ -5.94771, 37.10112 ], [ -5.97927, 37.13516 ], [ -5.99189, 37.15238 ], [ -5.99635, 37.16392 ], [ -5.99965, 37.1626 ], [ -6.00666, 37.1606 ], [ -6.01899, 37.15695 ], [ -6.02101, 37.15639 ], [ -6.0313, 37.15403 ], [ -6.03541, 37.15281 ], [ -6.03946, 37.15009 ], [ -6.03909, 37.14151 ], [ -6.04858, 37.13324 ], [ -6.0312, 37.12725 ], [ -6.0278, 37.11773 ], [ -6.04261, 37.10692 ], [ -6.03576, 37.09003 ], [ -6.03778, 37.07865 ], [ -6.0298, 37.07445 ], [ -6.01164, 37.072 ], [ -5.97761, 37.06312 ], [ -5.95074, 37.05796 ], [ -5.90538, 37.04271 ], [ -5.88949, 37.03292 ], [ -5.86915, 37.02524 ], [ -5.84529, 36.99222 ], [ -5.82736, 36.98559 ], [ -5.82626, 36.97818 ], [ -5.8155, 36.96748 ], [ -5.80777, 36.95196 ], [ -5.83487, 36.93757 ], [ -5.83891, 36.92653 ], [ -5.83179, 36.91565 ], [ -5.80639, 36.92515 ], [ -5.77411, 36.92425 ], [ -5.763, 36.92572 ], [ -5.74402, 36.92294 ], [ -5.73631, 36.91822 ], [ -5.71701, 36.91952 ], [ -5.7032, 36.9256 ], [ -5.69618, 36.93528 ], [ -5.69461, 36.95678 ], [ -5.66612, 36.97574 ], [ -5.64967, 36.95432 ], [ -5.63283, 36.9506 ], [ -5.62614, 36.95444 ], [ -5.61854, 36.94049 ], [ -5.61057, 36.94134 ], [ -5.60589, 36.95085 ], [ -5.59556, 36.94488 ], [ -5.58815, 36.94689 ], [ -5.59605, 36.96065 ], [ -5.61124, 36.97196 ], [ -5.61877, 36.99095 ], [ -5.65679, 37.03006 ], [ -5.67448, 37.04131 ], [ -5.67892, 37.04754 ], [ -5.67852, 37.07962 ], [ -5.66342, 37.10462 ], [ -5.65512, 37.11198 ], [ -5.61239, 37.10868 ], [ -5.61852, 37.12747 ], [ -5.63392, 37.13252 ], [ -5.6526, 37.13495 ], [ -5.67382, 37.14863 ], [ -5.6975, 37.14374 ], [ -5.70504, 37.14477 ], [ -5.72169, 37.13835 ], [ -5.74983, 37.16044 ], [ -5.69229, 37.18793 ], [ -5.71333, 37.19449 ], [ -5.72718, 37.20398 ], [ -5.72038, 37.22335 ], [ -5.73765, 37.23692 ], [ -5.75459, 37.23178 ], [ -5.76107, 37.24181 ], [ -5.76072, 37.25037 ], [ -5.77338, 37.2495 ], [ -5.78259, 37.25393 ], [ -5.78806, 37.24569 ], [ -5.81276, 37.23459 ], [ -5.83328, 37.23508 ], [ -5.84237, 37.24408 ], [ -5.84821, 37.22697 ], [ -5.87657, 37.22272 ], [ -5.90596, 37.2095 ], [ -5.90841, 37.21338 ] ], [ [ -5.7904, 37.08965 ], [ -5.78411, 37.07509 ], [ -5.77612, 37.07783 ], [ -5.75239, 37.05671 ], [ -5.74929, 37.04647 ], [ -5.76508, 37.03384 ], [ -5.78863, 37.02955 ], [ -5.79074, 37.01952 ], [ -5.82114, 37.02876 ], [ -5.82477, 37.04129 ], [ -5.81136, 37.05609 ], [ -5.81997, 37.069 ], [ -5.79609, 37.09067 ], [ -5.7904, 37.08965 ] ] ] } },
{ "type": "Feature", "properties": { "CMUN": "41096", "NMUN": "Valencina de la Concepción", "NPRO": "Sevilla", "CPRO": "41", "stroke": "#aaaaaa", "stroke-width": 0.7, "stroke-opacity": 0.45 }, "geometry": { "type": "LineString", "coordinates": [ [ -6.06078, 37.39317 ], [ -6.06227, 37.39967 ], [ -6.05895, 37.41124 ], [ -6.04352, 37.41549 ], [ -6.03014, 37.42405 ], [ -6.03303, 37.4282 ], [ -6.05522, 37.43263 ], [ -6.06318, 37.45411 ], [ -6.08721, 37.45617 ], [ -6.09627, 37.45087 ], [ -6.0914, 37.43401 ], [ -6.09554, 37.41442 ], [ -6.1066, 37.40142 ], [ -6.08939, 37.39985 ], [ -6.08522, 37.39379 ], [ -6.07519, 37.39517 ], [ -6.06451, 37.38986 ], [ -6.06078, 37.39317 ] ] } },
{ "type": "Feature", "properties": { "CMUN": "41097", "NMUN": "Villamanrique de la Condesa", "NPRO": "Sevilla", "CPRO": "41", "stroke": "#aaaaaa", "stroke-width": 0.7, "stroke-opacity": 0.45 }, "geometry": { "type": "LineString", "coordinates": [ [ -6.33708, 37.27474 ], [ -6.34973, 37.26517 ], [ -6.35124, 37.24961 ], [ -6.35931, 37.23659 ], [ -6.34525, 37.21828 ], [ -6.35322, 37.19874 ], [ -6.35056, 37.18056 ], [ -6.33612, 37.16962 ], [ -6.30498, 37.18705 ], [ -6.28061, 37.23314 ], [ -6.27941, 37.24095 ], [ -6.26853, 37.24736 ], [ -6.26961, 37.25554 ], [ -6.26184, 37.26144 ], [ -6.26841, 37.26839 ], [ -6.28553, 37.26118 ], [ -6.29291, 37.26649 ], [ -6.30098, 37.26291 ], [ -6.33062, 37.26458 ], [ -6.33708, 37.27474 ] ] } },
{ "type": "Feature", "properties": { "CMUN": "41098", "NMUN": "Villanueva del Ariscal", "NPRO": "Sevilla", "CPRO": "41", "stroke": "#aaaaaa", "stroke-width": 0.7, "stroke-opacity": 0.45 }, "geometry": { "type": "LineString", "coordinates": [ [ -6.17049, 37.39339 ], [ -6.15053, 37.39124 ], [ -6.13528, 37.39314 ], [ -6.13276, 37.4047 ], [ -6.14539, 37.40893 ], [ -6.16835, 37.40377 ], [ -6.17049, 37.39339 ] ] } },
{ "type": "Feature", "properties": { "CMUN": "41099", "NMUN": "Villanueva del Río y Minas", "NPRO": "Sevilla", "CPRO": "41", "stroke": "#aaaaaa", "stroke-width": 0.7, "stroke-opacity": 0.45 }, "geometry": { "type": "LineString", "coordinates": [ [ -5.61611, 37.69936 ], [ -5.6158, 37.71967 ], [ -5.63776, 37.72132 ], [ -5.67614, 37.70405 ], [ -5.69727, 37.70399 ], [ -5.7011, 37.71391 ], [ -5.69785, 37.72344 ], [ -5.70388, 37.73649 ], [ -5.73617, 37.73247 ], [ -5.75881, 37.72679 ], [ -5.77435, 37.7156 ], [ -5.79728, 37.70274 ], [ -5.7919, 37.68757 ], [ -5.77744, 37.66899 ], [ -5.77763, 37.65745 ], [ -5.78595, 37.64663 ], [ -5.77987, 37.62341 ], [ -5.75058, 37.61621 ], [ -5.73855, 37.61827 ], [ -5.73417, 37.6282 ], [ -5.71729, 37.63098 ], [ -5.71124, 37.62318 ], [ -5.71524, 37.60745 ], [ -5.70578, 37.59709 ], [ -5.71087, 37.58644 ], [ -5.7357, 37.5877 ], [ -5.75034, 37.58507 ], [ -5.77864, 37.57304 ], [ -5.76907, 37.56698 ], [ -5.73107, 37.57189 ], [ -5.71521, 37.57732 ], [ -5.68573, 37.57524 ], [ -5.67155, 37.585 ], [ -5.68515, 37.59728 ], [ -5.68278, 37.6081 ], [ -5.67391, 37.61466 ], [ -5.68829, 37.62741 ], [ -5.67149, 37.66096 ], [ -5.65776, 37.67005 ], [ -5.6397, 37.67672 ], [ -5.63343, 37.68614 ], [ -5.61611, 37.69936 ] ] } },
{ "type": "Feature", "properties": { "CMUN": "41100", "NMUN": "Villanueva de San Juan", "NPRO": "Sevilla", "CPRO": "41", "stroke": "#aaaaaa", "stroke-width": 0.7, "stroke-opacity": 0.45 }, "geometry": { "type": "LineString", "coordinates": [ [ -5.16917, 37.09308 ], [ -5.18769, 37.09837 ], [ -5.20356, 37.11196 ], [ -5.20056, 37.11834 ], [ -5.21604, 37.12144 ], [ -5.21453, 37.10246 ], [ -5.21971, 37.0951 ], [ -5.21614, 37.07067 ], [ -5.22404, 37.06074 ], [ -5.18429, 37.04847 ], [ -5.17774, 37.04259 ], [ -5.15455, 37.03026 ], [ -5.13996, 37.04122 ], [ -5.14405, 37.04492 ], [ -5.14355, 37.06068 ], [ -5.15427, 37.06073 ], [ -5.15178, 37.07637 ], [ -5.16119, 37.07871 ], [ -5.16541, 37.07052 ], [ -5.18369, 37.08408 ], [ -5.16917, 37.09308 ] ] } },
{ "type": "Feature", "properties": { "CMUN": "41101", "NMUN": "Villaverde del Río", "NPRO": "Sevilla", "CPRO": "41", "stroke": "#aaaaaa", "stroke-width": 0.7, "stroke-opacity": 0.45 }, "geometry": { "type": "LineString", "coordinates": [ [ -5.89521, 37.57165 ], [ -5.88713, 37.56164 ], [ -5.87281, 37.56572 ], [ -5.86851, 37.57396 ], [ -5.86428, 37.58188 ], [ -5.85143, 37.59205 ], [ -5.86785, 37.61883 ], [ -5.87215, 37.63053 ], [ -5.88243, 37.64505 ], [ -5.90432, 37.63872 ], [ -5.9265, 37.63596 ], [ -5.93116, 37.61258 ], [ -5.92206, 37.58225 ], [ -5.91871, 37.57815 ], [ -5.8992, 37.58559 ], [ -5.89521, 37.57165 ] ] } },
{ "type": "Feature", "properties": { "CMUN": "41102", "NMUN": "Viso del Alcor, El", "NPRO": "Sevilla", "CPRO": "41", "stroke": "#aaaaaa", "stroke-width": 0.7, "stroke-opacity": 0.45 }, "geometry": { "type": "LineString", "coordinates": [ [ -5.75509, 37.39615 ], [ -5.73144, 37.38409 ], [ -5.7028, 37.36258 ], [ -5.69113, 37.3601 ], [ -5.68311, 37.36874 ], [ -5.66833, 37.37684 ], [ -5.70099, 37.40221 ], [ -5.7201, 37.41068 ], [ -5.75509, 37.39615 ] ] } },
{ "type": "Feature", "properties": { "CMUN": "41901", "NMUN": "Cañada Rosal", "NPRO": "Sevilla", "CPRO": "41", "stroke": "#aaaaaa", "stroke-width": 0.7, "stroke-opacity": 0.45 }, "geometry": { "type": "LineString", "coordinates": [ [ -5.25546, 37.57386 ], [ -5.23239, 37.5713 ], [ -5.23148, 37.58661 ], [ -5.21007, 37.58744 ], [ -5.17458, 37.57745 ], [ -5.17455, 37.59821 ], [ -5.18286, 37.61411 ], [ -5.19241, 37.61209 ], [ -5.20986, 37.60142 ], [ -5.23105, 37.6097 ], [ -5.2454, 37.63536 ], [ -5.24616, 37.6418 ], [ -5.27452, 37.62528 ], [ -5.25311, 37.62511 ], [ -5.24414, 37.59322 ], [ -5.2632, 37.59372 ], [ -5.25546, 37.57386 ] ] } },
{ "type": "Feature", "properties": { "CMUN": "41902", "NMUN": "Isla Mayor", "NPRO": "Sevilla", "CPRO": "41", "stroke": "#aaaaaa", "stroke-width": 0.7, "stroke-opacity": 0.45 }, "geometry": { "type": "LineString", "coordinates": [ [ -6.20228, 37.03847 ], [ -6.16641, 37.03758 ], [ -6.15455, 37.03883 ], [ -6.1444, 37.05181 ], [ -6.12234, 37.06979 ], [ -6.12699, 37.08245 ], [ -6.14183, 37.09436 ], [ -6.16161, 37.12468 ], [ -6.15847, 37.12927 ], [ -6.1114, 37.17527 ], [ -6.10599, 37.18859 ], [ -6.11441, 37.20187 ], [ -6.13743, 37.17498 ], [ -6.15182, 37.17265 ], [ -6.17646, 37.18082 ], [ -6.17885, 37.18741 ], [ -6.19612, 37.19078 ], [ -6.19942, 37.17508 ], [ -6.19442, 37.16831 ], [ -6.19708, 37.14961 ], [ -6.21879, 37.14098 ], [ -6.22992, 37.12968 ], [ -6.24056, 37.11057 ], [ -6.25293, 37.10864 ], [ -6.25549, 37.09782 ], [ -6.23068, 37.08985 ], [ -6.22339, 37.06894 ], [ -6.20432, 37.06308 ], [ -6.19911, 37.04988 ], [ -6.20228, 37.03847 ] ] } },
{ "type": "Feature", "properties": { "CMUN": "41903", "NMUN": "Cuervo de Sevilla, El", "NPRO": "Sevilla", "CPRO": "41", "stroke": "#aaaaaa", "stroke-width": 0.7, "stroke-opacity": 0.45 }, "geometry": { "type": "LineString", "coordinates": [ [ -6.08054, 36.85523 ], [ -6.05059, 36.85344 ], [ -6.0336, 36.84884 ], [ -5.97312, 36.84419 ], [ -5.961, 36.85127 ], [ -5.94134, 36.85192 ], [ -5.95245, 36.86089 ], [ -5.96599, 36.86057 ], [ -5.98176, 36.86823 ], [ -6.01019, 36.88574 ], [ -6.02668, 36.89017 ], [ -6.04278, 36.87647 ], [ -6.05674, 36.87178 ], [ -6.08054, 36.85523 ] ] } },
{ "type": "Feature", "properties": { "CMUN": "41904", "NMUN": "Palmar de Troya, El", "NPRO": "Sevilla", "CPRO": "41", "stroke": "#aaaaaa", "stroke-width": 0.7, "stroke-opacity": 0.45 }, "geometry": { "type": "LineString", "coordinates": [ [ -5.7904, 37.08965 ], [ -5.79609, 37.09067 ], [ -5.81997, 37.069 ], [ -5.81136, 37.05609 ], [ -5.82477, 37.04129 ], [ -5.82114, 37.02876 ], [ -5.79074, 37.01952 ], [ -5.78863, 37.02955 ], [ -5.76508, 37.03384 ], [ -5.74929, 37.04647 ], [ -5.75239, 37.05671 ], [ -5.77612, 37.07783 ], [ -5.78411, 37.07509 ], [ -5.7904, 37.08965 ] ] } }
]
}
