{
"type": "FeatureCollection",
"name": "provincias_demo",
"crs": { "type": "name", "properties": { "name": "urn:ogc:def:crs:OGC:1.3:CRS84" } },
"features": [
{ "type": "Feature", "properties": { "CPRO": "04", "NPRO": "Almería", "stroke": "#787878", "stroke-width": 1.5, "stroke-opacity": 0.65 }, "geometry": { "type": "LineString", "coordinates": [ [ -3.1287, 36.75089 ], [ -3.10918, 36.7504 ], [ -3.10239, 36.74911 ], [ -3.07139, 36.74567 ], [ -3.06136, 36.74717 ], [ -3.02236, 36.74706 ], [ -3.00839, 36.74154 ], [ -2.99175, 36.7439 ], [ -2.97709, 36.73813 ], [ -2.97106, 36.7392 ], [ -2.95085, 36.74777 ], [ -2.94006, 36.75081 ], [ -2.92373, 36.75147 ], [ -2.91613, 36.74889 ], [ -2.89589, 36.73631 ], [ -2.88177, 36.72377 ], [ -2.85762, 36.69851 ], [ -2.85348, 36.69881 ], [ -2.84532, 36.69545 ], [ -2.83315, 36.704 ], [ -2.81449, 36.70599 ], [ -2.80043, 36.70179 ], [ -2.78598, 36.69295 ], [ -2.77171, 36.68076 ], [ -2.76661, 36.68225 ], [ -2.75982, 36.68038 ], [ -2.74319, 36.68373 ], [ -2.71422, 36.68499 ], [ -2.70061, 36.68273 ], [ -2.69237, 36.68742 ], [ -2.68101, 36.69059 ], [ -2.67421, 36.69433 ], [ -2.65627, 36.69792 ], [ -2.6462, 36.70258 ], [ -2.62892, 36.71956 ], [ -2.62041, 36.72645 ], [ -2.61231, 36.73795 ], [ -2.60746, 36.75111 ], [ -2.60318, 36.76779 ], [ -2.59859, 36.77636 ], [ -2.59105, 36.78645 ], [ -2.57558, 36.80421 ], [ -2.56243, 36.81569 ], [ -2.55336, 36.81759 ], [ -2.53352, 36.81865 ], [ -2.52596, 36.8243 ], [ -2.50191, 36.82488 ], [ -2.49132, 36.82781 ], [ -2.48624, 36.83386 ], [ -2.47497, 36.83682 ], [ -2.45858, 36.83107 ], [ -2.43503, 36.81545 ], [ -2.42987, 36.81051 ], [ -2.42512, 36.81104 ], [ -2.41865, 36.81671 ], [ -2.4112, 36.8194 ], [ -2.40628, 36.82513 ], [ -2.38594, 36.83432 ], [ -2.36812, 36.84146 ], [ -2.35247, 36.84067 ], [ -2.33904, 36.8371 ], [ -2.33056, 36.83717 ], [ -2.31984, 36.83418 ], [ -2.30766, 36.82841 ], [ -2.2869, 36.81631 ], [ -2.2594, 36.79391 ], [ -2.25003, 36.78503 ], [ -2.23376, 36.76774 ], [ -2.21047, 36.73968 ], [ -2.20234, 36.73057 ], [ -2.19581, 36.72611 ], [ -2.19375, 36.72151 ], [ -2.18505, 36.7205 ], [ -2.1804, 36.7239 ], [ -2.16899, 36.72321 ], [ -2.15703, 36.72989 ], [ -2.15116, 36.73114 ], [ -2.14383, 36.72942 ], [ -2.13343, 36.72971 ], [ -2.12111, 36.7336 ], [ -2.11901, 36.7385 ], [ -2.12152, 36.74191 ], [ -2.12061, 36.74774 ], [ -2.11196, 36.74889 ], [ -2.10829, 36.75984 ], [ -2.10468, 36.76346 ], [ -2.09352, 36.76509 ], [ -2.08644, 36.76407 ], [ -2.07491, 36.76882 ], [ -2.0703, 36.7752 ], [ -2.06277, 36.77641 ], [ -2.06195, 36.80657 ], [ -2.05552, 36.81333 ], [ -2.04834, 36.81771 ], [ -2.04126, 36.81905 ], [ -2.03995, 36.82413 ], [ -2.02023, 36.83578 ], [ -2.00907, 36.83422 ], [ -1.99975, 36.84029 ], [ -2.00138, 36.84563 ], [ -1.99572, 36.84997 ], [ -2.00055, 36.8581 ], [ -2.00524, 36.85884 ], [ -2.00159, 36.87116 ], [ -2.00364, 36.88155 ], [ -1.99517, 36.88541 ], [ -1.99325, 36.89192 ], [ -1.98263, 36.90211 ], [ -1.97831, 36.90307 ], [ -1.97318, 36.89837 ], [ -1.96724, 36.89889 ], [ -1.96557, 36.90483 ], [ -1.96126, 36.90905 ], [ -1.95283, 36.92394 ], [ -1.9402, 36.9365 ], [ -1.93278, 36.93897 ], [ -1.91426, 36.93464 ], [ -1.90378, 36.9379 ], [ -1.90393, 36.94278 ], [ -1.8975, 36.9498 ], [ -1.90134, 36.98084 ], [ -1.8992, 36.99142 ], [ -1.88942, 36.99596 ], [ -1.88854, 37.00587 ], [ -1.87767, 37.01477 ], [ -1.87977, 37.02511 ], [ -1.87708, 37.03304 ], [ -1.87239, 37.03932 ], [ -1.86684, 37.04083 ], [ -1.86319, 37.04512 ], [ -1.86183, 37.05256 ], [ -1.85498, 37.05855 ], [ -1.8496, 37.06832 ], [ -1.84998, 37.09135 ], [ -1.84461, 37.10842 ], [ -1.84035, 37.11409 ], [ -1.83299, 37.11916 ], [ -1.82722, 37.14125 ], [ -1.82289, 37.15238 ], [ -1.82349, 37.17112 ], [ -1.82036, 37.18339 ], [ -1.81685, 37.18567 ], [ -1.81055, 37.20439 ], [ -1.8028, 37.22142 ], [ -1.79287, 37.23179 ], [ -1.7836, 37.23372 ], [ -1.77316, 37.24104 ], [ -1.77292, 37.24572 ], [ -1.76385, 37.25463 ], [ -1.75831, 37.2633 ], [ -1.74858, 37.26828 ], [ -1.7446, 37.27513 ], [ -1.73465, 37.28133 ], [ -1.72341, 37.29132 ], [ -1.72097, 37.29584 ], [ -1.7076, 37.3042 ], [ -1.68874, 37.33941 ], [ -1.68272, 37.34694 ], [ -1.67304, 37.35598 ], [ -1.66565, 37.35812 ], [ -1.6508, 37.35661 ], [ -1.64517, 37.37083 ], [ -1.63696, 37.37518 ], [ -1.63008, 37.37519 ], [ -1.64087, 37.38239 ], [ -1.66597, 37.40086 ], [ -1.67092, 37.40303 ], [ -1.70502, 37.42102 ], [ -1.73708, 37.44263 ], [ -1.77984, 37.44698 ], [ -1.7963, 37.45219 ], [ -1.81176, 37.45156 ], [ -1.80895, 37.43347 ], [ -1.84526, 37.45483 ], [ -1.8587, 37.47908 ], [ -1.86471, 37.48654 ], [ -1.87109, 37.48981 ], [ -1.90983, 37.53787 ], [ -1.91115, 37.53823 ], [ -1.93197, 37.56435 ], [ -1.94307, 37.57469 ], [ -1.95379, 37.58795 ], [ -1.95528, 37.60086 ], [ -1.96515, 37.60504 ], [ -1.97048, 37.61443 ], [ -1.97868, 37.62203 ], [ -1.98172, 37.62939 ], [ -1.98148, 37.63599 ], [ -1.98748, 37.64519 ], [ -1.99277, 37.6433 ], [ -1.99582, 37.65029 ], [ -2.002, 37.65561 ], [ -2.00811, 37.66978 ], [ -2.01193, 37.67254 ], [ -2.00978, 37.68679 ], [ -2.01266, 37.7006 ], [ -2.00786, 37.71207 ], [ -2.00766, 37.71979 ], [ -1.99926, 37.72334 ], [ -1.99584, 37.72805 ], [ -2.00254, 37.74778 ], [ -2.00263, 37.75264 ], [ -2.00617, 37.77002 ], [ -2.00884, 37.77495 ], [ -2.00391, 37.7918 ], [ -2.00172, 37.80491 ], [ -1.99648, 37.81901 ], [ -1.99952, 37.82314 ], [ -1.99528, 37.84138 ], [ -1.98836, 37.85346 ], [ -1.97799, 37.85977 ], [ -1.9745, 37.86847 ], [ -1.98223, 37.87378 ], [ -1.98797, 37.87373 ], [ -1.9947, 37.88048 ], [ -1.99888, 37.8762 ], [ -2.00453, 37.88061 ], [ -2.0129, 37.87361 ], [ -2.02136, 37.86852 ], [ -2.02546, 37.86889 ], [ -2.03929, 37.87538 ], [ -2.04321, 37.87368 ], [ -2.04997, 37.87953 ], [ -2.06047, 37.88272 ], [ -2.07352, 37.88397 ], [ -2.07678, 37.87904 ], [ -2.08582, 37.87482 ], [ -2.10112, 37.87899 ], [ -2.11019, 37.89064 ], [ -2.11808, 37.8942 ], [ -2.12403, 37.90051 ], [ -2.13429, 37.89797 ], [ -2.14515, 37.89779 ], [ -2.15608, 37.8917 ], [ -2.1631, 37.89278 ], [ -2.172, 37.88869 ], [ -2.18433, 37.90102 ], [ -2.18494, 37.90363 ], [ -2.19488, 37.90997 ], [ -2.20766, 37.91657 ], [ -2.23006, 37.90611 ], [ -2.25077, 37.89718 ], [ -2.25993, 37.88603 ], [ -2.26568, 37.88092 ], [ -2.27855, 37.88435 ], [ -2.28851, 37.88514 ], [ -2.29494, 37.87632 ], [ -2.29627, 37.85977 ], [ -2.29384, 37.84156 ], [ -2.28938, 37.83148 ], [ -2.29356, 37.82812 ], [ -2.3018, 37.81023 ], [ -2.30022, 37.80349 ], [ -2.29127, 37.78919 ], [ -2.28549, 37.78599 ], [ -2.27678, 37.77622 ], [ -2.28707, 37.7514 ], [ -2.29472, 37.74817 ], [ -2.29689, 37.74149 ], [ -2.30751, 37.72327 ], [ -2.30659, 37.71021 ], [ -2.31327, 37.71137 ], [ -2.32307, 37.69486 ], [ -2.32603, 37.67573 ], [ -2.325, 37.66917 ], [ -2.31951, 37.65963 ], [ -2.31995, 37.64809 ], [ -2.31547, 37.64143 ], [ -2.30874, 37.63516 ], [ -2.31582, 37.62219 ], [ -2.34175, 37.62378 ], [ -2.34543, 37.62922 ], [ -2.36377, 37.62147 ], [ -2.37365, 37.62905 ], [ -2.38978, 37.62914 ], [ -2.38879, 37.618 ], [ -2.38032, 37.61214 ], [ -2.37598, 37.61226 ], [ -2.36789, 37.59157 ], [ -2.36981, 37.58101 ], [ -2.37457, 37.57932 ], [ -2.36821, 37.57284 ], [ -2.36746, 37.56304 ], [ -2.3743, 37.55735 ], [ -2.35573, 37.54699 ], [ -2.36042, 37.5346 ], [ -2.35851, 37.52229 ], [ -2.36264, 37.52003 ], [ -2.38115, 37.52292 ], [ -2.3944, 37.51762 ], [ -2.39722, 37.51338 ], [ -2.40295, 37.51556 ], [ -2.40717, 37.52243 ], [ -2.4117, 37.52494 ], [ -2.41604, 37.51597 ], [ -2.43428, 37.50947 ], [ -2.44008, 37.51117 ], [ -2.45632, 37.50943 ], [ -2.46197, 37.49869 ], [ -2.45752, 37.49083 ], [ -2.4741, 37.48347 ], [ -2.49421, 37.48288 ], [ -2.50309, 37.48351 ], [ -2.51415, 37.47953 ], [ -2.53001, 37.46515 ], [ -2.54121, 37.45853 ], [ -2.55102, 37.45573 ], [ -2.5567, 37.45038 ], [ -2.56845, 37.44639 ], [ -2.57174, 37.43744 ], [ -2.57761, 37.42887 ], [ -2.59679, 37.42102 ], [ -2.60248, 37.41748 ], [ -2.60516, 37.41304 ], [ -2.61506, 37.40569 ], [ -2.62202, 37.40255 ], [ -2.63562, 37.39421 ], [ -2.64097, 37.3828 ], [ -2.64202, 37.37337 ], [ -2.63529, 37.36547 ], [ -2.63694, 37.35693 ], [ -2.63572, 37.35303 ], [ -2.63729, 37.34333 ], [ -2.64649, 37.34331 ], [ -2.6546, 37.34061 ], [ -2.65453, 37.33551 ], [ -2.65067, 37.32603 ], [ -2.65449, 37.32032 ], [ -2.65104, 37.31466 ], [ -2.65174, 37.30899 ], [ -2.6588, 37.29934 ], [ -2.66443, 37.2869 ], [ -2.66432, 37.27256 ], [ -2.66171, 37.26668 ], [ -2.66751, 37.24952 ], [ -2.66629, 37.23809 ], [ -2.6635, 37.23219 ], [ -2.65763, 37.22892 ], [ -2.6594, 37.21355 ], [ -2.66461, 37.21183 ], [ -2.66837, 37.21678 ], [ -2.67616, 37.21596 ], [ -2.69096, 37.21834 ], [ -2.698, 37.22237 ], [ -2.70494, 37.22278 ], [ -2.71425, 37.23159 ], [ -2.72532, 37.23114 ], [ -2.7304, 37.23285 ], [ -2.73302, 37.23732 ], [ -2.73999, 37.22876 ], [ -2.75903, 37.22671 ], [ -2.76209, 37.2331 ], [ -2.77261, 37.2414 ], [ -2.77821, 37.249 ], [ -2.77601, 37.25557 ], [ -2.779, 37.26266 ], [ -2.79449, 37.26336 ], [ -2.80217, 37.26819 ], [ -2.80834, 37.26876 ], [ -2.81711, 37.27235 ], [ -2.81936, 37.27833 ], [ -2.82835, 37.28021 ], [ -2.83472, 37.27781 ], [ -2.84539, 37.27922 ], [ -2.85114, 37.27612 ], [ -2.85539, 37.26634 ], [ -2.85911, 37.25048 ], [ -2.86348, 37.24735 ], [ -2.87496, 37.23146 ], [ -2.87285, 37.22018 ], [ -2.88027, 37.20395 ], [ -2.87921, 37.19315 ], [ -2.88903, 37.18156 ], [ -2.88925, 37.17702 ], [ -2.8953, 37.16705 ], [ -2.91101, 37.1635 ], [ -2.91377, 37.15935 ], [ -2.92774, 37.15755 ], [ -2.93375, 37.13531 ], [ -2.9409, 37.13066 ], [ -2.94367, 37.1187 ], [ -2.94288, 37.11177 ], [ -2.94833, 37.10615 ], [ -2.95001, 37.09948 ], [ -2.95394, 37.09687 ], [ -2.97014, 37.09651 ], [ -2.97911, 37.09322 ], [ -2.98528, 37.0929 ], [ -3.00394, 37.09711 ], [ -3.01501, 37.11328 ], [ -3.01893, 37.11249 ], [ -3.02639, 37.11657 ], [ -3.02958, 37.11325 ], [ -3.02198, 37.09891 ], [ -3.02393, 37.08442 ], [ -3.01776, 37.07064 ], [ -3.01623, 37.05221 ], [ -3.00771, 37.03892 ], [ -3.0055, 37.02294 ], [ -2.99958, 37.02206 ], [ -2.99894, 37.01222 ], [ -2.99333, 37.01347 ], [ -2.98942, 37.00757 ], [ -2.98251, 37.00597 ], [ -2.97683, 36.98699 ], [ -2.97842, 36.97385 ], [ -2.98501, 36.97191 ], [ -2.98477, 36.96443 ], [ -2.9905, 36.95818 ], [ -2.99554, 36.95669 ], [ -3.00664, 36.95734 ], [ -3.02219, 36.95408 ], [ -3.02934, 36.94753 ], [ -3.03221, 36.94229 ], [ -3.03047, 36.93811 ], [ -3.03132, 36.92458 ], [ -3.04589, 36.91987 ], [ -3.04806, 36.91607 ], [ -3.05586, 36.91184 ], [ -3.06953, 36.91235 ], [ -3.06806, 36.90716 ], [ -3.07051, 36.90118 ], [ -3.06242, 36.89545 ], [ -3.05664, 36.88506 ], [ -3.05047, 36.8835 ], [ -3.04327, 36.87912 ], [ -3.04338, 36.87659 ], [ -3.03576, 36.8636 ], [ -3.03208, 36.86094 ], [ -3.02901, 36.84444 ], [ -3.03738, 36.83539 ], [ -3.04329, 36.8317 ], [ -3.07395, 36.82468 ], [ -3.07745, 36.81965 ], [ -3.09268, 36.80977 ], [ -3.10867, 36.80329 ], [ -3.11686, 36.79816 ], [ -3.13106, 36.79283 ], [ -3.13999, 36.78508 ], [ -3.13424, 36.7815 ], [ -3.13598, 36.77742 ], [ -3.13685, 36.76643 ], [ -3.13239, 36.75599 ], [ -3.1287, 36.75089 ] ] } },
{ "type": "Feature", "properties": { "CPRO": "11", "NPRO": "Cádiz", "stroke": "#787878", "stroke-width": 1.5, "stroke-opacity": 0.65 }, "geometry": { "type": "LineString", "coordinates": [ [ -6.34576, 36.79877 ], [ -6.34267, 36.79441 ], [ -6.35383, 36.78954 ], [ -6.36783, 36.77978 ], [ -6.37313, 36.77754 ], [ -6.38972, 36.76596 ], [ -6.39928, 36.76116 ], [ -6.40851, 36.76144 ], [ -6.41445, 36.75096 ], [ -6.42039, 36.74553 ], [ -6.42587, 36.74389 ], [ -6.43001, 36.74817 ], [ -6.4352, 36.74245 ], [ -6.43948, 36.74102 ], [ -6.44235, 36.73616 ], [ -6.44023, 36.73235 ], [ -6.43934, 36.71925 ], [ -6.43268, 36.7063 ], [ -6.41912, 36.68767 ], [ -6.40788, 36.66904 ], [ -6.40489, 36.66198 ], [ -6.39884, 36.65869 ], [ -6.39393, 36.64636 ], [ -6.39292, 36.64034 ], [ -6.39451, 36.63381 ], [ -6.3862, 36.62785 ], [ -6.36516, 36.61993 ], [ -6.35851, 36.61529 ], [ -6.35684, 36.62 ], [ -6.34903, 36.62477 ], [ -6.34141, 36.62601 ], [ -6.32885, 36.6247 ], [ -6.3151, 36.62137 ], [ -6.30897, 36.61561 ], [ -6.30621, 36.61816 ], [ -6.29904, 36.61751 ], [ -6.2878, 36.61121 ], [ -6.27622, 36.59887 ], [ -6.26934, 36.58363 ], [ -6.26568, 36.57971 ], [ -6.25254, 36.58147 ], [ -6.24529, 36.58544 ], [ -6.23142, 36.58155 ], [ -6.22728, 36.57673 ], [ -6.2243, 36.56909 ], [ -6.22378, 36.56246 ], [ -6.22601, 36.55113 ], [ -6.23304, 36.5348 ], [ -6.23586, 36.52581 ], [ -6.24102, 36.52839 ], [ -6.25571, 36.52901 ], [ -6.25576, 36.52058 ], [ -6.24898, 36.51821 ], [ -6.24887, 36.51297 ], [ -6.24563, 36.50896 ], [ -6.2319, 36.50372 ], [ -6.21888, 36.50997 ], [ -6.20921, 36.50904 ], [ -6.20057, 36.51967 ], [ -6.19648, 36.52658 ], [ -6.18455, 36.52518 ], [ -6.17324, 36.52141 ], [ -6.17142, 36.51527 ], [ -6.17363, 36.50974 ], [ -6.18089, 36.50769 ], [ -6.19294, 36.49645 ], [ -6.19073, 36.49243 ], [ -6.19367, 36.48674 ], [ -6.20143, 36.48525 ], [ -6.20774, 36.47999 ], [ -6.21329, 36.48057 ], [ -6.21229, 36.47041 ], [ -6.22025, 36.46616 ], [ -6.22784, 36.46644 ], [ -6.22991, 36.46262 ], [ -6.24711, 36.46538 ], [ -6.25395, 36.46829 ], [ -6.25767, 36.47313 ], [ -6.26674, 36.48914 ], [ -6.26227, 36.49146 ], [ -6.2604, 36.49971 ], [ -6.26146, 36.50537 ], [ -6.26937, 36.50938 ], [ -6.27575, 36.52369 ], [ -6.28118, 36.52893 ], [ -6.29208, 36.5335 ], [ -6.28576, 36.53892 ], [ -6.28662, 36.54314 ], [ -6.29614, 36.53662 ], [ -6.30512, 36.53676 ], [ -6.30865, 36.53256 ], [ -6.3053, 36.52763 ], [ -6.29698, 36.52883 ], [ -6.28908, 36.52369 ], [ -6.28683, 36.51603 ], [ -6.26969, 36.49083 ], [ -6.26557, 36.48226 ], [ -6.25927, 36.47279 ], [ -6.25382, 36.46095 ], [ -6.24941, 36.44833 ], [ -6.23718, 36.43969 ], [ -6.2257, 36.41865 ], [ -6.21903, 36.40318 ], [ -6.2188, 36.39276 ], [ -6.21375, 36.38985 ], [ -6.20085, 36.37861 ], [ -6.18764, 36.37289 ], [ -6.18221, 36.36857 ], [ -6.1741, 36.35659 ], [ -6.16739, 36.3447 ], [ -6.16174, 36.32856 ], [ -6.15129, 36.30641 ], [ -6.14216, 36.29541 ], [ -6.13134, 36.29672 ], [ -6.11388, 36.29339 ], [ -6.10308, 36.28411 ], [ -6.08895, 36.26516 ], [ -6.08324, 36.25086 ], [ -6.07169, 36.23135 ], [ -6.06891, 36.22854 ], [ -6.05962, 36.21277 ], [ -6.05186, 36.20122 ], [ -6.04696, 36.19952 ], [ -6.04037, 36.19235 ], [ -6.03428, 36.18101 ], [ -6.02613, 36.1863 ], [ -6.01047, 36.18525 ], [ -6.00617, 36.18262 ], [ -5.98572, 36.17713 ], [ -5.97432, 36.1774 ], [ -5.96012, 36.18087 ], [ -5.94472, 36.18659 ], [ -5.93254, 36.18206 ], [ -5.93222, 36.18655 ], [ -5.91529, 36.18491 ], [ -5.89993, 36.17581 ], [ -5.89175, 36.16915 ], [ -5.88203, 36.16339 ], [ -5.86475, 36.14957 ], [ -5.84877, 36.13453 ], [ -5.83911, 36.12363 ], [ -5.82546, 36.10424 ], [ -5.81839, 36.10081 ], [ -5.81184, 36.09053 ], [ -5.8067, 36.0895 ], [ -5.79988, 36.08008 ], [ -5.796, 36.0779 ], [ -5.78708, 36.08182 ], [ -5.78093, 36.08818 ], [ -5.77225, 36.08676 ], [ -5.76602, 36.0832 ], [ -5.74985, 36.07065 ], [ -5.73386, 36.06706 ], [ -5.72026, 36.05996 ], [ -5.71136, 36.0586 ], [ -5.69967, 36.06258 ], [ -5.69533, 36.06657 ], [ -5.68497, 36.06606 ], [ -5.67057, 36.05778 ], [ -5.65993, 36.05599 ], [ -5.65025, 36.05202 ], [ -5.63712, 36.04218 ], [ -5.62471, 36.02975 ], [ -5.61129, 36.01319 ], [ -5.60543, 36.01034 ], [ -5.59682, 36.01207 ], [ -5.58794, 36.01194 ], [ -5.57419, 36.01505 ], [ -5.55342, 36.02344 ], [ -5.53842, 36.03178 ], [ -5.51645, 36.03763 ], [ -5.5144, 36.03998 ], [ -5.50345, 36.04398 ], [ -5.49706, 36.04889 ], [ -5.48694, 36.05422 ], [ -5.47148, 36.05066 ], [ -5.46453, 36.05026 ], [ -5.45837, 36.05404 ], [ -5.44705, 36.05813 ], [ -5.44761, 36.06162 ], [ -5.43633, 36.06925 ], [ -5.43078, 36.07094 ], [ -5.42592, 36.07681 ], [ -5.4265, 36.08243 ], [ -5.43037, 36.08492 ], [ -5.44116, 36.08623 ], [ -5.44356, 36.0898 ], [ -5.44033, 36.10267 ], [ -5.43478, 36.10624 ], [ -5.43762, 36.11246 ], [ -5.43383, 36.1239 ], [ -5.43973, 36.1272 ], [ -5.43617, 36.13487 ], [ -5.43585, 36.14541 ], [ -5.44147, 36.14553 ], [ -5.44163, 36.1366 ], [ -5.44682, 36.13793 ], [ -5.44507, 36.15508 ], [ -5.43607, 36.16754 ], [ -5.42664, 36.17575 ], [ -5.41414, 36.17757 ], [ -5.41035, 36.18136 ], [ -5.40306, 36.17992 ], [ -5.39381, 36.18102 ], [ -5.38304, 36.17938 ], [ -5.38176, 36.16935 ], [ -5.37094, 36.16927 ], [ -5.35769, 36.16257 ], [ -5.35219, 36.15631 ], [ -5.35148, 36.15255 ], [ -5.33918, 36.15202 ], [ -5.33557, 36.17692 ], [ -5.32709, 36.2028 ], [ -5.31953, 36.22385 ], [ -5.31664, 36.22987 ], [ -5.30754, 36.242 ], [ -5.29974, 36.2431 ], [ -5.2958, 36.24673 ], [ -5.28055, 36.27752 ], [ -5.27133, 36.29082 ], [ -5.26856, 36.29984 ], [ -5.2569, 36.31036 ], [ -5.25236, 36.31126 ], [ -5.2595, 36.32235 ], [ -5.26785, 36.32418 ], [ -5.27766, 36.33707 ], [ -5.29131, 36.33679 ], [ -5.32008, 36.32507 ], [ -5.32282, 36.33253 ], [ -5.31551, 36.34085 ], [ -5.32101, 36.3462 ], [ -5.32604, 36.35761 ], [ -5.33489, 36.37001 ], [ -5.33376, 36.37623 ], [ -5.33644, 36.38291 ], [ -5.3351, 36.39515 ], [ -5.33876, 36.39896 ], [ -5.34715, 36.41865 ], [ -5.35683, 36.42344 ], [ -5.35793, 36.43249 ], [ -5.36066, 36.44002 ], [ -5.37507, 36.45429 ], [ -5.3957, 36.46987 ], [ -5.39919, 36.4847 ], [ -5.40391, 36.49416 ], [ -5.40984, 36.49655 ], [ -5.41456, 36.51815 ], [ -5.41349, 36.52066 ], [ -5.42653, 36.52568 ], [ -5.42962, 36.53334 ], [ -5.45206, 36.53777 ], [ -5.46162, 36.53713 ], [ -5.46528, 36.52788 ], [ -5.47114, 36.53549 ], [ -5.49072, 36.53678 ], [ -5.49299, 36.53609 ], [ -5.5144, 36.51039 ], [ -5.5163, 36.50089 ], [ -5.52425, 36.49771 ], [ -5.5342, 36.50276 ], [ -5.54944, 36.50394 ], [ -5.56002, 36.50348 ], [ -5.57203, 36.51258 ], [ -5.58307, 36.51383 ], [ -5.59836, 36.5085 ], [ -5.60829, 36.51229 ], [ -5.60609, 36.52352 ], [ -5.61045, 36.53411 ], [ -5.61178, 36.5416 ], [ -5.60523, 36.54832 ], [ -5.59512, 36.55091 ], [ -5.57979, 36.54746 ], [ -5.57184, 36.54767 ], [ -5.56762, 36.54289 ], [ -5.55189, 36.53933 ], [ -5.5439, 36.53855 ], [ -5.53951, 36.53567 ], [ -5.53734, 36.52739 ], [ -5.52333, 36.53112 ], [ -5.51761, 36.53562 ], [ -5.51309, 36.54213 ], [ -5.50206, 36.54761 ], [ -5.49379, 36.56006 ], [ -5.48955, 36.57046 ], [ -5.47697, 36.57408 ], [ -5.46287, 36.58895 ], [ -5.46082, 36.58879 ], [ -5.45718, 36.60209 ], [ -5.45833, 36.61395 ], [ -5.45591, 36.61958 ], [ -5.4385, 36.61417 ], [ -5.4334, 36.6183 ], [ -5.41339, 36.62119 ], [ -5.40532, 36.62712 ], [ -5.38317, 36.63093 ], [ -5.36951, 36.64037 ], [ -5.36367, 36.64601 ], [ -5.353, 36.65261 ], [ -5.343, 36.66024 ], [ -5.33392, 36.67144 ], [ -5.32566, 36.67338 ], [ -5.32974, 36.67798 ], [ -5.32968, 36.68192 ], [ -5.31961, 36.6882 ], [ -5.31918, 36.69304 ], [ -5.32635, 36.69407 ], [ -5.32804, 36.70013 ], [ -5.32318, 36.71999 ], [ -5.32463, 36.72401 ], [ -5.3165, 36.73008 ], [ -5.31227, 36.73631 ], [ -5.30712, 36.75174 ], [ -5.29525, 36.76366 ], [ -5.29095, 36.77518 ], [ -5.30728, 36.78038 ], [ -5.31984, 36.78674 ], [ -5.32383, 36.79452 ], [ -5.32633, 36.8049 ], [ -5.33397, 36.81247 ], [ -5.33505, 36.81686 ], [ -5.34071, 36.81942 ], [ -5.33659, 36.82464 ], [ -5.33251, 36.8386 ], [ -5.31403, 36.85627 ], [ -5.30577, 36.85812 ], [ -5.30158, 36.86964 ], [ -5.28947, 36.87323 ], [ -5.27737, 36.87864 ], [ -5.26978, 36.88421 ], [ -5.2667, 36.87573 ], [ -5.2498, 36.86569 ], [ -5.2413, 36.86195 ], [ -5.23109, 36.86117 ], [ -5.22516, 36.85632 ], [ -5.22212, 36.85021 ], [ -5.22201, 36.84272 ], [ -5.21556, 36.84054 ], [ -5.20175, 36.83842 ], [ -5.19233, 36.83373 ], [ -5.18594, 36.82773 ], [ -5.17932, 36.82863 ], [ -5.17041, 36.82355 ], [ -5.15427, 36.83208 ], [ -5.1333, 36.8391 ], [ -5.13018, 36.84283 ], [ -5.12001, 36.86005 ], [ -5.11852, 36.86722 ], [ -5.11249, 36.87383 ], [ -5.11221, 36.88178 ], [ -5.10983, 36.8894 ], [ -5.10259, 36.89174 ], [ -5.10508, 36.89794 ], [ -5.09969, 36.90085 ], [ -5.09362, 36.90075 ], [ -5.08677, 36.90509 ], [ -5.09293, 36.91169 ], [ -5.09178, 36.92104 ], [ -5.09596, 36.92526 ], [ -5.10036, 36.93403 ], [ -5.10195, 36.94304 ], [ -5.10625, 36.95595 ], [ -5.11011, 36.95933 ], [ -5.10462, 36.96406 ], [ -5.09558, 36.9683 ], [ -5.09906, 36.97234 ], [ -5.11242, 36.97645 ], [ -5.11074, 36.98395 ], [ -5.11514, 36.98896 ], [ -5.12424, 36.99126 ], [ -5.12714, 36.99541 ], [ -5.14238, 37.00386 ], [ -5.14888, 36.9963 ], [ -5.1584, 36.98932 ], [ -5.16264, 36.98142 ], [ -5.17322, 36.97786 ], [ -5.1817, 36.9717 ], [ -5.18981, 36.96973 ], [ -5.19166, 36.96641 ], [ -5.20317, 36.96419 ], [ -5.2073, 36.96178 ], [ -5.21598, 36.95169 ], [ -5.21984, 36.95089 ], [ -5.22522, 36.9423 ], [ -5.23453, 36.94105 ], [ -5.2409, 36.94856 ], [ -5.25673, 36.96404 ], [ -5.26201, 36.97507 ], [ -5.26805, 36.97823 ], [ -5.27381, 36.99019 ], [ -5.28588, 37.00064 ], [ -5.29369, 37.01036 ], [ -5.30022, 37.01374 ], [ -5.30203, 37.01923 ], [ -5.3021, 37.03736 ], [ -5.30929, 37.0331 ], [ -5.32611, 37.01956 ], [ -5.3375, 37.01174 ], [ -5.33941, 37.0052 ], [ -5.34535, 36.99739 ], [ -5.35937, 36.99272 ], [ -5.36136, 36.98488 ], [ -5.3653, 36.98566 ], [ -5.37593, 36.98 ], [ -5.38272, 36.97908 ], [ -5.39239, 36.97328 ], [ -5.40097, 36.96273 ], [ -5.41156, 36.95605 ], [ -5.41663, 36.9443 ], [ -5.41285, 36.94066 ], [ -5.43895, 36.93529 ], [ -5.44126, 36.94396 ], [ -5.44634, 36.94682 ], [ -5.4464, 36.95719 ], [ -5.45427, 36.96089 ], [ -5.457, 36.97069 ], [ -5.45604, 36.97815 ], [ -5.45245, 36.98258 ], [ -5.44314, 36.98693 ], [ -5.44247, 36.98986 ], [ -5.43524, 36.99112 ], [ -5.427, 36.99963 ], [ -5.42599, 37.0057 ], [ -5.42011, 37.01321 ], [ -5.42143, 37.02446 ], [ -5.42714, 37.03789 ], [ -5.42774, 37.04457 ], [ -5.43369, 37.05245 ], [ -5.44187, 37.0495 ], [ -5.44791, 37.05022 ], [ -5.45945, 37.04214 ], [ -5.46485, 37.04076 ], [ -5.47312, 37.04294 ], [ -5.48334, 37.0407 ], [ -5.50011, 37.03909 ], [ -5.51049, 37.03252 ], [ -5.50331, 37.02109 ], [ -5.49505, 37.01125 ], [ -5.48723, 37.00732 ], [ -5.48364, 37.00256 ], [ -5.47339, 36.99562 ], [ -5.47024, 36.99164 ], [ -5.46973, 36.98395 ], [ -5.48097, 36.97269 ], [ -5.4902, 36.97275 ], [ -5.49888, 36.96587 ], [ -5.50234, 36.95832 ], [ -5.51153, 36.95795 ], [ -5.51528, 36.95022 ], [ -5.52096, 36.94754 ], [ -5.52479, 36.93733 ], [ -5.53212, 36.93604 ], [ -5.53635, 36.92984 ], [ -5.54612, 36.93018 ], [ -5.55085, 36.92312 ], [ -5.53936, 36.90699 ], [ -5.53382, 36.89345 ], [ -5.54732, 36.89894 ], [ -5.56404, 36.90763 ], [ -5.57925, 36.9127 ], [ -5.58369, 36.91546 ], [ -5.58569, 36.92283 ], [ -5.58711, 36.94701 ], [ -5.59556, 36.94488 ], [ -5.60589, 36.95085 ], [ -5.61057, 36.94134 ], [ -5.61854, 36.94049 ], [ -5.62614, 36.95444 ], [ -5.63283, 36.9506 ], [ -5.64967, 36.95432 ], [ -5.6584, 36.96717 ], [ -5.66612, 36.97574 ], [ -5.67714, 36.96997 ], [ -5.6858, 36.96226 ], [ -5.69461, 36.95678 ], [ -5.69359, 36.94809 ], [ -5.69618, 36.93528 ], [ -5.7032, 36.9256 ], [ -5.71701, 36.91952 ], [ -5.72586, 36.92153 ], [ -5.73631, 36.91822 ], [ -5.74402, 36.92294 ], [ -5.763, 36.92572 ], [ -5.77411, 36.92425 ], [ -5.79277, 36.92575 ], [ -5.79822, 36.92435 ], [ -5.80639, 36.92515 ], [ -5.82889, 36.91579 ], [ -5.83726, 36.91438 ], [ -5.84551, 36.91521 ], [ -5.85063, 36.91095 ], [ -5.85991, 36.89997 ], [ -5.8696, 36.8937 ], [ -5.87652, 36.89471 ], [ -5.89358, 36.85158 ], [ -5.88883, 36.84677 ], [ -5.89105, 36.84219 ], [ -5.91416, 36.85014 ], [ -5.92535, 36.85307 ], [ -5.94134, 36.85192 ], [ -5.95285, 36.85313 ], [ -5.961, 36.85127 ], [ -5.97312, 36.84419 ], [ -5.97768, 36.84551 ], [ -5.9902, 36.84549 ], [ -6.02125, 36.84747 ], [ -6.0336, 36.84884 ], [ -6.05059, 36.85344 ], [ -6.07657, 36.85352 ], [ -6.10524, 36.85742 ], [ -6.12199, 36.86379 ], [ -6.1305, 36.86979 ], [ -6.14665, 36.87857 ], [ -6.15758, 36.88603 ], [ -6.16979, 36.88803 ], [ -6.18845, 36.89359 ], [ -6.20868, 36.89343 ], [ -6.22919, 36.89595 ], [ -6.231, 36.89811 ], [ -6.24837, 36.89365 ], [ -6.25843, 36.89526 ], [ -6.26494, 36.89954 ], [ -6.27255, 36.90787 ], [ -6.27943, 36.91057 ], [ -6.29408, 36.90573 ], [ -6.33101, 36.8988 ], [ -6.34118, 36.89413 ], [ -6.34587, 36.888 ], [ -6.35213, 36.86132 ], [ -6.35356, 36.85139 ], [ -6.35392, 36.83832 ], [ -6.35181, 36.82527 ], [ -6.34353, 36.81249 ], [ -6.34259, 36.8024 ], [ -6.34576, 36.79877 ] ] } },
{ "type": "Feature", "properties": { "CPRO": "14", "NPRO": "Córdoba", "stroke": "#787878", "stroke-width": 1.5, "stroke-opacity": 0.65 }, "geometry": { "type": "LineString", "coordinates": [ [ -5.58479, 38.13171 ], [ -5.58131, 38.12902 ], [ -5.58168, 38.11547 ], [ -5.55735, 38.10796 ], [ -5.53991, 38.09422 ], [ -5.53812, 38.09147 ], [ -5.53958, 38.08215 ], [ -5.53208, 38.07591 ], [ -5.52521, 38.07328 ], [ -5.52283, 38.06512 ], [ -5.51311, 38.05925 ], [ -5.51043, 38.05321 ], [ -5.49608, 38.04286 ], [ -5.49024, 38.03411 ], [ -5.48903, 38.02894 ], [ -5.49204, 38.01355 ], [ -5.49112, 38.00676 ], [ -5.49425, 37.99883 ], [ -5.49034, 37.99283 ], [ -5.48239, 37.99005 ], [ -5.47655, 37.98322 ], [ -5.47502, 37.97639 ], [ -5.46708, 37.971 ], [ -5.4542, 37.96662 ], [ -5.44726, 37.96145 ], [ -5.43567, 37.95799 ], [ -5.43417, 37.95515 ], [ -5.4207, 37.94783 ], [ -5.41438, 37.94156 ], [ -5.41883, 37.93634 ], [ -5.42179, 37.92818 ], [ -5.41724, 37.9212 ], [ -5.41673, 37.90705 ], [ -5.41352, 37.90485 ], [ -5.41417, 37.89847 ], [ -5.42097, 37.893 ], [ -5.42011, 37.88848 ], [ -5.41264, 37.87105 ], [ -5.40857, 37.86913 ], [ -5.40502, 37.86236 ], [ -5.39935, 37.86341 ], [ -5.38905, 37.85836 ], [ -5.38143, 37.85162 ], [ -5.36845, 37.85013 ], [ -5.36033, 37.84445 ], [ -5.35098, 37.84347 ], [ -5.34509, 37.83627 ], [ -5.33977, 37.83353 ], [ -5.34495, 37.8272 ], [ -5.34219, 37.82136 ], [ -5.34747, 37.81278 ], [ -5.34739, 37.80582 ], [ -5.35004, 37.79471 ], [ -5.34433, 37.7901 ], [ -5.33093, 37.7857 ], [ -5.32968, 37.77866 ], [ -5.30975, 37.77359 ], [ -5.30926, 37.76841 ], [ -5.31513, 37.7649 ], [ -5.31826, 37.75721 ], [ -5.31289, 37.75288 ], [ -5.31025, 37.74676 ], [ -5.30429, 37.72108 ], [ -5.30832, 37.71652 ], [ -5.31093, 37.70912 ], [ -5.30672, 37.70352 ], [ -5.3076, 37.69924 ], [ -5.319, 37.70151 ], [ -5.3257, 37.69175 ], [ -5.33152, 37.69432 ], [ -5.33686, 37.70567 ], [ -5.34346, 37.70568 ], [ -5.36047, 37.69872 ], [ -5.36816, 37.6912 ], [ -5.37432, 37.6785 ], [ -5.37873, 37.67786 ], [ -5.38454, 37.68206 ], [ -5.38322, 37.68869 ], [ -5.3859, 37.69672 ], [ -5.39342, 37.69388 ], [ -5.40369, 37.69302 ], [ -5.40804, 37.69003 ], [ -5.41238, 37.68237 ], [ -5.41419, 37.67391 ], [ -5.41301, 37.66599 ], [ -5.40963, 37.65998 ], [ -5.4047, 37.65887 ], [ -5.39722, 37.6624 ], [ -5.39375, 37.65674 ], [ -5.39663, 37.65098 ], [ -5.40254, 37.64823 ], [ -5.4136, 37.6476 ], [ -5.41151, 37.64138 ], [ -5.40148, 37.63608 ], [ -5.40116, 37.63108 ], [ -5.39194, 37.62422 ], [ -5.38091, 37.61077 ], [ -5.37227, 37.60963 ], [ -5.35786, 37.60246 ], [ -5.35688, 37.5881 ], [ -5.35186, 37.58429 ], [ -5.34377, 37.58741 ], [ -5.34393, 37.59316 ], [ -5.33665, 37.59776 ], [ -5.33059, 37.605 ], [ -5.32292, 37.61149 ], [ -5.32349, 37.61406 ], [ -5.31153, 37.61972 ], [ -5.29977, 37.62289 ], [ -5.27672, 37.62459 ], [ -5.25179, 37.63728 ], [ -5.23429, 37.65078 ], [ -5.22511, 37.65454 ], [ -5.21194, 37.66347 ], [ -5.20054, 37.66967 ], [ -5.17677, 37.68058 ], [ -5.16209, 37.67303 ], [ -5.15356, 37.66581 ], [ -5.15005, 37.66092 ], [ -5.13732, 37.66814 ], [ -5.12582, 37.66586 ], [ -5.11926, 37.66766 ], [ -5.1084, 37.66264 ], [ -5.11266, 37.67767 ], [ -5.11349, 37.68873 ], [ -5.11701, 37.69249 ], [ -5.12971, 37.69875 ], [ -5.11273, 37.70258 ], [ -5.10751, 37.69968 ], [ -5.10122, 37.69003 ], [ -5.10013, 37.68413 ], [ -5.09345, 37.67499 ], [ -5.09757, 37.67077 ], [ -5.08276, 37.66241 ], [ -5.08505, 37.65211 ], [ -5.08497, 37.64379 ], [ -5.04529, 37.62988 ], [ -5.0401, 37.62564 ], [ -5.04791, 37.60814 ], [ -5.03089, 37.61045 ], [ -5.02958, 37.61294 ], [ -5.03362, 37.62073 ], [ -5.02972, 37.62728 ], [ -5.03003, 37.63221 ], [ -5.0265, 37.63516 ], [ -5.03425, 37.63852 ], [ -5.0457, 37.63208 ], [ -5.05379, 37.64237 ], [ -5.0573, 37.64221 ], [ -5.08334, 37.64784 ], [ -5.08147, 37.66061 ], [ -5.0768, 37.66466 ], [ -5.07644, 37.6689 ], [ -5.08315, 37.6701 ], [ -5.09076, 37.67728 ], [ -5.09153, 37.68089 ], [ -5.08583, 37.68857 ], [ -5.08905, 37.69466 ], [ -5.07993, 37.70101 ], [ -5.07439, 37.70094 ], [ -5.07258, 37.7077 ], [ -5.05641, 37.71321 ], [ -5.04664, 37.71823 ], [ -4.99982, 37.70659 ], [ -4.99657, 37.69912 ], [ -4.9917, 37.69686 ], [ -4.98725, 37.68984 ], [ -4.98453, 37.67895 ], [ -4.97713, 37.67382 ], [ -4.97155, 37.67238 ], [ -4.96778, 37.66684 ], [ -4.95377, 37.65244 ], [ -4.958, 37.62208 ], [ -4.96632, 37.60999 ], [ -4.95977, 37.60934 ], [ -4.9557, 37.61423 ], [ -4.94786, 37.61513 ], [ -4.94015, 37.62124 ], [ -4.93171, 37.61733 ], [ -4.9346, 37.60857 ], [ -4.93424, 37.60001 ], [ -4.93033, 37.58983 ], [ -4.93505, 37.58749 ], [ -4.93499, 37.58302 ], [ -4.9303, 37.57568 ], [ -4.93738, 37.56983 ], [ -4.93151, 37.56304 ], [ -4.93246, 37.55364 ], [ -4.93575, 37.55144 ], [ -4.93199, 37.54624 ], [ -4.9343, 37.54099 ], [ -4.94167, 37.53386 ], [ -4.93981, 37.52858 ], [ -4.9483, 37.5211 ], [ -4.93471, 37.52019 ], [ -4.93371, 37.51097 ], [ -4.93111, 37.50558 ], [ -4.92461, 37.50038 ], [ -4.90602, 37.49984 ], [ -4.90757, 37.49528 ], [ -4.91628, 37.49215 ], [ -4.91538, 37.4855 ], [ -4.90528, 37.48996 ], [ -4.90363, 37.4873 ], [ -4.91016, 37.48025 ], [ -4.90323, 37.46655 ], [ -4.89371, 37.45946 ], [ -4.88849, 37.46084 ], [ -4.8843, 37.45469 ], [ -4.87533, 37.44975 ], [ -4.88287, 37.44483 ], [ -4.88474, 37.43798 ], [ -4.85978, 37.43785 ], [ -4.85433, 37.43939 ], [ -4.84359, 37.43727 ], [ -4.84019, 37.43486 ], [ -4.84011, 37.42761 ], [ -4.83764, 37.42324 ], [ -4.84328, 37.41402 ], [ -4.84981, 37.41066 ], [ -4.84339, 37.39948 ], [ -4.83781, 37.39835 ], [ -4.83073, 37.38985 ], [ -4.83115, 37.38629 ], [ -4.82602, 37.37908 ], [ -4.81469, 37.37753 ], [ -4.81516, 37.37227 ], [ -4.82361, 37.36876 ], [ -4.82213, 37.35819 ], [ -4.79993, 37.34449 ], [ -4.78329, 37.33002 ], [ -4.78009, 37.33541 ], [ -4.77472, 37.33482 ], [ -4.76487, 37.3379 ], [ -4.75847, 37.33383 ], [ -4.74873, 37.33091 ], [ -4.72875, 37.33569 ], [ -4.72588, 37.3448 ], [ -4.72147, 37.34936 ], [ -4.72535, 37.35176 ], [ -4.71961, 37.35828 ], [ -4.71325, 37.35257 ], [ -4.70332, 37.35009 ], [ -4.69165, 37.34144 ], [ -4.68074, 37.33552 ], [ -4.67191, 37.33499 ], [ -4.67154, 37.33151 ], [ -4.67936, 37.32955 ], [ -4.66841, 37.32441 ], [ -4.68407, 37.31536 ], [ -4.67871, 37.3084 ], [ -4.6717, 37.31042 ], [ -4.65901, 37.30508 ], [ -4.66537, 37.29989 ], [ -4.67853, 37.29706 ], [ -4.67634, 37.29056 ], [ -4.66884, 37.28574 ], [ -4.66211, 37.28374 ], [ -4.654, 37.27185 ], [ -4.65515, 37.26155 ], [ -4.65335, 37.25583 ], [ -4.64533, 37.24685 ], [ -4.62949, 37.25455 ], [ -4.61377, 37.25508 ], [ -4.61409, 37.2428 ], [ -4.60448, 37.23781 ], [ -4.59628, 37.22506 ], [ -4.59626, 37.22146 ], [ -4.60167, 37.21899 ], [ -4.60437, 37.21466 ], [ -4.59995, 37.20996 ], [ -4.59064, 37.20953 ], [ -4.58498, 37.21121 ], [ -4.57621, 37.20916 ], [ -4.57025, 37.21104 ], [ -4.56957, 37.21664 ], [ -4.56026, 37.21933 ], [ -4.55318, 37.21698 ], [ -4.54472, 37.21739 ], [ -4.53374, 37.21212 ], [ -4.52579, 37.21637 ], [ -4.51022, 37.22128 ], [ -4.49935, 37.23035 ], [ -4.49928, 37.2239 ], [ -4.49228, 37.22698 ], [ -4.48953, 37.23056 ], [ -4.49121, 37.23558 ], [ -4.48049, 37.23866 ], [ -4.47745, 37.24563 ], [ -4.48484, 37.24925 ], [ -4.48518, 37.25249 ], [ -4.47632, 37.25707 ], [ -4.47171, 37.25158 ], [ -4.46825, 37.25656 ], [ -4.45678, 37.26189 ], [ -4.445, 37.27759 ], [ -4.43973, 37.2783 ], [ -4.43351, 37.27395 ], [ -4.4272, 37.27588 ], [ -4.42474, 37.27936 ], [ -4.41797, 37.2824 ], [ -4.41183, 37.27656 ], [ -4.40338, 37.27643 ], [ -4.39045, 37.27373 ], [ -4.38341, 37.27741 ], [ -4.37772, 37.27035 ], [ -4.38081, 37.26336 ], [ -4.37606, 37.25722 ], [ -4.37975, 37.249 ], [ -4.37744, 37.24177 ], [ -4.38502, 37.23802 ], [ -4.38258, 37.23155 ], [ -4.37201, 37.21539 ], [ -4.36447, 37.21386 ], [ -4.35265, 37.21476 ], [ -4.34508, 37.21405 ], [ -4.3321, 37.20757 ], [ -4.32615, 37.20258 ], [ -4.33226, 37.19146 ], [ -4.32762, 37.18433 ], [ -4.3237, 37.19009 ], [ -4.31094, 37.19539 ], [ -4.29557, 37.19939 ], [ -4.29206, 37.20371 ], [ -4.28315, 37.20733 ], [ -4.28271, 37.21004 ], [ -4.26345, 37.22749 ], [ -4.25531, 37.22956 ], [ -4.25762, 37.2504 ], [ -4.26325, 37.26038 ], [ -4.24813, 37.26912 ], [ -4.24103, 37.29063 ], [ -4.23651, 37.29722 ], [ -4.2352, 37.31192 ], [ -4.23912, 37.32768 ], [ -4.23642, 37.33585 ], [ -4.22849, 37.33734 ], [ -4.20933, 37.35247 ], [ -4.20403, 37.35291 ], [ -4.19478, 37.35047 ], [ -4.17234, 37.3484 ], [ -4.16197, 37.34194 ], [ -4.15784, 37.34225 ], [ -4.14874, 37.35426 ], [ -4.14569, 37.36169 ], [ -4.1411, 37.36621 ], [ -4.12998, 37.37338 ], [ -4.12648, 37.37875 ], [ -4.11932, 37.38274 ], [ -4.10781, 37.3862 ], [ -4.10235, 37.39012 ], [ -4.09823, 37.40012 ], [ -4.08594, 37.40375 ], [ -4.07564, 37.4023 ], [ -4.06674, 37.40456 ], [ -4.05373, 37.40256 ], [ -4.0449, 37.40333 ], [ -4.03738, 37.40593 ], [ -4.02686, 37.40548 ], [ -4.0205, 37.40214 ], [ -4.00082, 37.40209 ], [ -4.01694, 37.41764 ], [ -4.02241, 37.42872 ], [ -4.02772, 37.43495 ], [ -4.02902, 37.44219 ], [ -4.03444, 37.44807 ], [ -4.04763, 37.46707 ], [ -4.06043, 37.47205 ], [ -4.06781, 37.47161 ], [ -4.08178, 37.48044 ], [ -4.08468, 37.48913 ], [ -4.07444, 37.49304 ], [ -4.07281, 37.49635 ], [ -4.06042, 37.50612 ], [ -4.07963, 37.50926 ], [ -4.08542, 37.5136 ], [ -4.09433, 37.51056 ], [ -4.09897, 37.5219 ], [ -4.0991, 37.53067 ], [ -4.10522, 37.53405 ], [ -4.10918, 37.53325 ], [ -4.11342, 37.53962 ], [ -4.11397, 37.5467 ], [ -4.12176, 37.54906 ], [ -4.12618, 37.55475 ], [ -4.13527, 37.56141 ], [ -4.13935, 37.56018 ], [ -4.15293, 37.57386 ], [ -4.16115, 37.57608 ], [ -4.15782, 37.57984 ], [ -4.16387, 37.58825 ], [ -4.16937, 37.58977 ], [ -4.16314, 37.59931 ], [ -4.1781, 37.61302 ], [ -4.18722, 37.61652 ], [ -4.19352, 37.61586 ], [ -4.19587, 37.61178 ], [ -4.20204, 37.6153 ], [ -4.20801, 37.61041 ], [ -4.21032, 37.61559 ], [ -4.22118, 37.62243 ], [ -4.21832, 37.62606 ], [ -4.22422, 37.63138 ], [ -4.22787, 37.63978 ], [ -4.21483, 37.64674 ], [ -4.20608, 37.6536 ], [ -4.18765, 37.67003 ], [ -4.17542, 37.67738 ], [ -4.16437, 37.68151 ], [ -4.17288, 37.69212 ], [ -4.1803, 37.69933 ], [ -4.18351, 37.70704 ], [ -4.19009, 37.70675 ], [ -4.20783, 37.71082 ], [ -4.22621, 37.71771 ], [ -4.23816, 37.71963 ], [ -4.23958, 37.72643 ], [ -4.23552, 37.73525 ], [ -4.23338, 37.74375 ], [ -4.22841, 37.75571 ], [ -4.22451, 37.7618 ], [ -4.2175, 37.7671 ], [ -4.20745, 37.77004 ], [ -4.20658, 37.77873 ], [ -4.21358, 37.78392 ], [ -4.22534, 37.7866 ], [ -4.24807, 37.78851 ], [ -4.25903, 37.78869 ], [ -4.27559, 37.79255 ], [ -4.28674, 37.79654 ], [ -4.28755, 37.80049 ], [ -4.28412, 37.8122 ], [ -4.28596, 37.81526 ], [ -4.28086, 37.82867 ], [ -4.2777, 37.85697 ], [ -4.27992, 37.87604 ], [ -4.27745, 37.88659 ], [ -4.27331, 37.89669 ], [ -4.27481, 37.90279 ], [ -4.27099, 37.91136 ], [ -4.26239, 37.91508 ], [ -4.25819, 37.93807 ], [ -4.26095, 37.9636 ], [ -4.26468, 37.97427 ], [ -4.27146, 37.98592 ], [ -4.27093, 37.98786 ], [ -4.27762, 38.00011 ], [ -4.28445, 38.00383 ], [ -4.28225, 38.02281 ], [ -4.27646, 38.02393 ], [ -4.25996, 38.02223 ], [ -4.2604, 38.02803 ], [ -4.2688, 38.0388 ], [ -4.26506, 38.04093 ], [ -4.2592, 38.0388 ], [ -4.2506, 38.0389 ], [ -4.24009, 38.04703 ], [ -4.23859, 38.05187 ], [ -4.24377, 38.05309 ], [ -4.25175, 38.05067 ], [ -4.25233, 38.06209 ], [ -4.246, 38.0696 ], [ -4.23459, 38.06431 ], [ -4.2359, 38.06972 ], [ -4.23349, 38.07513 ], [ -4.22692, 38.08035 ], [ -4.22894, 38.08994 ], [ -4.22016, 38.08794 ], [ -4.21408, 38.08948 ], [ -4.21414, 38.0945 ], [ -4.22155, 38.10225 ], [ -4.21733, 38.11105 ], [ -4.20515, 38.10765 ], [ -4.19913, 38.11544 ], [ -4.19955, 38.1219 ], [ -4.19315, 38.12753 ], [ -4.18288, 38.13118 ], [ -4.17496, 38.13174 ], [ -4.16847, 38.1368 ], [ -4.16355, 38.14461 ], [ -4.16582, 38.14927 ], [ -4.1635, 38.1609 ], [ -4.16828, 38.16467 ], [ -4.16636, 38.17341 ], [ -4.16786, 38.18079 ], [ -4.18187, 38.19334 ], [ -4.1894, 38.19886 ], [ -4.18978, 38.20583 ], [ -4.195, 38.21129 ], [ -4.20061, 38.21285 ], [ -4.20107, 38.22064 ], [ -4.19405, 38.23097 ], [ -4.19591, 38.23746 ], [ -4.20305, 38.24557 ], [ -4.21651, 38.24663 ], [ -4.21645, 38.25165 ], [ -4.20863, 38.26698 ], [ -4.21424, 38.26888 ], [ -4.21418, 38.28306 ], [ -4.2109, 38.29283 ], [ -4.21001, 38.30086 ], [ -4.21528, 38.30377 ], [ -4.2197, 38.29857 ], [ -4.22615, 38.30386 ], [ -4.23811, 38.3239 ], [ -4.23339, 38.32613 ], [ -4.23927, 38.3328 ], [ -4.23565, 38.33631 ], [ -4.24738, 38.34262 ], [ -4.25528, 38.34013 ], [ -4.263, 38.34257 ], [ -4.26887, 38.34717 ], [ -4.27552, 38.34868 ], [ -4.28386, 38.34411 ], [ -4.29594, 38.35009 ], [ -4.30926, 38.35269 ], [ -4.3109, 38.35702 ], [ -4.31743, 38.35701 ], [ -4.31956, 38.36154 ], [ -4.32598, 38.36317 ], [ -4.33235, 38.36098 ], [ -4.33395, 38.36534 ], [ -4.35396, 38.37169 ], [ -4.38414, 38.38224 ], [ -4.395, 38.3872 ], [ -4.40645, 38.38313 ], [ -4.40969, 38.38487 ], [ -4.41496, 38.39295 ], [ -4.42059, 38.3959 ], [ -4.42948, 38.39596 ], [ -4.43517, 38.40223 ], [ -4.45247, 38.40065 ], [ -4.45626, 38.40653 ], [ -4.46264, 38.41095 ], [ -4.46416, 38.41643 ], [ -4.47127, 38.42598 ], [ -4.48387, 38.43361 ], [ -4.48717, 38.43962 ], [ -4.49444, 38.44043 ], [ -4.50019, 38.44502 ], [ -4.50556, 38.4569 ], [ -4.51269, 38.46385 ], [ -4.52073, 38.46262 ], [ -4.53531, 38.46999 ], [ -4.53954, 38.47987 ], [ -4.5443, 38.48158 ], [ -4.54916, 38.47797 ], [ -4.55737, 38.47647 ], [ -4.55945, 38.48244 ], [ -4.56395, 38.48523 ], [ -4.56578, 38.49078 ], [ -4.57181, 38.4875 ], [ -4.57567, 38.4927 ], [ -4.58442, 38.49321 ], [ -4.58816, 38.48674 ], [ -4.59411, 38.48663 ], [ -4.59809, 38.49104 ], [ -4.60902, 38.49502 ], [ -4.61124, 38.50019 ], [ -4.61901, 38.50824 ], [ -4.62428, 38.52412 ], [ -4.63327, 38.52514 ], [ -4.63986, 38.53184 ], [ -4.65025, 38.53541 ], [ -4.65831, 38.54043 ], [ -4.66604, 38.54772 ], [ -4.67862, 38.54659 ], [ -4.69414, 38.54897 ], [ -4.70191, 38.55197 ], [ -4.70541, 38.55649 ], [ -4.70112, 38.56244 ], [ -4.70583, 38.5657 ], [ -4.70838, 38.57239 ], [ -4.71934, 38.57101 ], [ -4.74738, 38.57967 ], [ -4.75522, 38.58551 ], [ -4.76852, 38.58674 ], [ -4.77928, 38.5933 ], [ -4.79007, 38.59719 ], [ -4.80042, 38.59487 ], [ -4.8163, 38.59532 ], [ -4.82273, 38.59708 ], [ -4.8352, 38.60752 ], [ -4.85148, 38.6129 ], [ -4.86017, 38.61398 ], [ -4.86501, 38.62206 ], [ -4.86733, 38.63278 ], [ -4.86405, 38.64013 ], [ -4.86818, 38.64829 ], [ -4.86764, 38.66315 ], [ -4.87089, 38.67514 ], [ -4.86888, 38.68093 ], [ -4.87697, 38.68609 ], [ -4.88485, 38.6876 ], [ -4.88868, 38.68537 ], [ -4.8993, 38.6866 ], [ -4.91877, 38.68609 ], [ -4.92378, 38.68198 ], [ -4.94419, 38.68184 ], [ -4.96939, 38.68654 ], [ -5.00141, 38.695 ], [ -5.00044, 38.70121 ], [ -5.00202, 38.70818 ], [ -5.00803, 38.71523 ], [ -5.01721, 38.71889 ], [ -5.02428, 38.72611 ], [ -5.03274, 38.72537 ], [ -5.04695, 38.72909 ], [ -5.05888, 38.72428 ], [ -5.06829, 38.71756 ], [ -5.0752, 38.71692 ], [ -5.09011, 38.71152 ], [ -5.09247, 38.70895 ], [ -5.10079, 38.70772 ], [ -5.11204, 38.71185 ], [ -5.11842, 38.71603 ], [ -5.14254, 38.7138 ], [ -5.15276, 38.71633 ], [ -5.16942, 38.71307 ], [ -5.17022, 38.71657 ], [ -5.18362, 38.71835 ], [ -5.18031, 38.71232 ], [ -5.18135, 38.70665 ], [ -5.17548, 38.70053 ], [ -5.17345, 38.68847 ], [ -5.16732, 38.68047 ], [ -5.16801, 38.67732 ], [ -5.18278, 38.67613 ], [ -5.18741, 38.67039 ], [ -5.18011, 38.667 ], [ -5.18497, 38.65942 ], [ -5.19141, 38.66117 ], [ -5.20156, 38.65776 ], [ -5.20416, 38.6661 ], [ -5.20924, 38.66639 ], [ -5.21233, 38.65598 ], [ -5.21166, 38.65177 ], [ -5.21723, 38.6492 ], [ -5.21954, 38.65603 ], [ -5.22394, 38.65646 ], [ -5.22239, 38.64893 ], [ -5.22943, 38.64706 ], [ -5.23563, 38.64303 ], [ -5.23755, 38.63769 ], [ -5.24778, 38.6376 ], [ -5.25512, 38.63073 ], [ -5.25657, 38.62468 ], [ -5.26677, 38.6231 ], [ -5.27336, 38.61564 ], [ -5.27928, 38.61229 ], [ -5.28709, 38.61297 ], [ -5.29224, 38.61081 ], [ -5.30063, 38.59905 ], [ -5.30929, 38.59443 ], [ -5.31091, 38.5902 ], [ -5.30687, 38.58624 ], [ -5.30765, 38.57799 ], [ -5.3121, 38.57712 ], [ -5.32382, 38.58056 ], [ -5.32889, 38.5783 ], [ -5.33573, 38.5785 ], [ -5.34591, 38.58315 ], [ -5.35658, 38.58548 ], [ -5.36899, 38.58492 ], [ -5.36969, 38.57768 ], [ -5.37569, 38.56826 ], [ -5.38601, 38.56681 ], [ -5.38981, 38.56217 ], [ -5.38339, 38.55738 ], [ -5.3908, 38.55486 ], [ -5.39149, 38.54887 ], [ -5.38365, 38.54368 ], [ -5.38416, 38.53945 ], [ -5.39051, 38.54005 ], [ -5.39616, 38.54591 ], [ -5.40656, 38.54388 ], [ -5.40463, 38.53549 ], [ -5.41603, 38.53021 ], [ -5.41354, 38.52407 ], [ -5.42024, 38.51244 ], [ -5.4294, 38.51334 ], [ -5.43497, 38.50422 ], [ -5.44482, 38.50492 ], [ -5.45074, 38.49813 ], [ -5.45713, 38.49969 ], [ -5.45842, 38.49476 ], [ -5.46801, 38.48566 ], [ -5.48037, 38.48368 ], [ -5.4802, 38.47519 ], [ -5.48358, 38.46573 ], [ -5.49167, 38.46602 ], [ -5.49563, 38.4585 ], [ -5.50354, 38.45677 ], [ -5.51301, 38.46408 ], [ -5.51922, 38.46347 ], [ -5.53087, 38.45457 ], [ -5.55347, 38.44496 ], [ -5.5613, 38.43609 ], [ -5.56814, 38.43339 ], [ -5.57305, 38.42687 ], [ -5.5727, 38.42327 ], [ -5.58123, 38.40449 ], [ -5.58428, 38.40097 ], [ -5.58507, 38.38584 ], [ -5.57302, 38.37835 ], [ -5.56678, 38.3772 ], [ -5.56316, 38.372 ], [ -5.56653, 38.36835 ], [ -5.56871, 38.35664 ], [ -5.56727, 38.35133 ], [ -5.5723, 38.34191 ], [ -5.57322, 38.3315 ], [ -5.57565, 38.32911 ], [ -5.56768, 38.32348 ], [ -5.55553, 38.31773 ], [ -5.55123, 38.31098 ], [ -5.55278, 38.30449 ], [ -5.54462, 38.29339 ], [ -5.54448, 38.28308 ], [ -5.53757, 38.27301 ], [ -5.53179, 38.26996 ], [ -5.52596, 38.26412 ], [ -5.53004, 38.25519 ], [ -5.52378, 38.2492 ], [ -5.52214, 38.23225 ], [ -5.52434, 38.22261 ], [ -5.52326, 38.21225 ], [ -5.52043, 38.20757 ], [ -5.53871, 38.2006 ], [ -5.54034, 38.18503 ], [ -5.54005, 38.16955 ], [ -5.53578, 38.16868 ], [ -5.53967, 38.16069 ], [ -5.54848, 38.16117 ], [ -5.55676, 38.15022 ], [ -5.56194, 38.15075 ], [ -5.56732, 38.14797 ], [ -5.57399, 38.15066 ], [ -5.58564, 38.14036 ], [ -5.58479, 38.13171 ] ] } },
{ "type": "Feature", "properties": { "CPRO": "18", "NPRO": "Granada", "stroke": "#787878", "stroke-width": 1.5, "stroke-opacity": 0.65 }, "geometry": { "type": "LineString", "coordinates": [ [ -3.77744, 36.73792 ], [ -3.76911, 36.72954 ], [ -3.76459, 36.72895 ], [ -3.76201, 36.73504 ], [ -3.75417, 36.73843 ], [ -3.74533, 36.73573 ], [ -3.73529, 36.7278 ], [ -3.73644, 36.7235 ], [ -3.72902, 36.72077 ], [ -3.72686, 36.72871 ], [ -3.71504, 36.73315 ], [ -3.70298, 36.73355 ], [ -3.69651, 36.7297 ], [ -3.67376, 36.73113 ], [ -3.6665, 36.74059 ], [ -3.65787, 36.74646 ], [ -3.63945, 36.74254 ], [ -3.6222, 36.74123 ], [ -3.61285, 36.74353 ], [ -3.60208, 36.74449 ], [ -3.593, 36.73709 ], [ -3.57957, 36.72316 ], [ -3.55418, 36.71502 ], [ -3.54603, 36.71634 ], [ -3.53529, 36.72243 ], [ -3.52581, 36.7241 ], [ -3.51546, 36.72169 ], [ -3.51017, 36.71849 ], [ -3.48779, 36.70132 ], [ -3.47968, 36.69659 ], [ -3.46811, 36.69325 ], [ -3.46183, 36.69627 ], [ -3.45206, 36.69457 ], [ -3.43811, 36.69438 ], [ -3.42868, 36.69541 ], [ -3.41892, 36.6946 ], [ -3.41365, 36.70162 ], [ -3.40649, 36.70217 ], [ -3.40328, 36.70689 ], [ -3.39798, 36.70531 ], [ -3.38864, 36.71115 ], [ -3.37314, 36.71205 ], [ -3.36217, 36.71601 ], [ -3.3622, 36.71828 ], [ -3.3543, 36.72463 ], [ -3.34703, 36.73336 ], [ -3.33916, 36.73807 ], [ -3.32946, 36.73863 ], [ -3.31763, 36.74179 ], [ -3.30526, 36.73797 ], [ -3.28287, 36.74386 ], [ -3.26219, 36.75241 ], [ -3.24445, 36.75448 ], [ -3.23387, 36.75018 ], [ -3.22483, 36.7502 ], [ -3.21213, 36.74522 ], [ -3.20342, 36.74985 ], [ -3.19355, 36.74899 ], [ -3.18676, 36.75025 ], [ -3.17975, 36.74791 ], [ -3.17435, 36.74885 ], [ -3.1675, 36.74471 ], [ -3.15854, 36.74736 ], [ -3.14459, 36.74501 ], [ -3.14055, 36.74805 ], [ -3.1287, 36.75089 ], [ -3.13239, 36.75599 ], [ -3.13685, 36.76643 ], [ -3.13598, 36.77742 ], [ -3.13424, 36.7815 ], [ -3.13999, 36.78508 ], [ -3.13106, 36.79283 ], [ -3.11686, 36.79816 ], [ -3.10867, 36.80329 ], [ -3.09268, 36.80977 ], [ -3.07745, 36.81965 ], [ -3.07395, 36.82468 ], [ -3.04329, 36.8317 ], [ -3.03738, 36.83539 ], [ -3.02901, 36.84444 ], [ -3.03208, 36.86094 ], [ -3.03576, 36.8636 ], [ -3.04338, 36.87659 ], [ -3.04327, 36.87912 ], [ -3.05047, 36.8835 ], [ -3.05664, 36.88506 ], [ -3.06242, 36.89545 ], [ -3.07051, 36.90118 ], [ -3.06806, 36.90716 ], [ -3.06953, 36.91235 ], [ -3.05586, 36.91184 ], [ -3.04806, 36.91607 ], [ -3.04589, 36.91987 ], [ -3.03132, 36.92458 ], [ -3.03047, 36.93811 ], [ -3.03221, 36.94229 ], [ -3.02934, 36.94753 ], [ -3.02219, 36.95408 ], [ -3.00664, 36.95734 ], [ -2.99554, 36.95669 ], [ -2.9905, 36.95818 ], [ -2.98477, 36.96443 ], [ -2.98501, 36.97191 ], [ -2.97842, 36.97385 ], [ -2.97683, 36.98699 ], [ -2.98251, 37.00597 ], [ -2.98942, 37.00757 ], [ -2.99333, 37.01347 ], [ -2.99894, 37.01222 ], [ -2.99958, 37.02206 ], [ -3.0055, 37.02294 ], [ -3.00771, 37.03892 ], [ -3.01623, 37.05221 ], [ -3.01776, 37.07064 ], [ -3.02393, 37.08442 ], [ -3.02198, 37.09891 ], [ -3.02958, 37.11325 ], [ -3.02639, 37.11657 ], [ -3.01893, 37.11249 ], [ -3.01501, 37.11328 ], [ -3.00394, 37.09711 ], [ -2.98528, 37.0929 ], [ -2.97911, 37.09322 ], [ -2.97014, 37.09651 ], [ -2.95394, 37.09687 ], [ -2.95001, 37.09948 ], [ -2.94833, 37.10615 ], [ -2.94288, 37.11177 ], [ -2.94367, 37.1187 ], [ -2.9409, 37.13066 ], [ -2.93375, 37.13531 ], [ -2.92774, 37.15755 ], [ -2.91377, 37.15935 ], [ -2.91101, 37.1635 ], [ -2.8953, 37.16705 ], [ -2.88925, 37.17702 ], [ -2.88903, 37.18156 ], [ -2.87921, 37.19315 ], [ -2.88027, 37.20395 ], [ -2.87285, 37.22018 ], [ -2.87496, 37.23146 ], [ -2.86348, 37.24735 ], [ -2.85911, 37.25048 ], [ -2.85539, 37.26634 ], [ -2.85114, 37.27612 ], [ -2.84539, 37.27922 ], [ -2.83472, 37.27781 ], [ -2.82835, 37.28021 ], [ -2.81936, 37.27833 ], [ -2.81711, 37.27235 ], [ -2.80834, 37.26876 ], [ -2.80217, 37.26819 ], [ -2.79449, 37.26336 ], [ -2.779, 37.26266 ], [ -2.77601, 37.25557 ], [ -2.77821, 37.249 ], [ -2.77261, 37.2414 ], [ -2.76209, 37.2331 ], [ -2.75903, 37.22671 ], [ -2.73999, 37.22876 ], [ -2.73302, 37.23732 ], [ -2.7304, 37.23285 ], [ -2.72532, 37.23114 ], [ -2.71425, 37.23159 ], [ -2.70494, 37.22278 ], [ -2.698, 37.22237 ], [ -2.69096, 37.21834 ], [ -2.67616, 37.21596 ], [ -2.66837, 37.21678 ], [ -2.66461, 37.21183 ], [ -2.6594, 37.21355 ], [ -2.65763, 37.22892 ], [ -2.6635, 37.23219 ], [ -2.66629, 37.23809 ], [ -2.66751, 37.24952 ], [ -2.66171, 37.26668 ], [ -2.66432, 37.27256 ], [ -2.66443, 37.2869 ], [ -2.6588, 37.29934 ], [ -2.65174, 37.30899 ], [ -2.65104, 37.31466 ], [ -2.65449, 37.32032 ], [ -2.65067, 37.32603 ], [ -2.65453, 37.33551 ], [ -2.6546, 37.34061 ], [ -2.64649, 37.34331 ], [ -2.63729, 37.34333 ], [ -2.63572, 37.35303 ], [ -2.63694, 37.35693 ], [ -2.63529, 37.36547 ], [ -2.64202, 37.37337 ], [ -2.64097, 37.3828 ], [ -2.63562, 37.39421 ], [ -2.62202, 37.40255 ], [ -2.61506, 37.40569 ], [ -2.60516, 37.41304 ], [ -2.60248, 37.41748 ], [ -2.59679, 37.42102 ], [ -2.57761, 37.42887 ], [ -2.57174, 37.43744 ], [ -2.56845, 37.44639 ], [ -2.5567, 37.45038 ], [ -2.55102, 37.45573 ], [ -2.54121, 37.45853 ], [ -2.53001, 37.46515 ], [ -2.51415, 37.47953 ], [ -2.50309, 37.48351 ], [ -2.49421, 37.48288 ], [ -2.4741, 37.48347 ], [ -2.45752, 37.49083 ], [ -2.46197, 37.49869 ], [ -2.45632, 37.50943 ], [ -2.44008, 37.51117 ], [ -2.43428, 37.50947 ], [ -2.41604, 37.51597 ], [ -2.4117, 37.52494 ], [ -2.40717, 37.52243 ], [ -2.40295, 37.51556 ], [ -2.39722, 37.51338 ], [ -2.3944, 37.51762 ], [ -2.38115, 37.52292 ], [ -2.36264, 37.52003 ], [ -2.35851, 37.52229 ], [ -2.36042, 37.5346 ], [ -2.35573, 37.54699 ], [ -2.3743, 37.55735 ], [ -2.36746, 37.56304 ], [ -2.36821, 37.57284 ], [ -2.37457, 37.57932 ], [ -2.36981, 37.58101 ], [ -2.36789, 37.59157 ], [ -2.37598, 37.61226 ], [ -2.38032, 37.61214 ], [ -2.38879, 37.618 ], [ -2.38978, 37.62914 ], [ -2.37365, 37.62905 ], [ -2.36377, 37.62147 ], [ -2.34543, 37.62922 ], [ -2.34175, 37.62378 ], [ -2.31582, 37.62219 ], [ -2.30874, 37.63516 ], [ -2.31547, 37.64143 ], [ -2.31995, 37.64809 ], [ -2.31951, 37.65963 ], [ -2.325, 37.66917 ], [ -2.32603, 37.67573 ], [ -2.32307, 37.69486 ], [ -2.31327, 37.71137 ], [ -2.30659, 37.71021 ], [ -2.30751, 37.72327 ], [ -2.29689, 37.74149 ], [ -2.29472, 37.74817 ], [ -2.28707, 37.7514 ], [ -2.27678, 37.77622 ], [ -2.28549, 37.78599 ], [ -2.29127, 37.78919 ], [ -2.30022, 37.80349 ], [ -2.3018, 37.81023 ], [ -2.29356, 37.82812 ], [ -2.28938, 37.83148 ], [ -2.29384, 37.84156 ], [ -2.29627, 37.85977 ], [ -2.29494, 37.87632 ], [ -2.28851, 37.88514 ], [ -2.27855, 37.88435 ], [ -2.26568, 37.88092 ], [ -2.25993, 37.88603 ], [ -2.25077, 37.89718 ], [ -2.23006, 37.90611 ], [ -2.20766, 37.91657 ], [ -2.22956, 37.92612 ], [ -2.23791, 37.9285 ], [ -2.25342, 37.93956 ], [ -2.25882, 37.94993 ], [ -2.26757, 37.95345 ], [ -2.28008, 37.96312 ], [ -2.29723, 37.98913 ], [ -2.29919, 38.00277 ], [ -2.30933, 38.00885 ], [ -2.32309, 38.01398 ], [ -2.34163, 38.026 ], [ -2.35858, 38.02249 ], [ -2.37307, 38.02328 ], [ -2.38085, 38.02533 ], [ -2.39285, 38.03086 ], [ -2.40333, 38.0329 ], [ -2.41378, 38.03233 ], [ -2.42341, 38.03371 ], [ -2.4317, 38.04316 ], [ -2.43785, 38.04423 ], [ -2.45854, 38.05083 ], [ -2.46263, 38.0503 ], [ -2.47164, 38.05638 ], [ -2.4807, 38.05312 ], [ -2.49598, 38.06199 ], [ -2.5044, 38.06832 ], [ -2.52173, 38.06978 ], [ -2.53034, 38.07378 ], [ -2.5393, 38.07574 ], [ -2.5468, 38.07935 ], [ -2.55129, 38.0841 ], [ -2.55785, 38.08154 ], [ -2.56602, 38.08321 ], [ -2.57376, 38.07412 ], [ -2.5811, 38.07398 ], [ -2.59143, 38.06953 ], [ -2.59712, 38.06371 ], [ -2.59896, 38.05877 ], [ -2.59628, 38.05059 ], [ -2.59994, 38.04362 ], [ -2.59853, 38.03352 ], [ -2.5982, 38.00558 ], [ -2.62033, 37.98822 ], [ -2.62879, 37.98452 ], [ -2.64253, 37.98108 ], [ -2.6557, 37.96626 ], [ -2.66068, 37.96596 ], [ -2.67084, 37.96142 ], [ -2.67447, 37.96491 ], [ -2.6836, 37.96806 ], [ -2.68747, 37.97247 ], [ -2.69426, 37.97445 ], [ -2.71023, 37.96793 ], [ -2.71556, 37.96223 ], [ -2.72286, 37.96246 ], [ -2.72418, 37.95583 ], [ -2.72778, 37.95549 ], [ -2.7313, 37.94885 ], [ -2.7389, 37.94429 ], [ -2.74432, 37.93491 ], [ -2.75248, 37.93121 ], [ -2.75936, 37.92399 ], [ -2.76616, 37.9205 ], [ -2.77431, 37.92558 ], [ -2.78372, 37.91856 ], [ -2.7897, 37.90695 ], [ -2.79546, 37.90279 ], [ -2.79949, 37.89004 ], [ -2.80764, 37.87993 ], [ -2.81961, 37.87614 ], [ -2.81784, 37.87178 ], [ -2.82162, 37.85793 ], [ -2.81973, 37.85293 ], [ -2.82197, 37.84791 ], [ -2.83327, 37.83487 ], [ -2.83435, 37.83062 ], [ -2.83958, 37.82867 ], [ -2.84059, 37.8214 ], [ -2.84736, 37.81391 ], [ -2.85529, 37.81101 ], [ -2.85999, 37.80387 ], [ -2.87356, 37.79078 ], [ -2.87604, 37.78287 ], [ -2.87484, 37.77815 ], [ -2.88029, 37.75995 ], [ -2.89006, 37.76146 ], [ -2.89862, 37.75717 ], [ -2.9044, 37.74888 ], [ -2.90243, 37.73895 ], [ -2.9063, 37.73315 ], [ -2.907, 37.72748 ], [ -2.90072, 37.72316 ], [ -2.9041, 37.70989 ], [ -2.90153, 37.68929 ], [ -2.89891, 37.68479 ], [ -2.88853, 37.68258 ], [ -2.88538, 37.6802 ], [ -2.89121, 37.67302 ], [ -2.9022, 37.66571 ], [ -2.9196, 37.65962 ], [ -2.93815, 37.64994 ], [ -2.96827, 37.63713 ], [ -2.97605, 37.63267 ], [ -2.97518, 37.62039 ], [ -2.98285, 37.61336 ], [ -2.97617, 37.60604 ], [ -2.98323, 37.60145 ], [ -2.99014, 37.60394 ], [ -2.99566, 37.60312 ], [ -3.00343, 37.60813 ], [ -3.01117, 37.608 ], [ -3.02438, 37.6115 ], [ -3.03347, 37.61697 ], [ -3.04287, 37.61608 ], [ -3.05157, 37.61821 ], [ -3.05762, 37.60692 ], [ -3.073, 37.6035 ], [ -3.07736, 37.59901 ], [ -3.08381, 37.59914 ], [ -3.09093, 37.59612 ], [ -3.09942, 37.60216 ], [ -3.09973, 37.60549 ], [ -3.11347, 37.60743 ], [ -3.12499, 37.61058 ], [ -3.13373, 37.6152 ], [ -3.14783, 37.62592 ], [ -3.15104, 37.62664 ], [ -3.17206, 37.64287 ], [ -3.18639, 37.64449 ], [ -3.19906, 37.64369 ], [ -3.21575, 37.64419 ], [ -3.22637, 37.63917 ], [ -3.23353, 37.63801 ], [ -3.24368, 37.63913 ], [ -3.26249, 37.63921 ], [ -3.26112, 37.63371 ], [ -3.27313, 37.61842 ], [ -3.28139, 37.61324 ], [ -3.28878, 37.60395 ], [ -3.2908, 37.59448 ], [ -3.29754, 37.58794 ], [ -3.3163, 37.58496 ], [ -3.32554, 37.58175 ], [ -3.33132, 37.58183 ], [ -3.34482, 37.57562 ], [ -3.35732, 37.57637 ], [ -3.36657, 37.56761 ], [ -3.37445, 37.56751 ], [ -3.37883, 37.56416 ], [ -3.38563, 37.56534 ], [ -3.3993, 37.56405 ], [ -3.40952, 37.56733 ], [ -3.42451, 37.56953 ], [ -3.43379, 37.57555 ], [ -3.43688, 37.57389 ], [ -3.44972, 37.58446 ], [ -3.45323, 37.59105 ], [ -3.46152, 37.59859 ], [ -3.47954, 37.60109 ], [ -3.48647, 37.60436 ], [ -3.50654, 37.61722 ], [ -3.53011, 37.60236 ], [ -3.53845, 37.59366 ], [ -3.53458, 37.58561 ], [ -3.53644, 37.58081 ], [ -3.55525, 37.57359 ], [ -3.55877, 37.56624 ], [ -3.57068, 37.5618 ], [ -3.58289, 37.55387 ], [ -3.59999, 37.54734 ], [ -3.61092, 37.54059 ], [ -3.61715, 37.53505 ], [ -3.62703, 37.52957 ], [ -3.64336, 37.52648 ], [ -3.65911, 37.52064 ], [ -3.66291, 37.5217 ], [ -3.67197, 37.51822 ], [ -3.68301, 37.51796 ], [ -3.68995, 37.51345 ], [ -3.69629, 37.51221 ], [ -3.70821, 37.50404 ], [ -3.71152, 37.50313 ], [ -3.71796, 37.49548 ], [ -3.72924, 37.4886 ], [ -3.74319, 37.48717 ], [ -3.77083, 37.47987 ], [ -3.77656, 37.48266 ], [ -3.77583, 37.48826 ], [ -3.78331, 37.49188 ], [ -3.78835, 37.48766 ], [ -3.79191, 37.47934 ], [ -3.78669, 37.47787 ], [ -3.79098, 37.4729 ], [ -3.79172, 37.46619 ], [ -3.80758, 37.457 ], [ -3.80221, 37.45335 ], [ -3.80877, 37.43928 ], [ -3.81592, 37.42914 ], [ -3.81803, 37.42136 ], [ -3.82653, 37.41352 ], [ -3.82542, 37.40243 ], [ -3.8305, 37.40141 ], [ -3.83637, 37.39554 ], [ -3.84122, 37.38624 ], [ -3.87156, 37.38828 ], [ -3.88123, 37.38763 ], [ -3.90144, 37.3835 ], [ -3.91227, 37.3784 ], [ -3.93661, 37.37983 ], [ -3.95089, 37.37835 ], [ -3.96633, 37.38407 ], [ -3.97319, 37.38817 ], [ -3.98142, 37.38745 ], [ -4.00082, 37.40209 ], [ -4.0205, 37.40214 ], [ -4.02686, 37.40548 ], [ -4.03738, 37.40593 ], [ -4.0449, 37.40333 ], [ -4.05373, 37.40256 ], [ -4.06674, 37.40456 ], [ -4.07564, 37.4023 ], [ -4.08594, 37.40375 ], [ -4.09823, 37.40012 ], [ -4.10235, 37.39012 ], [ -4.10781, 37.3862 ], [ -4.11932, 37.38274 ], [ -4.12648, 37.37875 ], [ -4.12998, 37.37338 ], [ -4.1411, 37.36621 ], [ -4.14569, 37.36169 ], [ -4.14874, 37.35426 ], [ -4.15784, 37.34225 ], [ -4.16197, 37.34194 ], [ -4.17234, 37.3484 ], [ -4.19478, 37.35047 ], [ -4.20403, 37.35291 ], [ -4.20933, 37.35247 ], [ -4.22849, 37.33734 ], [ -4.23642, 37.33585 ], [ -4.23912, 37.32768 ], [ -4.2352, 37.31192 ], [ -4.23651, 37.29722 ], [ -4.24103, 37.29063 ], [ -4.24813, 37.26912 ], [ -4.26325, 37.26038 ], [ -4.25762, 37.2504 ], [ -4.25531, 37.22956 ], [ -4.26345, 37.22749 ], [ -4.28271, 37.21004 ], [ -4.28315, 37.20733 ], [ -4.29206, 37.20371 ], [ -4.29557, 37.19939 ], [ -4.31094, 37.19539 ], [ -4.3237, 37.19009 ], [ -4.32762, 37.18433 ], [ -4.32336, 37.18073 ], [ -4.30863, 37.15172 ], [ -4.30287, 37.14521 ], [ -4.29697, 37.1335 ], [ -4.29154, 37.13025 ], [ -4.28707, 37.11952 ], [ -4.28563, 37.10853 ], [ -4.28658, 37.09823 ], [ -4.28346, 37.09187 ], [ -4.28465, 37.08889 ], [ -4.28264, 37.06653 ], [ -4.2793, 37.05229 ], [ -4.27276, 37.04172 ], [ -4.27165, 37.03005 ], [ -4.27004, 37.02703 ], [ -4.27251, 37.0149 ], [ -4.26018, 37.01741 ], [ -4.25193, 37.02298 ], [ -4.23134, 37.01694 ], [ -4.22335, 37.01234 ], [ -4.21542, 36.99177 ], [ -4.20715, 36.98618 ], [ -4.18944, 36.9783 ], [ -4.17686, 36.96647 ], [ -4.16912, 36.96233 ], [ -4.16664, 36.95708 ], [ -4.14068, 36.9525 ], [ -4.11133, 36.94966 ], [ -4.09989, 36.95271 ], [ -4.09916, 36.94231 ], [ -4.092, 36.93325 ], [ -4.08162, 36.93002 ], [ -4.07225, 36.92421 ], [ -4.06365, 36.92135 ], [ -4.05377, 36.91497 ], [ -4.04798, 36.90399 ], [ -4.03563, 36.90484 ], [ -4.01562, 36.89893 ], [ -4.00445, 36.89154 ], [ -3.99746, 36.89072 ], [ -3.98273, 36.89258 ], [ -3.97078, 36.89205 ], [ -3.95212, 36.88787 ], [ -3.94645, 36.88495 ], [ -3.92952, 36.88288 ], [ -3.9241, 36.87898 ], [ -3.92161, 36.8708 ], [ -3.9186, 36.86808 ], [ -3.89128, 36.86657 ], [ -3.88509, 36.86348 ], [ -3.88255, 36.85769 ], [ -3.87714, 36.85693 ], [ -3.87576, 36.85301 ], [ -3.86761, 36.85068 ], [ -3.86103, 36.85104 ], [ -3.84233, 36.85821 ], [ -3.8379, 36.85626 ], [ -3.82717, 36.85553 ], [ -3.82149, 36.84935 ], [ -3.81532, 36.84685 ], [ -3.8152, 36.84184 ], [ -3.80379, 36.83482 ], [ -3.79609, 36.83154 ], [ -3.7865, 36.81238 ], [ -3.76814, 36.80196 ], [ -3.77101, 36.79656 ], [ -3.76606, 36.78899 ], [ -3.77471, 36.77548 ], [ -3.77765, 36.77472 ], [ -3.78228, 36.76445 ], [ -3.77944, 36.76002 ], [ -3.78148, 36.75126 ], [ -3.77656, 36.74007 ], [ -3.77744, 36.73792 ] ] } },
{ "type": "Feature", "properties": { "CPRO": "21", "NPRO": "Huelva", "stroke": "#787878", "stroke-width": 1.5, "stroke-opacity": 0.65 }, "geometry": { "type": "LineString", "coordinates": [ [ -6.93173, 38.20803 ], [ -6.93505, 38.2003 ], [ -6.94141, 38.19406 ], [ -6.95335, 38.18649 ], [ -6.96148, 38.1769 ], [ -6.96857, 38.15973 ], [ -6.96123, 38.1558 ], [ -6.95824, 38.14546 ], [ -6.96124, 38.14152 ], [ -6.95748, 38.13796 ], [ -6.96503, 38.12782 ], [ -6.97237, 38.11478 ], [ -6.97086, 38.11059 ], [ -6.98186, 38.1031 ], [ -6.98736, 38.1039 ], [ -6.98984, 38.09211 ], [ -6.98756, 38.07464 ], [ -6.991, 38.06421 ], [ -6.99033, 38.05496 ], [ -7.00012, 38.04938 ], [ -7.00256, 38.04386 ], [ -6.99907, 38.03501 ], [ -7.00304, 38.03009 ], [ -7.00226, 38.02285 ], [ -7.0077, 38.02095 ], [ -7.01752, 38.02167 ], [ -7.02466, 38.02496 ], [ -7.03881, 38.01726 ], [ -7.0473, 38.01742 ], [ -7.06337, 38.0197 ], [ -7.06201, 38.02587 ], [ -7.07128, 38.03402 ], [ -7.08165, 38.03488 ], [ -7.09013, 38.03817 ], [ -7.09878, 38.04385 ], [ -7.10921, 38.03764 ], [ -7.11425, 38.03724 ], [ -7.11624, 38.03184 ], [ -7.12173, 38.03249 ], [ -7.12825, 38.02961 ], [ -7.12499, 38.02524 ], [ -7.12775, 38.01986 ], [ -7.12906, 38.01078 ], [ -7.12338, 38.008 ], [ -7.12917, 38.0015 ], [ -7.13685, 37.99914 ], [ -7.14541, 38.00275 ], [ -7.15602, 37.99387 ], [ -7.16505, 37.99596 ], [ -7.17115, 37.99358 ], [ -7.17742, 37.99826 ], [ -7.18319, 37.997 ], [ -7.18637, 38.00239 ], [ -7.19171, 38.00125 ], [ -7.20222, 38.00348 ], [ -7.20604, 37.99768 ], [ -7.21652, 37.99568 ], [ -7.22278, 37.98989 ], [ -7.24349, 37.99204 ], [ -7.24931, 37.98648 ], [ -7.25914, 37.98143 ], [ -7.2628, 37.9774 ], [ -7.24997, 37.96699 ], [ -7.25198, 37.95994 ], [ -7.2486, 37.95418 ], [ -7.25491, 37.94538 ], [ -7.25249, 37.9423 ], [ -7.25784, 37.93171 ], [ -7.25506, 37.92533 ], [ -7.26788, 37.91197 ], [ -7.26944, 37.90651 ], [ -7.27327, 37.90514 ], [ -7.2742, 37.89883 ], [ -7.2811, 37.89853 ], [ -7.28263, 37.88895 ], [ -7.27955, 37.87671 ], [ -7.28908, 37.86167 ], [ -7.29753, 37.85676 ], [ -7.30327, 37.8395 ], [ -7.3097, 37.8365 ], [ -7.32096, 37.81948 ], [ -7.32745, 37.81397 ], [ -7.33356, 37.81223 ], [ -7.34913, 37.80226 ], [ -7.35633, 37.7992 ], [ -7.3605, 37.79368 ], [ -7.36625, 37.79252 ], [ -7.37044, 37.78581 ], [ -7.37909, 37.78215 ], [ -7.38214, 37.77526 ], [ -7.39248, 37.76985 ], [ -7.39512, 37.7655 ], [ -7.40291, 37.76691 ], [ -7.41463, 37.7592 ], [ -7.42138, 37.75867 ], [ -7.42265, 37.75547 ], [ -7.41826, 37.74674 ], [ -7.41987, 37.74341 ], [ -7.42694, 37.74174 ], [ -7.42902, 37.73844 ], [ -7.42629, 37.73377 ], [ -7.43141, 37.72061 ], [ -7.43504, 37.71946 ], [ -7.4401, 37.7058 ], [ -7.44762, 37.69789 ], [ -7.44359, 37.68852 ], [ -7.44879, 37.68057 ], [ -7.45256, 37.67779 ], [ -7.44772, 37.67328 ], [ -7.44492, 37.66414 ], [ -7.45323, 37.66331 ], [ -7.45141, 37.65839 ], [ -7.4544, 37.65506 ], [ -7.45566, 37.64571 ], [ -7.46523, 37.6498 ], [ -7.46369, 37.64215 ], [ -7.47037, 37.63615 ], [ -7.47135, 37.62413 ], [ -7.4798, 37.62524 ], [ -7.48017, 37.6188 ], [ -7.48653, 37.61152 ], [ -7.48834, 37.60458 ], [ -7.49577, 37.60652 ], [ -7.50368, 37.60471 ], [ -7.50039, 37.59733 ], [ -7.49647, 37.59401 ], [ -7.50168, 37.58529 ], [ -7.50147, 37.57903 ], [ -7.51463, 37.57137 ], [ -7.51411, 37.56598 ], [ -7.5071, 37.56548 ], [ -7.51104, 37.55953 ], [ -7.5186, 37.55961 ], [ -7.52285, 37.55339 ], [ -7.51247, 37.53654 ], [ -7.51288, 37.52732 ], [ -7.50971, 37.52316 ], [ -7.50182, 37.5222 ], [ -7.49497, 37.52348 ], [ -7.49044, 37.51773 ], [ -7.49013, 37.50657 ], [ -7.48201, 37.49618 ], [ -7.47252, 37.49396 ], [ -7.46613, 37.49029 ], [ -7.4635, 37.4854 ], [ -7.46886, 37.47987 ], [ -7.46958, 37.47132 ], [ -7.46349, 37.45907 ], [ -7.4572, 37.45329 ], [ -7.45906, 37.43413 ], [ -7.45476, 37.42576 ], [ -7.44567, 37.41847 ], [ -7.45039, 37.41465 ], [ -7.45907, 37.41419 ], [ -7.46163, 37.40716 ], [ -7.44964, 37.40129 ], [ -7.44023, 37.39029 ], [ -7.43698, 37.36658 ], [ -7.4383, 37.35578 ], [ -7.44483, 37.34782 ], [ -7.44459, 37.33914 ], [ -7.43989, 37.32983 ], [ -7.43948, 37.32432 ], [ -7.44259, 37.31264 ], [ -7.43786, 37.30166 ], [ -7.43438, 37.28975 ], [ -7.42315, 37.27634 ], [ -7.42387, 37.26945 ], [ -7.43306, 37.25673 ], [ -7.4341, 37.24968 ], [ -7.4323, 37.24616 ], [ -7.41933, 37.23761 ], [ -7.41361, 37.22453 ], [ -7.41425, 37.21346 ], [ -7.40958, 37.19472 ], [ -7.40818, 37.18475 ], [ -7.40214, 37.17477 ], [ -7.39399, 37.17702 ], [ -7.38162, 37.17163 ], [ -7.36507, 37.17169 ], [ -7.3566, 37.17434 ], [ -7.34577, 37.18152 ], [ -7.33301, 37.18504 ], [ -7.33045, 37.19207 ], [ -7.31263, 37.19382 ], [ -7.28483, 37.20064 ], [ -7.27108, 37.20175 ], [ -7.24075, 37.20299 ], [ -7.18892, 37.20628 ], [ -7.17234, 37.20559 ], [ -7.15751, 37.20732 ], [ -7.1384, 37.20697 ], [ -7.11548, 37.20748 ], [ -7.09987, 37.20693 ], [ -7.07443, 37.20498 ], [ -7.07012, 37.20658 ], [ -7.06382, 37.20462 ], [ -7.05209, 37.20837 ], [ -7.0474, 37.20805 ], [ -7.02103, 37.201 ], [ -6.98836, 37.18665 ], [ -6.96999, 37.17752 ], [ -6.94993, 37.17013 ], [ -6.94419, 37.16451 ], [ -6.93401, 37.16569 ], [ -6.92484, 37.16178 ], [ -6.91097, 37.15335 ], [ -6.90572, 37.1548 ], [ -6.89361, 37.16142 ], [ -6.88365, 37.15409 ], [ -6.86294, 37.14445 ], [ -6.84855, 37.14029 ], [ -6.8198, 37.12821 ], [ -6.7981, 37.12216 ], [ -6.78025, 37.1147 ], [ -6.75679, 37.10365 ], [ -6.73752, 37.09389 ], [ -6.71641, 37.08407 ], [ -6.69258, 37.07173 ], [ -6.68222, 37.06562 ], [ -6.66995, 37.06033 ], [ -6.62998, 37.03932 ], [ -6.61982, 37.03306 ], [ -6.5924, 37.02051 ], [ -6.58372, 37.01434 ], [ -6.56093, 37.00145 ], [ -6.52187, 36.97716 ], [ -6.5031, 36.96275 ], [ -6.46517, 36.92686 ], [ -6.45772, 36.91866 ], [ -6.44288, 36.89838 ], [ -6.43577, 36.88529 ], [ -6.40904, 36.83269 ], [ -6.40177, 36.81614 ], [ -6.39686, 36.80763 ], [ -6.38793, 36.80063 ], [ -6.37126, 36.79506 ], [ -6.36645, 36.79642 ], [ -6.35241, 36.79646 ], [ -6.34576, 36.79877 ], [ -6.34259, 36.8024 ], [ -6.34353, 36.81249 ], [ -6.35181, 36.82527 ], [ -6.35392, 36.83832 ], [ -6.35356, 36.85139 ], [ -6.35213, 36.86132 ], [ -6.34587, 36.888 ], [ -6.34118, 36.89413 ], [ -6.33101, 36.8988 ], [ -6.33368, 36.90257 ], [ -6.3465, 36.90833 ], [ -6.35873, 36.92049 ], [ -6.37104, 36.92677 ], [ -6.37825, 36.93391 ], [ -6.3744, 36.93571 ], [ -6.36381, 36.9458 ], [ -6.3599, 36.95851 ], [ -6.36117, 36.9719 ], [ -6.35428, 36.98524 ], [ -6.35719, 37.00136 ], [ -6.36444, 37.01703 ], [ -6.37366, 37.03277 ], [ -6.37991, 37.04834 ], [ -6.38078, 37.05957 ], [ -6.38328, 37.0628 ], [ -6.38639, 37.07443 ], [ -6.38555, 37.08372 ], [ -6.38157, 37.09131 ], [ -6.37136, 37.10216 ], [ -6.35728, 37.10991 ], [ -6.36009, 37.11729 ], [ -6.34997, 37.12104 ], [ -6.34329, 37.12114 ], [ -6.34318, 37.12801 ], [ -6.34866, 37.13237 ], [ -6.35553, 37.13451 ], [ -6.35899, 37.14113 ], [ -6.34874, 37.15239 ], [ -6.33612, 37.16962 ], [ -6.34675, 37.17643 ], [ -6.35056, 37.18056 ], [ -6.35322, 37.19874 ], [ -6.34984, 37.20305 ], [ -6.34525, 37.21828 ], [ -6.35541, 37.2326 ], [ -6.35931, 37.23659 ], [ -6.35124, 37.24961 ], [ -6.35433, 37.2555 ], [ -6.34973, 37.26517 ], [ -6.33747, 37.27469 ], [ -6.34241, 37.27967 ], [ -6.3365, 37.28945 ], [ -6.33447, 37.29704 ], [ -6.33564, 37.30135 ], [ -6.34357, 37.31271 ], [ -6.35853, 37.31996 ], [ -6.37372, 37.33044 ], [ -6.37679, 37.33078 ], [ -6.38416, 37.33944 ], [ -6.37822, 37.34608 ], [ -6.36843, 37.34949 ], [ -6.36194, 37.35575 ], [ -6.3491, 37.36246 ], [ -6.34627, 37.36536 ], [ -6.35539, 37.37267 ], [ -6.36208, 37.37588 ], [ -6.35564, 37.38587 ], [ -6.35428, 37.39732 ], [ -6.36192, 37.4014 ], [ -6.35626, 37.41217 ], [ -6.32996, 37.41568 ], [ -6.32285, 37.41938 ], [ -6.31263, 37.41872 ], [ -6.30753, 37.42554 ], [ -6.30591, 37.43188 ], [ -6.31234, 37.44601 ], [ -6.32125, 37.45137 ], [ -6.32491, 37.45752 ], [ -6.33252, 37.4645 ], [ -6.33258, 37.47026 ], [ -6.33928, 37.48267 ], [ -6.33831, 37.485 ], [ -6.34665, 37.49342 ], [ -6.35618, 37.49617 ], [ -6.3556, 37.49996 ], [ -6.36312, 37.51491 ], [ -6.36724, 37.51828 ], [ -6.36973, 37.52856 ], [ -6.3664, 37.53453 ], [ -6.37534, 37.5464 ], [ -6.38945, 37.55164 ], [ -6.39302, 37.55711 ], [ -6.40133, 37.57552 ], [ -6.40236, 37.58032 ], [ -6.39641, 37.58309 ], [ -6.39309, 37.58769 ], [ -6.39686, 37.59052 ], [ -6.39876, 37.6003 ], [ -6.3943, 37.60476 ], [ -6.39885, 37.61254 ], [ -6.40964, 37.61457 ], [ -6.41305, 37.61935 ], [ -6.42462, 37.62177 ], [ -6.43119, 37.62029 ], [ -6.44327, 37.62335 ], [ -6.44624, 37.62101 ], [ -6.45589, 37.62288 ], [ -6.46699, 37.61988 ], [ -6.47403, 37.62233 ], [ -6.47657, 37.61934 ], [ -6.48924, 37.62016 ], [ -6.496, 37.61827 ], [ -6.50283, 37.62275 ], [ -6.51647, 37.6225 ], [ -6.52391, 37.61803 ], [ -6.53301, 37.61878 ], [ -6.53836, 37.62564 ], [ -6.53351, 37.62984 ], [ -6.53012, 37.63762 ], [ -6.53661, 37.64114 ], [ -6.53365, 37.64687 ], [ -6.53609, 37.65098 ], [ -6.52551, 37.66413 ], [ -6.51966, 37.66224 ], [ -6.51183, 37.66466 ], [ -6.50772, 37.66829 ], [ -6.5009, 37.66888 ], [ -6.50092, 37.67715 ], [ -6.49813, 37.68233 ], [ -6.50142, 37.6887 ], [ -6.49484, 37.68816 ], [ -6.48865, 37.69821 ], [ -6.47975, 37.70486 ], [ -6.47942, 37.71101 ], [ -6.48369, 37.72014 ], [ -6.47512, 37.72514 ], [ -6.46208, 37.72105 ], [ -6.45429, 37.72134 ], [ -6.44999, 37.7189 ], [ -6.43088, 37.72747 ], [ -6.42348, 37.73407 ], [ -6.40935, 37.74039 ], [ -6.39003, 37.74769 ], [ -6.37608, 37.75009 ], [ -6.3488, 37.75744 ], [ -6.32925, 37.75981 ], [ -6.31989, 37.76395 ], [ -6.31102, 37.76487 ], [ -6.30321, 37.76166 ], [ -6.29025, 37.76063 ], [ -6.27849, 37.75841 ], [ -6.27121, 37.75877 ], [ -6.26529, 37.76142 ], [ -6.2569, 37.76096 ], [ -6.25232, 37.76314 ], [ -6.24745, 37.7575 ], [ -6.24548, 37.74674 ], [ -6.25389, 37.74754 ], [ -6.25242, 37.74278 ], [ -6.24437, 37.74074 ], [ -6.23632, 37.7443 ], [ -6.23248, 37.73848 ], [ -6.22229, 37.74117 ], [ -6.21665, 37.74455 ], [ -6.22065, 37.74961 ], [ -6.21989, 37.75447 ], [ -6.2057, 37.76603 ], [ -6.21229, 37.78623 ], [ -6.21553, 37.79124 ], [ -6.20731, 37.79831 ], [ -6.2024, 37.80553 ], [ -6.18766, 37.80988 ], [ -6.18346, 37.80693 ], [ -6.17738, 37.79816 ], [ -6.17239, 37.79866 ], [ -6.15909, 37.79066 ], [ -6.15392, 37.79469 ], [ -6.14711, 37.79371 ], [ -6.14354, 37.78803 ], [ -6.13368, 37.78961 ], [ -6.13685, 37.79615 ], [ -6.12643, 37.79717 ], [ -6.1243, 37.80476 ], [ -6.12695, 37.81165 ], [ -6.12621, 37.8241 ], [ -6.12987, 37.83268 ], [ -6.13542, 37.83493 ], [ -6.1349, 37.84261 ], [ -6.13843, 37.84433 ], [ -6.14496, 37.85689 ], [ -6.15412, 37.85336 ], [ -6.16309, 37.8573 ], [ -6.16403, 37.86279 ], [ -6.16048, 37.86549 ], [ -6.15919, 37.87344 ], [ -6.15174, 37.87601 ], [ -6.1454, 37.8843 ], [ -6.14142, 37.88499 ], [ -6.13631, 37.89573 ], [ -6.12539, 37.90091 ], [ -6.12524, 37.90507 ], [ -6.13167, 37.90879 ], [ -6.13873, 37.90972 ], [ -6.14423, 37.92003 ], [ -6.14876, 37.91671 ], [ -6.16228, 37.91827 ], [ -6.16997, 37.90982 ], [ -6.17499, 37.91509 ], [ -6.1841, 37.92815 ], [ -6.18024, 37.94103 ], [ -6.18444, 37.94441 ], [ -6.19624, 37.94912 ], [ -6.19433, 37.95509 ], [ -6.20124, 37.96193 ], [ -6.20608, 37.95937 ], [ -6.21481, 37.96149 ], [ -6.23356, 37.95794 ], [ -6.23956, 37.95893 ], [ -6.24635, 37.96311 ], [ -6.25227, 37.97138 ], [ -6.26661, 37.97348 ], [ -6.28103, 37.97365 ], [ -6.29077, 37.97697 ], [ -6.30369, 37.97824 ], [ -6.30945, 37.98518 ], [ -6.31995, 37.99027 ], [ -6.32929, 37.99827 ], [ -6.34053, 37.99983 ], [ -6.34704, 38.00282 ], [ -6.35491, 38.00985 ], [ -6.3591, 38.01666 ], [ -6.35817, 38.02822 ], [ -6.36332, 38.04307 ], [ -6.36757, 38.04892 ], [ -6.37332, 38.0497 ], [ -6.39043, 38.04843 ], [ -6.40262, 38.05253 ], [ -6.41422, 38.05856 ], [ -6.41891, 38.05916 ], [ -6.43652, 38.0575 ], [ -6.44464, 38.0596 ], [ -6.45276, 38.05596 ], [ -6.44393, 38.04695 ], [ -6.45267, 38.04288 ], [ -6.46125, 38.03569 ], [ -6.46586, 38.03532 ], [ -6.47386, 38.02443 ], [ -6.4726, 38.01646 ], [ -6.46473, 38.01377 ], [ -6.46593, 38.01076 ], [ -6.49174, 38.00947 ], [ -6.4956, 38.01515 ], [ -6.49467, 38.01897 ], [ -6.52824, 38.02221 ], [ -6.54569, 38.02812 ], [ -6.5555, 38.02663 ], [ -6.56524, 38.02699 ], [ -6.57152, 38.02414 ], [ -6.57215, 38.02023 ], [ -6.58233, 38.02085 ], [ -6.58717, 38.02678 ], [ -6.58385, 38.03425 ], [ -6.58446, 38.04424 ], [ -6.58053, 38.05277 ], [ -6.59432, 38.06686 ], [ -6.59987, 38.07494 ], [ -6.6045, 38.07733 ], [ -6.60771, 38.08343 ], [ -6.61278, 38.0859 ], [ -6.62243, 38.097 ], [ -6.64351, 38.09664 ], [ -6.6493, 38.09002 ], [ -6.65303, 38.09648 ], [ -6.66037, 38.09237 ], [ -6.68043, 38.09747 ], [ -6.68649, 38.09784 ], [ -6.69584, 38.09468 ], [ -6.70752, 38.09644 ], [ -6.71577, 38.09287 ], [ -6.71697, 38.09992 ], [ -6.72417, 38.09691 ], [ -6.72904, 38.09978 ], [ -6.7343, 38.0948 ], [ -6.74768, 38.09146 ], [ -6.75419, 38.09495 ], [ -6.75843, 38.09289 ], [ -6.77005, 38.11211 ], [ -6.77884, 38.10945 ], [ -6.78334, 38.11192 ], [ -6.78916, 38.10917 ], [ -6.7975, 38.11108 ], [ -6.79995, 38.1148 ], [ -6.80911, 38.11173 ], [ -6.81582, 38.12014 ], [ -6.80853, 38.13554 ], [ -6.79954, 38.1438 ], [ -6.7989, 38.15524 ], [ -6.79426, 38.15987 ], [ -6.79283, 38.17295 ], [ -6.79504, 38.17839 ], [ -6.80604, 38.17865 ], [ -6.82269, 38.17381 ], [ -6.84875, 38.17723 ], [ -6.86012, 38.18045 ], [ -6.88362, 38.19353 ], [ -6.89279, 38.1954 ], [ -6.90183, 38.20132 ], [ -6.91381, 38.19977 ], [ -6.92359, 38.20057 ], [ -6.93173, 38.20803 ] ] } },
{ "type": "Feature", "properties": { "CPRO": "23", "NPRO": "Jaén", "stroke": "#787878", "stroke-width": 1.5, "stroke-opacity": 0.65 }, "geometry": { "type": "LineString", "coordinates": [ [ -4.00082, 37.40209 ], [ -3.98142, 37.38745 ], [ -3.97319, 37.38817 ], [ -3.96633, 37.38407 ], [ -3.95089, 37.37835 ], [ -3.93661, 37.37983 ], [ -3.91227, 37.3784 ], [ -3.90144, 37.3835 ], [ -3.88123, 37.38763 ], [ -3.87156, 37.38828 ], [ -3.84122, 37.38624 ], [ -3.83637, 37.39554 ], [ -3.8305, 37.40141 ], [ -3.82542, 37.40243 ], [ -3.82653, 37.41352 ], [ -3.81803, 37.42136 ], [ -3.81592, 37.42914 ], [ -3.80877, 37.43928 ], [ -3.80221, 37.45335 ], [ -3.80758, 37.457 ], [ -3.79172, 37.46619 ], [ -3.79098, 37.4729 ], [ -3.78669, 37.47787 ], [ -3.79191, 37.47934 ], [ -3.78835, 37.48766 ], [ -3.78331, 37.49188 ], [ -3.77583, 37.48826 ], [ -3.77656, 37.48266 ], [ -3.77083, 37.47987 ], [ -3.74319, 37.48717 ], [ -3.72924, 37.4886 ], [ -3.71796, 37.49548 ], [ -3.71152, 37.50313 ], [ -3.70821, 37.50404 ], [ -3.69629, 37.51221 ], [ -3.68995, 37.51345 ], [ -3.68301, 37.51796 ], [ -3.67197, 37.51822 ], [ -3.66291, 37.5217 ], [ -3.65911, 37.52064 ], [ -3.64336, 37.52648 ], [ -3.62703, 37.52957 ], [ -3.61715, 37.53505 ], [ -3.61092, 37.54059 ], [ -3.59999, 37.54734 ], [ -3.58289, 37.55387 ], [ -3.57068, 37.5618 ], [ -3.55877, 37.56624 ], [ -3.55525, 37.57359 ], [ -3.53644, 37.58081 ], [ -3.53458, 37.58561 ], [ -3.53845, 37.59366 ], [ -3.53011, 37.60236 ], [ -3.50654, 37.61722 ], [ -3.48647, 37.60436 ], [ -3.47954, 37.60109 ], [ -3.46152, 37.59859 ], [ -3.45323, 37.59105 ], [ -3.44972, 37.58446 ], [ -3.43688, 37.57389 ], [ -3.43379, 37.57555 ], [ -3.42451, 37.56953 ], [ -3.40952, 37.56733 ], [ -3.3993, 37.56405 ], [ -3.38563, 37.56534 ], [ -3.37883, 37.56416 ], [ -3.37445, 37.56751 ], [ -3.36657, 37.56761 ], [ -3.35732, 37.57637 ], [ -3.34482, 37.57562 ], [ -3.33132, 37.58183 ], [ -3.32554, 37.58175 ], [ -3.3163, 37.58496 ], [ -3.29754, 37.58794 ], [ -3.2908, 37.59448 ], [ -3.28878, 37.60395 ], [ -3.28139, 37.61324 ], [ -3.27313, 37.61842 ], [ -3.26112, 37.63371 ], [ -3.26249, 37.63921 ], [ -3.24368, 37.63913 ], [ -3.23353, 37.63801 ], [ -3.22637, 37.63917 ], [ -3.21575, 37.64419 ], [ -3.19906, 37.64369 ], [ -3.18639, 37.64449 ], [ -3.17206, 37.64287 ], [ -3.15104, 37.62664 ], [ -3.14783, 37.62592 ], [ -3.13373, 37.6152 ], [ -3.12499, 37.61058 ], [ -3.11347, 37.60743 ], [ -3.09973, 37.60549 ], [ -3.09942, 37.60216 ], [ -3.09093, 37.59612 ], [ -3.08381, 37.59914 ], [ -3.07736, 37.59901 ], [ -3.073, 37.6035 ], [ -3.05762, 37.60692 ], [ -3.05157, 37.61821 ], [ -3.04287, 37.61608 ], [ -3.03347, 37.61697 ], [ -3.02438, 37.6115 ], [ -3.01117, 37.608 ], [ -3.00343, 37.60813 ], [ -2.99566, 37.60312 ], [ -2.99014, 37.60394 ], [ -2.98323, 37.60145 ], [ -2.97617, 37.60604 ], [ -2.98285, 37.61336 ], [ -2.97518, 37.62039 ], [ -2.97605, 37.63267 ], [ -2.96827, 37.63713 ], [ -2.93815, 37.64994 ], [ -2.9196, 37.65962 ], [ -2.9022, 37.66571 ], [ -2.89121, 37.67302 ], [ -2.88538, 37.6802 ], [ -2.88853, 37.68258 ], [ -2.89891, 37.68479 ], [ -2.90153, 37.68929 ], [ -2.9041, 37.70989 ], [ -2.90072, 37.72316 ], [ -2.907, 37.72748 ], [ -2.9063, 37.73315 ], [ -2.90243, 37.73895 ], [ -2.9044, 37.74888 ], [ -2.89862, 37.75717 ], [ -2.89006, 37.76146 ], [ -2.88029, 37.75995 ], [ -2.87484, 37.77815 ], [ -2.87604, 37.78287 ], [ -2.87356, 37.79078 ], [ -2.85999, 37.80387 ], [ -2.85529, 37.81101 ], [ -2.84736, 37.81391 ], [ -2.84059, 37.8214 ], [ -2.83958, 37.82867 ], [ -2.83435, 37.83062 ], [ -2.83327, 37.83487 ], [ -2.82197, 37.84791 ], [ -2.81973, 37.85293 ], [ -2.82162, 37.85793 ], [ -2.81784, 37.87178 ], [ -2.81961, 37.87614 ], [ -2.80764, 37.87993 ], [ -2.79949, 37.89004 ], [ -2.79546, 37.90279 ], [ -2.7897, 37.90695 ], [ -2.78372, 37.91856 ], [ -2.77431, 37.92558 ], [ -2.76616, 37.9205 ], [ -2.75936, 37.92399 ], [ -2.75248, 37.93121 ], [ -2.74432, 37.93491 ], [ -2.7389, 37.94429 ], [ -2.7313, 37.94885 ], [ -2.72778, 37.95549 ], [ -2.72418, 37.95583 ], [ -2.72286, 37.96246 ], [ -2.71556, 37.96223 ], [ -2.71023, 37.96793 ], [ -2.69426, 37.97445 ], [ -2.68747, 37.97247 ], [ -2.6836, 37.96806 ], [ -2.67447, 37.96491 ], [ -2.67084, 37.96142 ], [ -2.66068, 37.96596 ], [ -2.6557, 37.96626 ], [ -2.64253, 37.98108 ], [ -2.62879, 37.98452 ], [ -2.62033, 37.98822 ], [ -2.5982, 38.00558 ], [ -2.59853, 38.03352 ], [ -2.59994, 38.04362 ], [ -2.59628, 38.05059 ], [ -2.59896, 38.05877 ], [ -2.59712, 38.06371 ], [ -2.59143, 38.06953 ], [ -2.5811, 38.07398 ], [ -2.57376, 38.07412 ], [ -2.56602, 38.08321 ], [ -2.55785, 38.08154 ], [ -2.55129, 38.0841 ], [ -2.53782, 38.09733 ], [ -2.52595, 38.10335 ], [ -2.52092, 38.10731 ], [ -2.50851, 38.12901 ], [ -2.49858, 38.13171 ], [ -2.47968, 38.15362 ], [ -2.4737, 38.15639 ], [ -2.46849, 38.16498 ], [ -2.46846, 38.1728 ], [ -2.46317, 38.17315 ], [ -2.45552, 38.17996 ], [ -2.44685, 38.18434 ], [ -2.44751, 38.19079 ], [ -2.44565, 38.19984 ], [ -2.44706, 38.20757 ], [ -2.45313, 38.21071 ], [ -2.45358, 38.21902 ], [ -2.44984, 38.22071 ], [ -2.44286, 38.23127 ], [ -2.44255, 38.24803 ], [ -2.44426, 38.2514 ], [ -2.43547, 38.26542 ], [ -2.43908, 38.27375 ], [ -2.44078, 38.28511 ], [ -2.44607, 38.28768 ], [ -2.47369, 38.2924 ], [ -2.48148, 38.29495 ], [ -2.48508, 38.30177 ], [ -2.48476, 38.32015 ], [ -2.48104, 38.32446 ], [ -2.47896, 38.34881 ], [ -2.4858, 38.35374 ], [ -2.49238, 38.3713 ], [ -2.48789, 38.38187 ], [ -2.48159, 38.39308 ], [ -2.4834, 38.39786 ], [ -2.49632, 38.39959 ], [ -2.51217, 38.40006 ], [ -2.52036, 38.40406 ], [ -2.53492, 38.40625 ], [ -2.54611, 38.40541 ], [ -2.55006, 38.4031 ], [ -2.55816, 38.40633 ], [ -2.56131, 38.41195 ], [ -2.57155, 38.41393 ], [ -2.57684, 38.42308 ], [ -2.57536, 38.43169 ], [ -2.57188, 38.43786 ], [ -2.56896, 38.44191 ], [ -2.57036, 38.44747 ], [ -2.56697, 38.45346 ], [ -2.5674, 38.46066 ], [ -2.57332, 38.46828 ], [ -2.5766, 38.47578 ], [ -2.57572, 38.48289 ], [ -2.57261, 38.4877 ], [ -2.56663, 38.49047 ], [ -2.58008, 38.50355 ], [ -2.58513, 38.50347 ], [ -2.58754, 38.50745 ], [ -2.59975, 38.51292 ], [ -2.61691, 38.51275 ], [ -2.63621, 38.50752 ], [ -2.64335, 38.5075 ], [ -2.67273, 38.49662 ], [ -2.6797, 38.49692 ], [ -2.70251, 38.50109 ], [ -2.7076, 38.50482 ], [ -2.7281, 38.51191 ], [ -2.73544, 38.50789 ], [ -2.74355, 38.50669 ], [ -2.75213, 38.51025 ], [ -2.77578, 38.51287 ], [ -2.77921, 38.5103 ], [ -2.79376, 38.50778 ], [ -2.79884, 38.5043 ], [ -2.80824, 38.50112 ], [ -2.80956, 38.49526 ], [ -2.81751, 38.49383 ], [ -2.82497, 38.48776 ], [ -2.83594, 38.48283 ], [ -2.85477, 38.47755 ], [ -2.85483, 38.47378 ], [ -2.86903, 38.47002 ], [ -2.87024, 38.46513 ], [ -2.87922, 38.46363 ], [ -2.88006, 38.45677 ], [ -2.88977, 38.45588 ], [ -2.89649, 38.4624 ], [ -2.90174, 38.46444 ], [ -2.90579, 38.46991 ], [ -2.91123, 38.46802 ], [ -2.92956, 38.47141 ], [ -2.93844, 38.47474 ], [ -2.94803, 38.46994 ], [ -2.95658, 38.46858 ], [ -2.96359, 38.47145 ], [ -2.96876, 38.46222 ], [ -2.97693, 38.45489 ], [ -2.9892, 38.45079 ], [ -2.99264, 38.45095 ], [ -2.9963, 38.44479 ], [ -2.99223, 38.42859 ], [ -3.00127, 38.41422 ], [ -3.00537, 38.41486 ], [ -3.03096, 38.44275 ], [ -3.03662, 38.44748 ], [ -3.06497, 38.47825 ], [ -3.0944, 38.46219 ], [ -3.11807, 38.44869 ], [ -3.12719, 38.44257 ], [ -3.1302, 38.43877 ], [ -3.14992, 38.44006 ], [ -3.18002, 38.44992 ], [ -3.19142, 38.45021 ], [ -3.20962, 38.45276 ], [ -3.21865, 38.45283 ], [ -3.25114, 38.4581 ], [ -3.25765, 38.45733 ], [ -3.26254, 38.45939 ], [ -3.28001, 38.4604 ], [ -3.28847, 38.46924 ], [ -3.29676, 38.47057 ], [ -3.30449, 38.4786 ], [ -3.30979, 38.48043 ], [ -3.3208, 38.48 ], [ -3.32649, 38.48212 ], [ -3.34904, 38.47774 ], [ -3.37501, 38.47523 ], [ -3.38069, 38.44602 ], [ -3.37668, 38.4396 ], [ -3.38867, 38.434 ], [ -3.4019, 38.42395 ], [ -3.40954, 38.4241 ], [ -3.42482, 38.4068 ], [ -3.43324, 38.40803 ], [ -3.43856, 38.40433 ], [ -3.4517, 38.40032 ], [ -3.45967, 38.40022 ], [ -3.47259, 38.39796 ], [ -3.48547, 38.40403 ], [ -3.49535, 38.40357 ], [ -3.50592, 38.40801 ], [ -3.51672, 38.40765 ], [ -3.52425, 38.4091 ], [ -3.53335, 38.41509 ], [ -3.53496, 38.42326 ], [ -3.53266, 38.42629 ], [ -3.53261, 38.43406 ], [ -3.53516, 38.43941 ], [ -3.54189, 38.44538 ], [ -3.55259, 38.44653 ], [ -3.56736, 38.45203 ], [ -3.57807, 38.45038 ], [ -3.58308, 38.45147 ], [ -3.58636, 38.43395 ], [ -3.58571, 38.43168 ], [ -3.58585, 38.4056 ], [ -3.59824, 38.39847 ], [ -3.60289, 38.39879 ], [ -3.62047, 38.39399 ], [ -3.64418, 38.4019 ], [ -3.64695, 38.40421 ], [ -3.69928, 38.41288 ], [ -3.70789, 38.41536 ], [ -3.73001, 38.42437 ], [ -3.73907, 38.41376 ], [ -3.76491, 38.42436 ], [ -3.78561, 38.42527 ], [ -3.80118, 38.41995 ], [ -3.80786, 38.42182 ], [ -3.82429, 38.4163 ], [ -3.83006, 38.4128 ], [ -3.83255, 38.39967 ], [ -3.83056, 38.3929 ], [ -3.83813, 38.38577 ], [ -3.85429, 38.37514 ], [ -3.85989, 38.37334 ], [ -3.86409, 38.37638 ], [ -3.87418, 38.37703 ], [ -3.88904, 38.37425 ], [ -3.89637, 38.3717 ], [ -3.90601, 38.37171 ], [ -3.91176, 38.36926 ], [ -3.93498, 38.3687 ], [ -3.94323, 38.36719 ], [ -3.95016, 38.36898 ], [ -3.96194, 38.3661 ], [ -3.98044, 38.36768 ], [ -3.99599, 38.36992 ], [ -4.00645, 38.36807 ], [ -4.01588, 38.37235 ], [ -4.02737, 38.37507 ], [ -4.06802, 38.37971 ], [ -4.078, 38.37721 ], [ -4.08635, 38.37671 ], [ -4.09492, 38.38059 ], [ -4.11191, 38.38231 ], [ -4.11306, 38.37972 ], [ -4.12855, 38.37945 ], [ -4.13355, 38.3844 ], [ -4.14492, 38.38643 ], [ -4.15656, 38.38132 ], [ -4.17505, 38.38441 ], [ -4.1885, 38.38983 ], [ -4.19839, 38.39112 ], [ -4.22199, 38.39716 ], [ -4.24743, 38.39842 ], [ -4.25301, 38.40119 ], [ -4.26757, 38.39842 ], [ -4.2768, 38.39021 ], [ -4.27612, 38.38431 ], [ -4.27857, 38.37707 ], [ -4.27448, 38.3722 ], [ -4.27053, 38.35769 ], [ -4.26887, 38.34717 ], [ -4.263, 38.34257 ], [ -4.25528, 38.34013 ], [ -4.24738, 38.34262 ], [ -4.23565, 38.33631 ], [ -4.23927, 38.3328 ], [ -4.23339, 38.32613 ], [ -4.23811, 38.3239 ], [ -4.22615, 38.30386 ], [ -4.2197, 38.29857 ], [ -4.21528, 38.30377 ], [ -4.21001, 38.30086 ], [ -4.2109, 38.29283 ], [ -4.21418, 38.28306 ], [ -4.21424, 38.26888 ], [ -4.20863, 38.26698 ], [ -4.21645, 38.25165 ], [ -4.21651, 38.24663 ], [ -4.20305, 38.24557 ], [ -4.19591, 38.23746 ], [ -4.19405, 38.23097 ], [ -4.20107, 38.22064 ], [ -4.20061, 38.21285 ], [ -4.195, 38.21129 ], [ -4.18978, 38.20583 ], [ -4.1894, 38.19886 ], [ -4.18187, 38.19334 ], [ -4.16786, 38.18079 ], [ -4.16636, 38.17341 ], [ -4.16828, 38.16467 ], [ -4.1635, 38.1609 ], [ -4.16582, 38.14927 ], [ -4.16355, 38.14461 ], [ -4.16847, 38.1368 ], [ -4.17496, 38.13174 ], [ -4.18288, 38.13118 ], [ -4.19315, 38.12753 ], [ -4.19955, 38.1219 ], [ -4.19913, 38.11544 ], [ -4.20515, 38.10765 ], [ -4.21733, 38.11105 ], [ -4.22155, 38.10225 ], [ -4.21414, 38.0945 ], [ -4.21408, 38.08948 ], [ -4.22016, 38.08794 ], [ -4.22894, 38.08994 ], [ -4.22692, 38.08035 ], [ -4.23349, 38.07513 ], [ -4.2359, 38.06972 ], [ -4.23459, 38.06431 ], [ -4.246, 38.0696 ], [ -4.25233, 38.06209 ], [ -4.25175, 38.05067 ], [ -4.24377, 38.05309 ], [ -4.23859, 38.05187 ], [ -4.24009, 38.04703 ], [ -4.2506, 38.0389 ], [ -4.2592, 38.0388 ], [ -4.26506, 38.04093 ], [ -4.2688, 38.0388 ], [ -4.2604, 38.02803 ], [ -4.25996, 38.02223 ], [ -4.27646, 38.02393 ], [ -4.28225, 38.02281 ], [ -4.28445, 38.00383 ], [ -4.27762, 38.00011 ], [ -4.27093, 37.98786 ], [ -4.27146, 37.98592 ], [ -4.26468, 37.97427 ], [ -4.26095, 37.9636 ], [ -4.25819, 37.93807 ], [ -4.26239, 37.91508 ], [ -4.27099, 37.91136 ], [ -4.27481, 37.90279 ], [ -4.27331, 37.89669 ], [ -4.27745, 37.88659 ], [ -4.27992, 37.87604 ], [ -4.2777, 37.85697 ], [ -4.28086, 37.82867 ], [ -4.28596, 37.81526 ], [ -4.28412, 37.8122 ], [ -4.28755, 37.80049 ], [ -4.28674, 37.79654 ], [ -4.27559, 37.79255 ], [ -4.25903, 37.78869 ], [ -4.24807, 37.78851 ], [ -4.22534, 37.7866 ], [ -4.21358, 37.78392 ], [ -4.20658, 37.77873 ], [ -4.20745, 37.77004 ], [ -4.2175, 37.7671 ], [ -4.22451, 37.7618 ], [ -4.22841, 37.75571 ], [ -4.23338, 37.74375 ], [ -4.23552, 37.73525 ], [ -4.23958, 37.72643 ], [ -4.23816, 37.71963 ], [ -4.22621, 37.71771 ], [ -4.20783, 37.71082 ], [ -4.19009, 37.70675 ], [ -4.18351, 37.70704 ], [ -4.1803, 37.69933 ], [ -4.17288, 37.69212 ], [ -4.16437, 37.68151 ], [ -4.17542, 37.67738 ], [ -4.18765, 37.67003 ], [ -4.20608, 37.6536 ], [ -4.21483, 37.64674 ], [ -4.22787, 37.63978 ], [ -4.22422, 37.63138 ], [ -4.21832, 37.62606 ], [ -4.22118, 37.62243 ], [ -4.21032, 37.61559 ], [ -4.20801, 37.61041 ], [ -4.20204, 37.6153 ], [ -4.19587, 37.61178 ], [ -4.19352, 37.61586 ], [ -4.18722, 37.61652 ], [ -4.1781, 37.61302 ], [ -4.16314, 37.59931 ], [ -4.16937, 37.58977 ], [ -4.16387, 37.58825 ], [ -4.15782, 37.57984 ], [ -4.16115, 37.57608 ], [ -4.15293, 37.57386 ], [ -4.13935, 37.56018 ], [ -4.13527, 37.56141 ], [ -4.12618, 37.55475 ], [ -4.12176, 37.54906 ], [ -4.11397, 37.5467 ], [ -4.11342, 37.53962 ], [ -4.10918, 37.53325 ], [ -4.10522, 37.53405 ], [ -4.0991, 37.53067 ], [ -4.09897, 37.5219 ], [ -4.09433, 37.51056 ], [ -4.08542, 37.5136 ], [ -4.07963, 37.50926 ], [ -4.06042, 37.50612 ], [ -4.07281, 37.49635 ], [ -4.07444, 37.49304 ], [ -4.08468, 37.48913 ], [ -4.08178, 37.48044 ], [ -4.06781, 37.47161 ], [ -4.06043, 37.47205 ], [ -4.04763, 37.46707 ], [ -4.03444, 37.44807 ], [ -4.02902, 37.44219 ], [ -4.02772, 37.43495 ], [ -4.02241, 37.42872 ], [ -4.01694, 37.41764 ], [ -4.00082, 37.40209 ] ] } },
{ "type": "Feature", "properties": { "CPRO": "29", "NPRO": "Málaga", "stroke": "#787878", "stroke-width": 1.5, "stroke-opacity": 0.65 }, "geometry": { "type": "LineString", "coordinates": [ [ -5.25236, 36.31126 ], [ -5.247, 36.31097 ], [ -5.23832, 36.3319 ], [ -5.23334, 36.34728 ], [ -5.22049, 36.37465 ], [ -5.21685, 36.37925 ], [ -5.21072, 36.38072 ], [ -5.20306, 36.39068 ], [ -5.19383, 36.39764 ], [ -5.18205, 36.41098 ], [ -5.17631, 36.41464 ], [ -5.16692, 36.41653 ], [ -5.16245, 36.41324 ], [ -5.15454, 36.4151 ], [ -5.14713, 36.42226 ], [ -5.13871, 36.4269 ], [ -5.12131, 36.42862 ], [ -5.10812, 36.43395 ], [ -5.09675, 36.44052 ], [ -5.08701, 36.44795 ], [ -5.07412, 36.45199 ], [ -5.05913, 36.45006 ], [ -5.05155, 36.45212 ], [ -5.03939, 36.45924 ], [ -5.03338, 36.46118 ], [ -5.0145, 36.4614 ], [ -5.0049, 36.45974 ], [ -5.00032, 36.46394 ], [ -4.97561, 36.47804 ], [ -4.95895, 36.48501 ], [ -4.95439, 36.48595 ], [ -4.94322, 36.49484 ], [ -4.93481, 36.49986 ], [ -4.92772, 36.49957 ], [ -4.91341, 36.50534 ], [ -4.87813, 36.50765 ], [ -4.85764, 36.50727 ], [ -4.84244, 36.50271 ], [ -4.81357, 36.49845 ], [ -4.77245, 36.48866 ], [ -4.75683, 36.48572 ], [ -4.741, 36.48418 ], [ -4.73106, 36.48677 ], [ -4.71296, 36.48726 ], [ -4.70529, 36.49027 ], [ -4.70074, 36.48955 ], [ -4.69127, 36.49172 ], [ -4.68763, 36.49597 ], [ -4.67641, 36.50354 ], [ -4.66959, 36.50345 ], [ -4.66163, 36.50673 ], [ -4.65403, 36.50539 ], [ -4.64754, 36.50721 ], [ -4.63813, 36.50708 ], [ -4.6314, 36.51577 ], [ -4.61979, 36.53832 ], [ -4.60958, 36.55675 ], [ -4.6026, 36.56309 ], [ -4.59922, 36.56349 ], [ -4.5892, 36.57194 ], [ -4.57632, 36.57592 ], [ -4.56663, 36.57712 ], [ -4.55844, 36.58043 ], [ -4.5405, 36.57922 ], [ -4.53016, 36.5883 ], [ -4.50928, 36.60003 ], [ -4.49768, 36.61609 ], [ -4.48773, 36.63158 ], [ -4.47483, 36.64703 ], [ -4.46066, 36.6614 ], [ -4.45468, 36.66405 ], [ -4.43724, 36.6962 ], [ -4.41879, 36.71693 ], [ -4.41084, 36.7158 ], [ -4.40593, 36.71894 ], [ -4.39375, 36.72234 ], [ -4.37475, 36.72058 ], [ -4.34828, 36.71645 ], [ -4.33972, 36.71257 ], [ -4.32637, 36.71193 ], [ -4.2936, 36.71431 ], [ -4.28275, 36.71396 ], [ -4.26266, 36.71102 ], [ -4.24917, 36.71011 ], [ -4.21794, 36.71384 ], [ -4.19555, 36.71544 ], [ -4.17627, 36.71527 ], [ -4.16423, 36.71933 ], [ -4.1505, 36.72027 ], [ -4.13524, 36.72286 ], [ -4.11274, 36.72454 ], [ -4.10128, 36.72831 ], [ -4.08798, 36.74184 ], [ -4.07882, 36.74723 ], [ -4.06601, 36.74858 ], [ -4.05047, 36.7447 ], [ -4.03292, 36.74226 ], [ -4.0249, 36.7441 ], [ -3.99331, 36.73809 ], [ -3.97761, 36.73169 ], [ -3.95768, 36.72643 ], [ -3.94548, 36.73033 ], [ -3.92029, 36.74081 ], [ -3.91315, 36.74245 ], [ -3.89651, 36.74356 ], [ -3.87972, 36.74169 ], [ -3.86308, 36.75162 ], [ -3.84858, 36.75068 ], [ -3.84523, 36.75351 ], [ -3.83509, 36.754 ], [ -3.80952, 36.75006 ], [ -3.79881, 36.7454 ], [ -3.79205, 36.74628 ], [ -3.7857, 36.73988 ], [ -3.77744, 36.73792 ], [ -3.77656, 36.74007 ], [ -3.78148, 36.75126 ], [ -3.77944, 36.76002 ], [ -3.78228, 36.76445 ], [ -3.77765, 36.77472 ], [ -3.77471, 36.77548 ], [ -3.76606, 36.78899 ], [ -3.77101, 36.79656 ], [ -3.76814, 36.80196 ], [ -3.7865, 36.81238 ], [ -3.79609, 36.83154 ], [ -3.80379, 36.83482 ], [ -3.8152, 36.84184 ], [ -3.81532, 36.84685 ], [ -3.82149, 36.84935 ], [ -3.82717, 36.85553 ], [ -3.8379, 36.85626 ], [ -3.84233, 36.85821 ], [ -3.86103, 36.85104 ], [ -3.86761, 36.85068 ], [ -3.87576, 36.85301 ], [ -3.87714, 36.85693 ], [ -3.88255, 36.85769 ], [ -3.88509, 36.86348 ], [ -3.89128, 36.86657 ], [ -3.9186, 36.86808 ], [ -3.92161, 36.8708 ], [ -3.9241, 36.87898 ], [ -3.92952, 36.88288 ], [ -3.94645, 36.88495 ], [ -3.95212, 36.88787 ], [ -3.97078, 36.89205 ], [ -3.98273, 36.89258 ], [ -3.99746, 36.89072 ], [ -4.00445, 36.89154 ], [ -4.01562, 36.89893 ], [ -4.03563, 36.90484 ], [ -4.04798, 36.90399 ], [ -4.05377, 36.91497 ], [ -4.06365, 36.92135 ], [ -4.07225, 36.92421 ], [ -4.08162, 36.93002 ], [ -4.092, 36.93325 ], [ -4.09916, 36.94231 ], [ -4.09989, 36.95271 ], [ -4.11133, 36.94966 ], [ -4.14068, 36.9525 ], [ -4.16664, 36.95708 ], [ -4.16912, 36.96233 ], [ -4.17686, 36.96647 ], [ -4.18944, 36.9783 ], [ -4.20715, 36.98618 ], [ -4.21542, 36.99177 ], [ -4.22335, 37.01234 ], [ -4.23134, 37.01694 ], [ -4.25193, 37.02298 ], [ -4.26018, 37.01741 ], [ -4.27251, 37.0149 ], [ -4.27004, 37.02703 ], [ -4.27165, 37.03005 ], [ -4.27276, 37.04172 ], [ -4.2793, 37.05229 ], [ -4.28264, 37.06653 ], [ -4.28465, 37.08889 ], [ -4.28346, 37.09187 ], [ -4.28658, 37.09823 ], [ -4.28563, 37.10853 ], [ -4.28707, 37.11952 ], [ -4.29154, 37.13025 ], [ -4.29697, 37.1335 ], [ -4.30287, 37.14521 ], [ -4.30863, 37.15172 ], [ -4.32336, 37.18073 ], [ -4.32762, 37.18433 ], [ -4.33226, 37.19146 ], [ -4.32615, 37.20258 ], [ -4.3321, 37.20757 ], [ -4.34508, 37.21405 ], [ -4.35265, 37.21476 ], [ -4.36447, 37.21386 ], [ -4.37201, 37.21539 ], [ -4.38258, 37.23155 ], [ -4.38502, 37.23802 ], [ -4.37744, 37.24177 ], [ -4.37975, 37.249 ], [ -4.37606, 37.25722 ], [ -4.38081, 37.26336 ], [ -4.37772, 37.27035 ], [ -4.38341, 37.27741 ], [ -4.39045, 37.27373 ], [ -4.40338, 37.27643 ], [ -4.41183, 37.27656 ], [ -4.41797, 37.2824 ], [ -4.42474, 37.27936 ], [ -4.4272, 37.27588 ], [ -4.43351, 37.27395 ], [ -4.43973, 37.2783 ], [ -4.445, 37.27759 ], [ -4.45678, 37.26189 ], [ -4.46825, 37.25656 ], [ -4.47171, 37.25158 ], [ -4.47632, 37.25707 ], [ -4.48518, 37.25249 ], [ -4.48484, 37.24925 ], [ -4.47745, 37.24563 ], [ -4.48049, 37.23866 ], [ -4.49121, 37.23558 ], [ -4.48953, 37.23056 ], [ -4.49228, 37.22698 ], [ -4.49928, 37.2239 ], [ -4.49935, 37.23035 ], [ -4.51022, 37.22128 ], [ -4.52579, 37.21637 ], [ -4.53374, 37.21212 ], [ -4.54472, 37.21739 ], [ -4.55318, 37.21698 ], [ -4.56026, 37.21933 ], [ -4.56957, 37.21664 ], [ -4.57025, 37.21104 ], [ -4.57621, 37.20916 ], [ -4.58498, 37.21121 ], [ -4.59064, 37.20953 ], [ -4.59995, 37.20996 ], [ -4.60437, 37.21466 ], [ -4.60167, 37.21899 ], [ -4.59626, 37.22146 ], [ -4.59628, 37.22506 ], [ -4.60448, 37.23781 ], [ -4.61409, 37.2428 ], [ -4.61377, 37.25508 ], [ -4.62949, 37.25455 ], [ -4.64533, 37.24685 ], [ -4.65335, 37.25583 ], [ -4.66205, 37.25768 ], [ -4.66576, 37.25369 ], [ -4.67077, 37.25286 ], [ -4.67593, 37.2581 ], [ -4.68259, 37.25634 ], [ -4.68604, 37.25229 ], [ -4.69103, 37.25185 ], [ -4.69957, 37.25678 ], [ -4.71257, 37.25393 ], [ -4.71969, 37.2597 ], [ -4.73004, 37.25346 ], [ -4.73575, 37.24483 ], [ -4.72719, 37.24141 ], [ -4.71795, 37.23989 ], [ -4.72919, 37.23094 ], [ -4.73231, 37.22615 ], [ -4.72727, 37.21373 ], [ -4.71824, 37.20717 ], [ -4.71127, 37.20687 ], [ -4.71363, 37.2017 ], [ -4.70861, 37.19769 ], [ -4.73302, 37.1849 ], [ -4.76029, 37.17708 ], [ -4.76165, 37.17098 ], [ -4.77545, 37.16809 ], [ -4.78182, 37.15896 ], [ -4.79599, 37.15429 ], [ -4.80121, 37.161 ], [ -4.79922, 37.17231 ], [ -4.8064, 37.17115 ], [ -4.8153, 37.18052 ], [ -4.82266, 37.18021 ], [ -4.82742, 37.18695 ], [ -4.81935, 37.19205 ], [ -4.82591, 37.2007 ], [ -4.84228, 37.20141 ], [ -4.84707, 37.19883 ], [ -4.85387, 37.19858 ], [ -4.8537, 37.19368 ], [ -4.8589, 37.19071 ], [ -4.85908, 37.1841 ], [ -4.85589, 37.17821 ], [ -4.8567, 37.17357 ], [ -4.8755, 37.15819 ], [ -4.88088, 37.16314 ], [ -4.89066, 37.15505 ], [ -4.89762, 37.15603 ], [ -4.9003, 37.15971 ], [ -4.89658, 37.16327 ], [ -4.89783, 37.17036 ], [ -4.90403, 37.17522 ], [ -4.92153, 37.17495 ], [ -4.92516, 37.17066 ], [ -4.9396, 37.1757 ], [ -4.94267, 37.15759 ], [ -4.93585, 37.15621 ], [ -4.92468, 37.14856 ], [ -4.91202, 37.14408 ], [ -4.90284, 37.13759 ], [ -4.9058, 37.13187 ], [ -4.90837, 37.11465 ], [ -4.91697, 37.11101 ], [ -4.93074, 37.09992 ], [ -4.93698, 37.10028 ], [ -4.94644, 37.09662 ], [ -4.95395, 37.092 ], [ -4.97229, 37.07535 ], [ -4.98829, 37.06458 ], [ -5.00632, 37.05678 ], [ -5.02671, 37.05168 ], [ -5.02408, 37.04598 ], [ -5.02796, 37.04407 ], [ -5.03333, 37.04904 ], [ -5.04679, 37.03995 ], [ -5.05309, 37.0306 ], [ -5.06848, 37.03258 ], [ -5.0743, 37.02941 ], [ -5.08331, 37.03147 ], [ -5.09218, 37.02701 ], [ -5.10137, 37.02574 ], [ -5.10808, 37.0211 ], [ -5.11361, 37.0211 ], [ -5.11898, 37.02765 ], [ -5.12284, 37.02769 ], [ -5.13274, 37.01152 ], [ -5.14179, 37.00627 ], [ -5.14238, 37.00386 ], [ -5.12714, 36.99541 ], [ -5.12424, 36.99126 ], [ -5.11514, 36.98896 ], [ -5.11074, 36.98395 ], [ -5.11242, 36.97645 ], [ -5.09906, 36.97234 ], [ -5.09558, 36.9683 ], [ -5.10462, 36.96406 ], [ -5.11011, 36.95933 ], [ -5.10625, 36.95595 ], [ -5.10195, 36.94304 ], [ -5.10036, 36.93403 ], [ -5.09596, 36.92526 ], [ -5.09178, 36.92104 ], [ -5.09293, 36.91169 ], [ -5.08677, 36.90509 ], [ -5.09362, 36.90075 ], [ -5.09969, 36.90085 ], [ -5.10508, 36.89794 ], [ -5.10259, 36.89174 ], [ -5.10983, 36.8894 ], [ -5.11221, 36.88178 ], [ -5.11249, 36.87383 ], [ -5.11852, 36.86722 ], [ -5.12001, 36.86005 ], [ -5.13018, 36.84283 ], [ -5.1333, 36.8391 ], [ -5.15427, 36.83208 ], [ -5.17041, 36.82355 ], [ -5.17932, 36.82863 ], [ -5.18594, 36.82773 ], [ -5.19233, 36.83373 ], [ -5.20175, 36.83842 ], [ -5.21556, 36.84054 ], [ -5.22201, 36.84272 ], [ -5.22212, 36.85021 ], [ -5.22516, 36.85632 ], [ -5.23109, 36.86117 ], [ -5.2413, 36.86195 ], [ -5.2498, 36.86569 ], [ -5.2667, 36.87573 ], [ -5.26978, 36.88421 ], [ -5.27737, 36.87864 ], [ -5.28947, 36.87323 ], [ -5.30158, 36.86964 ], [ -5.30577, 36.85812 ], [ -5.31403, 36.85627 ], [ -5.33251, 36.8386 ], [ -5.33659, 36.82464 ], [ -5.34071, 36.81942 ], [ -5.33505, 36.81686 ], [ -5.33397, 36.81247 ], [ -5.32633, 36.8049 ], [ -5.32383, 36.79452 ], [ -5.31984, 36.78674 ], [ -5.30728, 36.78038 ], [ -5.29095, 36.77518 ], [ -5.29525, 36.76366 ], [ -5.30712, 36.75174 ], [ -5.31227, 36.73631 ], [ -5.3165, 36.73008 ], [ -5.32463, 36.72401 ], [ -5.32318, 36.71999 ], [ -5.32804, 36.70013 ], [ -5.32635, 36.69407 ], [ -5.31918, 36.69304 ], [ -5.31961, 36.6882 ], [ -5.32968, 36.68192 ], [ -5.32974, 36.67798 ], [ -5.32566, 36.67338 ], [ -5.33392, 36.67144 ], [ -5.343, 36.66024 ], [ -5.353, 36.65261 ], [ -5.36367, 36.64601 ], [ -5.36951, 36.64037 ], [ -5.38317, 36.63093 ], [ -5.40532, 36.62712 ], [ -5.41339, 36.62119 ], [ -5.4334, 36.6183 ], [ -5.4385, 36.61417 ], [ -5.45591, 36.61958 ], [ -5.45833, 36.61395 ], [ -5.45718, 36.60209 ], [ -5.46082, 36.58879 ], [ -5.46287, 36.58895 ], [ -5.47697, 36.57408 ], [ -5.48955, 36.57046 ], [ -5.49379, 36.56006 ], [ -5.50206, 36.54761 ], [ -5.51309, 36.54213 ], [ -5.51761, 36.53562 ], [ -5.52333, 36.53112 ], [ -5.53734, 36.52739 ], [ -5.53951, 36.53567 ], [ -5.5439, 36.53855 ], [ -5.55189, 36.53933 ], [ -5.56762, 36.54289 ], [ -5.57184, 36.54767 ], [ -5.57979, 36.54746 ], [ -5.59512, 36.55091 ], [ -5.60523, 36.54832 ], [ -5.61178, 36.5416 ], [ -5.61045, 36.53411 ], [ -5.60609, 36.52352 ], [ -5.60829, 36.51229 ], [ -5.59836, 36.5085 ], [ -5.58307, 36.51383 ], [ -5.57203, 36.51258 ], [ -5.56002, 36.50348 ], [ -5.54944, 36.50394 ], [ -5.5342, 36.50276 ], [ -5.52425, 36.49771 ], [ -5.5163, 36.50089 ], [ -5.5144, 36.51039 ], [ -5.49299, 36.53609 ], [ -5.49072, 36.53678 ], [ -5.47114, 36.53549 ], [ -5.46528, 36.52788 ], [ -5.46162, 36.53713 ], [ -5.45206, 36.53777 ], [ -5.42962, 36.53334 ], [ -5.42653, 36.52568 ], [ -5.41349, 36.52066 ], [ -5.41456, 36.51815 ], [ -5.40984, 36.49655 ], [ -5.40391, 36.49416 ], [ -5.39919, 36.4847 ], [ -5.3957, 36.46987 ], [ -5.37507, 36.45429 ], [ -5.36066, 36.44002 ], [ -5.35793, 36.43249 ], [ -5.35683, 36.42344 ], [ -5.34715, 36.41865 ], [ -5.33876, 36.39896 ], [ -5.3351, 36.39515 ], [ -5.33644, 36.38291 ], [ -5.33376, 36.37623 ], [ -5.33489, 36.37001 ], [ -5.32604, 36.35761 ], [ -5.32101, 36.3462 ], [ -5.31551, 36.34085 ], [ -5.32282, 36.33253 ], [ -5.32008, 36.32507 ], [ -5.29131, 36.33679 ], [ -5.27766, 36.33707 ], [ -5.26785, 36.32418 ], [ -5.2595, 36.32235 ], [ -5.25236, 36.31126 ] ] } },
{ "type": "Feature", "properties": { "CPRO": "41", "NPRO": "Sevilla", "stroke": "#787878", "stroke-width": 1.5, "stroke-opacity": 0.65 }, "geometry": { "type": "LineString", "coordinates": [ [ -6.33101, 36.8988 ], [ -6.29408, 36.90573 ], [ -6.27943, 36.91057 ], [ -6.27255, 36.90787 ], [ -6.26494, 36.89954 ], [ -6.25843, 36.89526 ], [ -6.24837, 36.89365 ], [ -6.231, 36.89811 ], [ -6.22919, 36.89595 ], [ -6.20868, 36.89343 ], [ -6.18845, 36.89359 ], [ -6.16979, 36.88803 ], [ -6.15758, 36.88603 ], [ -6.14665, 36.87857 ], [ -6.1305, 36.86979 ], [ -6.12199, 36.86379 ], [ -6.10524, 36.85742 ], [ -6.07657, 36.85352 ], [ -6.05059, 36.85344 ], [ -6.0336, 36.84884 ], [ -6.02125, 36.84747 ], [ -5.9902, 36.84549 ], [ -5.97768, 36.84551 ], [ -5.97312, 36.84419 ], [ -5.961, 36.85127 ], [ -5.95285, 36.85313 ], [ -5.94134, 36.85192 ], [ -5.92535, 36.85307 ], [ -5.91416, 36.85014 ], [ -5.89105, 36.84219 ], [ -5.88883, 36.84677 ], [ -5.89358, 36.85158 ], [ -5.87652, 36.89471 ], [ -5.8696, 36.8937 ], [ -5.85991, 36.89997 ], [ -5.85063, 36.91095 ], [ -5.84551, 36.91521 ], [ -5.83726, 36.91438 ], [ -5.82889, 36.91579 ], [ -5.80639, 36.92515 ], [ -5.79822, 36.92435 ], [ -5.79277, 36.92575 ], [ -5.77411, 36.92425 ], [ -5.763, 36.92572 ], [ -5.74402, 36.92294 ], [ -5.73631, 36.91822 ], [ -5.72586, 36.92153 ], [ -5.71701, 36.91952 ], [ -5.7032, 36.9256 ], [ -5.69618, 36.93528 ], [ -5.69359, 36.94809 ], [ -5.69461, 36.95678 ], [ -5.6858, 36.96226 ], [ -5.67714, 36.96997 ], [ -5.66612, 36.97574 ], [ -5.6584, 36.96717 ], [ -5.64967, 36.95432 ], [ -5.63283, 36.9506 ], [ -5.62614, 36.95444 ], [ -5.61854, 36.94049 ], [ -5.61057, 36.94134 ], [ -5.60589, 36.95085 ], [ -5.59556, 36.94488 ], [ -5.58711, 36.94701 ], [ -5.58569, 36.92283 ], [ -5.58369, 36.91546 ], [ -5.57925, 36.9127 ], [ -5.56404, 36.90763 ], [ -5.54732, 36.89894 ], [ -5.53382, 36.89345 ], [ -5.53936, 36.90699 ], [ -5.55085, 36.92312 ], [ -5.54612, 36.93018 ], [ -5.53635, 36.92984 ], [ -5.53212, 36.93604 ], [ -5.52479, 36.93733 ], [ -5.52096, 36.94754 ], [ -5.51528, 36.95022 ], [ -5.51153, 36.95795 ], [ -5.50234, 36.95832 ], [ -5.49888, 36.96587 ], [ -5.4902, 36.97275 ], [ -5.48097, 36.97269 ], [ -5.46973, 36.98395 ], [ -5.47024, 36.99164 ], [ -5.47339, 36.99562 ], [ -5.48364, 37.00256 ], [ -5.48723, 37.00732 ], [ -5.49505, 37.01125 ], [ -5.50331, 37.02109 ], [ -5.51049, 37.03252 ], [ -5.50011, 37.03909 ], [ -5.48334, 37.0407 ], [ -5.47312, 37.04294 ], [ -5.46485, 37.04076 ], [ -5.45945, 37.04214 ], [ -5.44791, 37.05022 ], [ -5.44187, 37.0495 ], [ -5.43369, 37.05245 ], [ -5.42774, 37.04457 ], [ -5.42714, 37.03789 ], [ -5.42143, 37.02446 ], [ -5.42011, 37.01321 ], [ -5.42599, 37.0057 ], [ -5.427, 36.99963 ], [ -5.43524, 36.99112 ], [ -5.44247, 36.98986 ], [ -5.44314, 36.98693 ], [ -5.45245, 36.98258 ], [ -5.45604, 36.97815 ], [ -5.457, 36.97069 ], [ -5.45427, 36.96089 ], [ -5.4464, 36.95719 ], [ -5.44634, 36.94682 ], [ -5.44126, 36.94396 ], [ -5.43895, 36.93529 ], [ -5.41285, 36.94066 ], [ -5.41663, 36.9443 ], [ -5.41156, 36.95605 ], [ -5.40097, 36.96273 ], [ -5.39239, 36.97328 ], [ -5.38272, 36.97908 ], [ -5.37593, 36.98 ], [ -5.3653, 36.98566 ], [ -5.36136, 36.98488 ], [ -5.35937, 36.99272 ], [ -5.34535, 36.99739 ], [ -5.33941, 37.0052 ], [ -5.3375, 37.01174 ], [ -5.32611, 37.01956 ], [ -5.30929, 37.0331 ], [ -5.3021, 37.03736 ], [ -5.30203, 37.01923 ], [ -5.30022, 37.01374 ], [ -5.29369, 37.01036 ], [ -5.28588, 37.00064 ], [ -5.27381, 36.99019 ], [ -5.26805, 36.97823 ], [ -5.26201, 36.97507 ], [ -5.25673, 36.96404 ], [ -5.2409, 36.94856 ], [ -5.23453, 36.94105 ], [ -5.22522, 36.9423 ], [ -5.21984, 36.95089 ], [ -5.21598, 36.95169 ], [ -5.2073, 36.96178 ], [ -5.20317, 36.96419 ], [ -5.19166, 36.96641 ], [ -5.18981, 36.96973 ], [ -5.1817, 36.9717 ], [ -5.17322, 36.97786 ], [ -5.16264, 36.98142 ], [ -5.1584, 36.98932 ], [ -5.14888, 36.9963 ], [ -5.14238, 37.00386 ], [ -5.14179, 37.00627 ], [ -5.13274, 37.01152 ], [ -5.12284, 37.02769 ], [ -5.11898, 37.02765 ], [ -5.11361, 37.0211 ], [ -5.10808, 37.0211 ], [ -5.10137, 37.02574 ], [ -5.09218, 37.02701 ], [ -5.08331, 37.03147 ], [ -5.0743, 37.02941 ], [ -5.06848, 37.03258 ], [ -5.05309, 37.0306 ], [ -5.04679, 37.03995 ], [ -5.03333, 37.04904 ], [ -5.02796, 37.04407 ], [ -5.02408, 37.04598 ], [ -5.02671, 37.05168 ], [ -5.00632, 37.05678 ], [ -4.98829, 37.06458 ], [ -4.97229, 37.07535 ], [ -4.95395, 37.092 ], [ -4.94644, 37.09662 ], [ -4.93698, 37.10028 ], [ -4.93074, 37.09992 ], [ -4.91697, 37.11101 ], [ -4.90837, 37.11465 ], [ -4.9058, 37.13187 ], [ -4.90284, 37.13759 ], [ -4.91202, 37.14408 ], [ -4.92468, 37.14856 ], [ -4.93585, 37.15621 ], [ -4.94267, 37.15759 ], [ -4.9396, 37.1757 ], [ -4.92516, 37.17066 ], [ -4.92153, 37.17495 ], [ -4.90403, 37.17522 ], [ -4.89783, 37.17036 ], [ -4.89658, 37.16327 ], [ -4.9003, 37.15971 ], [ -4.89762, 37.15603 ], [ -4.89066, 37.15505 ], [ -4.88088, 37.16314 ], [ -4.8755, 37.15819 ], [ -4.8567, 37.17357 ], [ -4.85589, 37.17821 ], [ -4.85908, 37.1841 ], [ -4.8589, 37.19071 ], [ -4.8537, 37.19368 ], [ -4.85387, 37.19858 ], [ -4.84707, 37.19883 ], [ -4.84228, 37.20141 ], [ -4.82591, 37.2007 ], [ -4.81935, 37.19205 ], [ -4.82742, 37.18695 ], [ -4.82266, 37.18021 ], [ -4.8153, 37.18052 ], [ -4.8064, 37.17115 ], [ -4.79922, 37.17231 ], [ -4.80121, 37.161 ], [ -4.79599, 37.15429 ], [ -4.78182, 37.15896 ], [ -4.77545, 37.16809 ], [ -4.76165, 37.17098 ], [ -4.76029, 37.17708 ], [ -4.73302, 37.1849 ], [ -4.70861, 37.19769 ], [ -4.71363, 37.2017 ], [ -4.71127, 37.20687 ], [ -4.71824, 37.20717 ], [ -4.72727, 37.21373 ], [ -4.73231, 37.22615 ], [ -4.72919, 37.23094 ], [ -4.71795, 37.23989 ], [ -4.72719, 37.24141 ], [ -4.73575, 37.24483 ], [ -4.73004, 37.25346 ], [ -4.71969, 37.2597 ], [ -4.71257, 37.25393 ], [ -4.69957, 37.25678 ], [ -4.69103, 37.25185 ], [ -4.68604, 37.25229 ], [ -4.68259, 37.25634 ], [ -4.67593, 37.2581 ], [ -4.67077, 37.25286 ], [ -4.66576, 37.25369 ], [ -4.66205, 37.25768 ], [ -4.65335, 37.25583 ], [ -4.65515, 37.26155 ], [ -4.654, 37.27185 ], [ -4.66211, 37.28374 ], [ -4.66884, 37.28574 ], [ -4.67634, 37.29056 ], [ -4.67853, 37.29706 ], [ -4.66537, 37.29989 ], [ -4.65901, 37.30508 ], [ -4.6717, 37.31042 ], [ -4.67871, 37.3084 ], [ -4.68407, 37.31536 ], [ -4.66841, 37.32441 ], [ -4.67936, 37.32955 ], [ -4.67154, 37.33151 ], [ -4.67191, 37.33499 ], [ -4.68074, 37.33552 ], [ -4.69165, 37.34144 ], [ -4.70332, 37.35009 ], [ -4.71325, 37.35257 ], [ -4.71961, 37.35828 ], [ -4.72535, 37.35176 ], [ -4.72147, 37.34936 ], [ -4.72588, 37.3448 ], [ -4.72875, 37.33569 ], [ -4.74873, 37.33091 ], [ -4.75847, 37.33383 ], [ -4.76487, 37.3379 ], [ -4.77472, 37.33482 ], [ -4.78009, 37.33541 ], [ -4.78329, 37.33002 ], [ -4.79993, 37.34449 ], [ -4.82213, 37.35819 ], [ -4.82361, 37.36876 ], [ -4.81516, 37.37227 ], [ -4.81469, 37.37753 ], [ -4.82602, 37.37908 ], [ -4.83115, 37.38629 ], [ -4.83073, 37.38985 ], [ -4.83781, 37.39835 ], [ -4.84339, 37.39948 ], [ -4.84981, 37.41066 ], [ -4.84328, 37.41402 ], [ -4.83764, 37.42324 ], [ -4.84011, 37.42761 ], [ -4.84019, 37.43486 ], [ -4.84359, 37.43727 ], [ -4.85433, 37.43939 ], [ -4.85978, 37.43785 ], [ -4.88474, 37.43798 ], [ -4.88287, 37.44483 ], [ -4.87533, 37.44975 ], [ -4.8843, 37.45469 ], [ -4.88849, 37.46084 ], [ -4.89371, 37.45946 ], [ -4.90323, 37.46655 ], [ -4.91016, 37.48025 ], [ -4.90363, 37.4873 ], [ -4.90528, 37.48996 ], [ -4.91538, 37.4855 ], [ -4.91628, 37.49215 ], [ -4.90757, 37.49528 ], [ -4.90602, 37.49984 ], [ -4.92461, 37.50038 ], [ -4.93111, 37.50558 ], [ -4.93371, 37.51097 ], [ -4.93471, 37.52019 ], [ -4.9483, 37.5211 ], [ -4.93981, 37.52858 ], [ -4.94167, 37.53386 ], [ -4.9343, 37.54099 ], [ -4.93199, 37.54624 ], [ -4.93575, 37.55144 ], [ -4.93246, 37.55364 ], [ -4.93151, 37.56304 ], [ -4.93738, 37.56983 ], [ -4.9303, 37.57568 ], [ -4.93499, 37.58302 ], [ -4.93505, 37.58749 ], [ -4.93033, 37.58983 ], [ -4.93424, 37.60001 ], [ -4.9346, 37.60857 ], [ -4.93171, 37.61733 ], [ -4.94015, 37.62124 ], [ -4.94786, 37.61513 ], [ -4.9557, 37.61423 ], [ -4.95977, 37.60934 ], [ -4.96632, 37.60999 ], [ -4.958, 37.62208 ], [ -4.95377, 37.65244 ], [ -4.96778, 37.66684 ], [ -4.97155, 37.67238 ], [ -4.97713, 37.67382 ], [ -4.98453, 37.67895 ], [ -4.98725, 37.68984 ], [ -4.9917, 37.69686 ], [ -4.99657, 37.69912 ], [ -4.99982, 37.70659 ], [ -5.04664, 37.71823 ], [ -5.05641, 37.71321 ], [ -5.07258, 37.7077 ], [ -5.07439, 37.70094 ], [ -5.07993, 37.70101 ], [ -5.08905, 37.69466 ], [ -5.08583, 37.68857 ], [ -5.09153, 37.68089 ], [ -5.09076, 37.67728 ], [ -5.08315, 37.6701 ], [ -5.07644, 37.6689 ], [ -5.0768, 37.66466 ], [ -5.08147, 37.66061 ], [ -5.08334, 37.64784 ], [ -5.0573, 37.64221 ], [ -5.05379, 37.64237 ], [ -5.0457, 37.63208 ], [ -5.03425, 37.63852 ], [ -5.0265, 37.63516 ], [ -5.03003, 37.63221 ], [ -5.02972, 37.62728 ], [ -5.03362, 37.62073 ], [ -5.02958, 37.61294 ], [ -5.03089, 37.61045 ], [ -5.04791, 37.60814 ], [ -5.0401, 37.62564 ], [ -5.04529, 37.62988 ], [ -5.08497, 37.64379 ], [ -5.08505, 37.65211 ], [ -5.08276, 37.66241 ], [ -5.09757, 37.67077 ], [ -5.09345, 37.67499 ], [ -5.10013, 37.68413 ], [ -5.10122, 37.69003 ], [ -5.10751, 37.69968 ], [ -5.11273, 37.70258 ], [ -5.12971, 37.69875 ], [ -5.11701, 37.69249 ], [ -5.11349, 37.68873 ], [ -5.11266, 37.67767 ], [ -5.1084, 37.66264 ], [ -5.11926, 37.66766 ], [ -5.12582, 37.66586 ], [ -5.13732, 37.66814 ], [ -5.15005, 37.66092 ], [ -5.15356, 37.66581 ], [ -5.16209, 37.67303 ], [ -5.17677, 37.68058 ], [ -5.20054, 37.66967 ], [ -5.21194, 37.66347 ], [ -5.22511, 37.65454 ], [ -5.23429, 37.65078 ], [ -5.25179, 37.63728 ], [ -5.27672, 37.62459 ], [ -5.29977, 37.62289 ], [ -5.31153, 37.61972 ], [ -5.32349, 37.61406 ], [ -5.32292, 37.61149 ], [ -5.33059, 37.605 ], [ -5.33665, 37.59776 ], [ -5.34393, 37.59316 ], [ -5.34377, 37.58741 ], [ -5.35186, 37.58429 ], [ -5.35688, 37.5881 ], [ -5.35786, 37.60246 ], [ -5.37227, 37.60963 ], [ -5.38091, 37.61077 ], [ -5.39194, 37.62422 ], [ -5.40116, 37.63108 ], [ -5.40148, 37.63608 ], [ -5.41151, 37.64138 ], [ -5.4136, 37.6476 ], [ -5.40254, 37.64823 ], [ -5.39663, 37.65098 ], [ -5.39375, 37.65674 ], [ -5.39722, 37.6624 ], [ -5.4047, 37.65887 ], [ -5.40963, 37.65998 ], [ -5.41301, 37.66599 ], [ -5.41419, 37.67391 ], [ -5.41238, 37.68237 ], [ -5.40804, 37.69003 ], [ -5.40369, 37.69302 ], [ -5.39342, 37.69388 ], [ -5.3859, 37.69672 ], [ -5.38322, 37.68869 ], [ -5.38454, 37.68206 ], [ -5.37873, 37.67786 ], [ -5.37432, 37.6785 ], [ -5.36816, 37.6912 ], [ -5.36047, 37.69872 ], [ -5.34346, 37.70568 ], [ -5.33686, 37.70567 ], [ -5.33152, 37.69432 ], [ -5.3257, 37.69175 ], [ -5.319, 37.70151 ], [ -5.3076, 37.69924 ], [ -5.30672, 37.70352 ], [ -5.31093, 37.70912 ], [ -5.30832, 37.71652 ], [ -5.30429, 37.72108 ], [ -5.31025, 37.74676 ], [ -5.31289, 37.75288 ], [ -5.31826, 37.75721 ], [ -5.31513, 37.7649 ], [ -5.30926, 37.76841 ], [ -5.30975, 37.77359 ], [ -5.32968, 37.77866 ], [ -5.33093, 37.7857 ], [ -5.34433, 37.7901 ], [ -5.35004, 37.79471 ], [ -5.34739, 37.80582 ], [ -5.34747, 37.81278 ], [ -5.34219, 37.82136 ], [ -5.34495, 37.8272 ], [ -5.33977, 37.83353 ], [ -5.34509, 37.83627 ], [ -5.35098, 37.84347 ], [ -5.36033, 37.84445 ], [ -5.36845, 37.85013 ], [ -5.38143, 37.85162 ], [ -5.38905, 37.85836 ], [ -5.39935, 37.86341 ], [ -5.40502, 37.86236 ], [ -5.40857, 37.86913 ], [ -5.41264, 37.87105 ], [ -5.42011, 37.88848 ], [ -5.42097, 37.893 ], [ -5.41417, 37.89847 ], [ -5.41352, 37.90485 ], [ -5.41673, 37.90705 ], [ -5.41724, 37.9212 ], [ -5.42179, 37.92818 ], [ -5.41883, 37.93634 ], [ -5.41438, 37.94156 ], [ -5.4207, 37.94783 ], [ -5.43417, 37.95515 ], [ -5.43567, 37.95799 ], [ -5.44726, 37.96145 ], [ -5.4542, 37.96662 ], [ -5.46708, 37.971 ], [ -5.47502, 37.97639 ], [ -5.47655, 37.98322 ], [ -5.48239, 37.99005 ], [ -5.49034, 37.99283 ], [ -5.49425, 37.99883 ], [ -5.49112, 38.00676 ], [ -5.49204, 38.01355 ], [ -5.48903, 38.02894 ], [ -5.49024, 38.03411 ], [ -5.49608, 38.04286 ], [ -5.51043, 38.05321 ], [ -5.51311, 38.05925 ], [ -5.52283, 38.06512 ], [ -5.52521, 38.07328 ], [ -5.53208, 38.07591 ], [ -5.53958, 38.08215 ], [ -5.53812, 38.09147 ], [ -5.53991, 38.09422 ], [ -5.55735, 38.10796 ], [ -5.58168, 38.11547 ], [ -5.58131, 38.12902 ], [ -5.58479, 38.13171 ], [ -5.60547, 38.13394 ], [ -5.62076, 38.13679 ], [ -5.63343, 38.13812 ], [ -5.64426, 38.12928 ], [ -5.64596, 38.12517 ], [ -5.66703, 38.10908 ], [ -5.66936, 38.10176 ], [ -5.69363, 38.08374 ], [ -5.71043, 38.08105 ], [ -5.71957, 38.08507 ], [ -5.7329, 38.08752 ], [ -5.73604, 38.09363 ], [ -5.73407, 38.09819 ], [ -5.7341, 38.10948 ], [ -5.73553, 38.11575 ], [ -5.74074, 38.12654 ], [ -5.73882, 38.13282 ], [ -5.7308, 38.1371 ], [ -5.71978, 38.13659 ], [ -5.71479, 38.13421 ], [ -5.70897, 38.14224 ], [ -5.70441, 38.14336 ], [ -5.69494, 38.15139 ], [ -5.70556, 38.16362 ], [ -5.70502, 38.16636 ], [ -5.69501, 38.17109 ], [ -5.68884, 38.17122 ], [ -5.68861, 38.18188 ], [ -5.69787, 38.17967 ], [ -5.69802, 38.185 ], [ -5.70505, 38.18506 ], [ -5.70848, 38.18825 ], [ -5.71473, 38.18895 ], [ -5.72323, 38.19244 ], [ -5.72816, 38.19742 ], [ -5.73258, 38.19495 ], [ -5.74201, 38.19384 ], [ -5.75916, 38.18073 ], [ -5.76113, 38.18281 ], [ -5.78299, 38.18509 ], [ -5.79116, 38.17786 ], [ -5.80034, 38.1746 ], [ -5.80265, 38.17805 ], [ -5.81124, 38.17819 ], [ -5.81979, 38.17464 ], [ -5.824, 38.16993 ], [ -5.83786, 38.17443 ], [ -5.84655, 38.17136 ], [ -5.85152, 38.17191 ], [ -5.85576, 38.16839 ], [ -5.85657, 38.1615 ], [ -5.87429, 38.15857 ], [ -5.87757, 38.15513 ], [ -5.87818, 38.13876 ], [ -5.88067, 38.13228 ], [ -5.8953, 38.13053 ], [ -5.90734, 38.12396 ], [ -5.91292, 38.12269 ], [ -5.91424, 38.11759 ], [ -5.92638, 38.10501 ], [ -5.92834, 38.08772 ], [ -5.92318, 38.08612 ], [ -5.91081, 38.0782 ], [ -5.90805, 38.06825 ], [ -5.91083, 38.06284 ], [ -5.91791, 38.05643 ], [ -5.91967, 38.04967 ], [ -5.92751, 38.05042 ], [ -5.93398, 38.04715 ], [ -5.93698, 38.04048 ], [ -5.93291, 38.03232 ], [ -5.94057, 38.01489 ], [ -5.95369, 37.99535 ], [ -5.96092, 37.99975 ], [ -5.9793, 37.99944 ], [ -5.99469, 37.99805 ], [ -6.00628, 37.99141 ], [ -6.01305, 37.9934 ], [ -6.0171, 37.99112 ], [ -6.02423, 37.99328 ], [ -6.03075, 37.99759 ], [ -6.03789, 37.99515 ], [ -6.04647, 37.99732 ], [ -6.05203, 37.99684 ], [ -6.05749, 37.99141 ], [ -6.06212, 37.99144 ], [ -6.07817, 37.98463 ], [ -6.09014, 37.98467 ], [ -6.09477, 37.98161 ], [ -6.10517, 37.98274 ], [ -6.11904, 37.98048 ], [ -6.1301, 37.97306 ], [ -6.13733, 37.97181 ], [ -6.14173, 37.96637 ], [ -6.14936, 37.9657 ], [ -6.15172, 37.95898 ], [ -6.16475, 37.95571 ], [ -6.17625, 37.94708 ], [ -6.18024, 37.94103 ], [ -6.1841, 37.92815 ], [ -6.17499, 37.91509 ], [ -6.16997, 37.90982 ], [ -6.16228, 37.91827 ], [ -6.14876, 37.91671 ], [ -6.14423, 37.92003 ], [ -6.13873, 37.90972 ], [ -6.13167, 37.90879 ], [ -6.12524, 37.90507 ], [ -6.12539, 37.90091 ], [ -6.13631, 37.89573 ], [ -6.14142, 37.88499 ], [ -6.1454, 37.8843 ], [ -6.15174, 37.87601 ], [ -6.15919, 37.87344 ], [ -6.16048, 37.86549 ], [ -6.16403, 37.86279 ], [ -6.16309, 37.8573 ], [ -6.15412, 37.85336 ], [ -6.14496, 37.85689 ], [ -6.13843, 37.84433 ], [ -6.1349, 37.84261 ], [ -6.13542, 37.83493 ], [ -6.12987, 37.83268 ], [ -6.12621, 37.8241 ], [ -6.12695, 37.81165 ], [ -6.1243, 37.80476 ], [ -6.12643, 37.79717 ], [ -6.13685, 37.79615 ], [ -6.13368, 37.78961 ], [ -6.14354, 37.78803 ], [ -6.14711, 37.79371 ], [ -6.15392, 37.79469 ], [ -6.15909, 37.79066 ], [ -6.17239, 37.79866 ], [ -6.17738, 37.79816 ], [ -6.18346, 37.80693 ], [ -6.18766, 37.80988 ], [ -6.2024, 37.80553 ], [ -6.20731, 37.79831 ], [ -6.21553, 37.79124 ], [ -6.21229, 37.78623 ], [ -6.2057, 37.76603 ], [ -6.21989, 37.75447 ], [ -6.22065, 37.74961 ], [ -6.21665, 37.74455 ], [ -6.22229, 37.74117 ], [ -6.23248, 37.73848 ], [ -6.23632, 37.7443 ], [ -6.24437, 37.74074 ], [ -6.25242, 37.74278 ], [ -6.25389, 37.74754 ], [ -6.24548, 37.74674 ], [ -6.24745, 37.7575 ], [ -6.25232, 37.76314 ], [ -6.2569, 37.76096 ], [ -6.26529, 37.76142 ], [ -6.27121, 37.75877 ], [ -6.27849, 37.75841 ], [ -6.29025, 37.76063 ], [ -6.30321, 37.76166 ], [ -6.31102, 37.76487 ], [ -6.31989, 37.76395 ], [ -6.32925, 37.75981 ], [ -6.3488, 37.75744 ], [ -6.37608, 37.75009 ], [ -6.39003, 37.74769 ], [ -6.40935, 37.74039 ], [ -6.42348, 37.73407 ], [ -6.43088, 37.72747 ], [ -6.44999, 37.7189 ], [ -6.45429, 37.72134 ], [ -6.46208, 37.72105 ], [ -6.47512, 37.72514 ], [ -6.48369, 37.72014 ], [ -6.47942, 37.71101 ], [ -6.47975, 37.70486 ], [ -6.48865, 37.69821 ], [ -6.49484, 37.68816 ], [ -6.50142, 37.6887 ], [ -6.49813, 37.68233 ], [ -6.50092, 37.67715 ], [ -6.5009, 37.66888 ], [ -6.50772, 37.66829 ], [ -6.51183, 37.66466 ], [ -6.51966, 37.66224 ], [ -6.52551, 37.66413 ], [ -6.53609, 37.65098 ], [ -6.53365, 37.64687 ], [ -6.53661, 37.64114 ], [ -6.53012, 37.63762 ], [ -6.53351, 37.62984 ], [ -6.53836, 37.62564 ], [ -6.53301, 37.61878 ], [ -6.52391, 37.61803 ], [ -6.51647, 37.6225 ], [ -6.50283, 37.62275 ], [ -6.496, 37.61827 ], [ -6.48924, 37.62016 ], [ -6.47657, 37.61934 ], [ -6.47403, 37.62233 ], [ -6.46699, 37.61988 ], [ -6.45589, 37.62288 ], [ -6.44624, 37.62101 ], [ -6.44327, 37.62335 ], [ -6.43119, 37.62029 ], [ -6.42462, 37.62177 ], [ -6.41305, 37.61935 ], [ -6.40964, 37.61457 ], [ -6.39885, 37.61254 ], [ -6.3943, 37.60476 ], [ -6.39876, 37.6003 ], [ -6.39686, 37.59052 ], [ -6.39309, 37.58769 ], [ -6.39641, 37.58309 ], [ -6.40236, 37.58032 ], [ -6.40133, 37.57552 ], [ -6.39302, 37.55711 ], [ -6.38945, 37.55164 ], [ -6.37534, 37.5464 ], [ -6.3664, 37.53453 ], [ -6.36973, 37.52856 ], [ -6.36724, 37.51828 ], [ -6.36312, 37.51491 ], [ -6.3556, 37.49996 ], [ -6.35618, 37.49617 ], [ -6.34665, 37.49342 ], [ -6.33831, 37.485 ], [ -6.33928, 37.48267 ], [ -6.33258, 37.47026 ], [ -6.33252, 37.4645 ], [ -6.32491, 37.45752 ], [ -6.32125, 37.45137 ], [ -6.31234, 37.44601 ], [ -6.30591, 37.43188 ], [ -6.30753, 37.42554 ], [ -6.31263, 37.41872 ], [ -6.32285, 37.41938 ], [ -6.32996, 37.41568 ], [ -6.35626, 37.41217 ], [ -6.36192, 37.4014 ], [ -6.35428, 37.39732 ], [ -6.35564, 37.38587 ], [ -6.36208, 37.37588 ], [ -6.35539, 37.37267 ], [ -6.34627, 37.36536 ], [ -6.3491, 37.36246 ], [ -6.36194, 37.35575 ], [ -6.36843, 37.34949 ], [ -6.37822, 37.34608 ], [ -6.38416, 37.33944 ], [ -6.37679, 37.33078 ], [ -6.37372, 37.33044 ], [ -6.35853, 37.31996 ], [ -6.34357, 37.31271 ], [ -6.33564, 37.30135 ], [ -6.33447, 37.29704 ], [ -6.3365, 37.28945 ], [ -6.34241, 37.27967 ], [ -6.33747, 37.27469 ], [ -6.34973, 37.26517 ], [ -6.35433, 37.2555 ], [ -6.35124, 37.24961 ], [ -6.35931, 37.23659 ], [ -6.35541, 37.2326 ], [ -6.34525, 37.21828 ], [ -6.34984, 37.20305 ], [ -6.35322, 37.19874 ], [ -6.35056, 37.18056 ], [ -6.34675, 37.17643 ], [ -6.33612, 37.16962 ], [ -6.34874, 37.15239 ], [ -6.35899, 37.14113 ], [ -6.35553, 37.13451 ], [ -6.34866, 37.13237 ], [ -6.34318, 37.12801 ], [ -6.34329, 37.12114 ], [ -6.34997, 37.12104 ], [ -6.36009, 37.11729 ], [ -6.35728, 37.10991 ], [ -6.37136, 37.10216 ], [ -6.38157, 37.09131 ], [ -6.38555, 37.08372 ], [ -6.38639, 37.07443 ], [ -6.38328, 37.0628 ], [ -6.38078, 37.05957 ], [ -6.37991, 37.04834 ], [ -6.37366, 37.03277 ], [ -6.36444, 37.01703 ], [ -6.35719, 37.00136 ], [ -6.35428, 36.98524 ], [ -6.36117, 36.9719 ], [ -6.3599, 36.95851 ], [ -6.36381, 36.9458 ], [ -6.3744, 36.93571 ], [ -6.37825, 36.93391 ], [ -6.37104, 36.92677 ], [ -6.35873, 36.92049 ], [ -6.3465, 36.90833 ], [ -6.33368, 36.90257 ], [ -6.33101, 36.8988 ] ] } }
]
}
